YBL005W	YBL006C
YBL005W	YBR008C
YBL005W	YDR011W
YBL005W	YDR072C
YBL005W	YDR406W
YBL005W	YDR415C
YBL005W	YDR416W
YBL005W	YDR468C
YBL005W	YDR469W
YBL005W	YGR281W
YBL005W	YJL219W
YBL005W	YJR007W
YBL005W	YKL077W
YBL005W	YML093W
YBL005W	YML095CA
YBL005W	YML096W
YBL005W	YML097C
YBL005W	YMR193W
YBL005W	YMR258C
YBL005W	YNL258C
YBL005W	YNR007C
YBL005W	YNR008W
YBL005W	YOL083W
YBL005W	YOL156W
YBL005W	YOR148C
YBL005W	YOR153W
YBL005W	YOR233W
YBL005W	YOR328W
YBL103C	YAL062W
YBL103C	YBL043W
YBL103C	YCR005C
YBL103C	YCR018CA
YBL103C	YCR019W
YBL103C	YCR020CA
YBL103C	YCR021C
YBL103C	YCR090C
YBL103C	YCR095C
YBL103C	YCR096C
YBL103C	YCR097W
YBL103C	YCR105W
YBL103C	YCR107W
YBL103C	YDL013W
YBL103C	YDL044C
YBL103C	YDL066W
YBL103C	YDL067C
YBL103C	YDL182W
YBL103C	YDR040C
YBL103C	YDR041W
YBL103C	YDR042C
YBL103C	YDR067C
YBL103C	YDR068W
YBL103C	YDR078C
YBL103C	YDR079W
YBL103C	YDR084C
YBL103C	YDR127W
YBL103C	YDR179C
YBL103C	YDR179WA
YBL103C	YDR210WD
YBL103C	YDR314C
YBL103C	YDR317W
YBL103C	YDR508C
YBL103C	YDR510W
YBL103C	YDR519W
YBL103C	YDR522C
YBL103C	YDR540C
YBL103C	YEL010W
YBL103C	YEL050C
YBL103C	YEL071W
YBL103C	YER002W
YBL103C	YER013W
YBL103C	YER044CA
YBL103C	YER069W
YBL103C	YER129W
YBL103C	YER138C
YBL103C	YFR017C
YBL103C	YGR050C
YBL103C	YGR071C
YBL103C	YGR072W
YBL103C	YGR142W
YBL103C	YGR218W
YBL103C	YGR271CA
YBL103C	YGR272C
YBL103C	YHR018C
YBL103C	YHR161C
YBL103C	YHR162W
YBL103C	YIR029W
YBL103C	YJL088W
YBL103C	YJR011C
YBL103C	YJR109C
YBL103C	YJR110W
YBL103C	YJR148W
YBL103C	YKL071W
YBL103C	YKR004C
YBL103C	YLL004W
YBL103C	YLL005C
YBL103C	YLR049C
YBL103C	YLR082C
YBL103C	YLR130C
YBL103C	YLR140W
YBL103C	YLR141W
YBL103C	YLR302C
YBL103C	YLR304C
YBL103C	YLR316C
YBL103C	YLR318W
YBL103C	YLR397C
YBL103C	YMR019W
YBL103C	YMR098C
YBL103C	YMR135WA
YBL103C	YMR178W
YBL103C	YMR193W
YBL103C	YMR227C
YBL103C	YMR228W
YBL103C	YMR251WA
YBL103C	YNL001W
YBL103C	YNL002C
YBL103C	YNL037C
YBL103C	YNL134C
YBL103C	YNR001C
YBL103C	YOL159C
YBL103C	YOR136W
YBL103C	YPL124W
YBL103C	YPL268W
YBL103C	YPR001W
YBL103C	YPR038W
YBL103C	YPR039W
YBL103C	YPR040W
YBL103C	YPR198W
YBR112C	STA1
YBR112C	YAR050W
YBR112C	YCR005C
YBR112C	YDR172W
YBR112C	YER065C
YBR112C	YHR051W
YBR112C	YHR211W
YBR112C	YIL162W
YBR112C	YJR048W
YBR112C	YML058WA
YBR182C	YAL022C
YBR182C	YBL001C
YBR182C	YBL037W
YBR182C	YBL087C
YBR182C	YBL111C
YBR182C	YBR057C
YBR182C	YBR182CA
YBR182C	YBR183W
YBR182C	YCR073C
YBR182C	YCR073WA
YBR182C	YDL060W
YBR182C	YDL061C
YBR182C	YDR350C
YBR182C	YDR351W
YBR182C	YDR366C
YBR182C	YDR368W
YBR182C	YDR420W
YBR182C	YDR543C
YBR182C	YDR544C
YBR182C	YDR545W
YBR182C	YEL054C
YBR182C	YER074W
YBR182C	YER188CA
YBR182C	YER189W
YBR182C	YGL115W
YBR182C	YGR282C
YBR182C	YGR283C
YBR182C	YHL027W
YBR182C	YHR030C
YBR182C	YHR080C
YBR182C	YHR081W
YBR182C	YHR091C
YBR182C	YHR193C
YBR182C	YHR194W
YBR182C	YIL002WA
YBR182C	YIL133C
YBR182C	YIL174W
YBR182C	YIL175W
YBR182C	YIR013C
YBR182C	YIR014W
YBR182C	YJR044C
YBR182C	YKL163W
YBR182C	YKL164C
YBR182C	YKL186C
YBR182C	YKR102W
YBR182C	YKR105C
YBR182C	YKR106W
YBR182C	YLR162WA
YBR182C	YLR389C
YBR182C	YLR390W
YBR182C	YLR392C
YBR182C	YLR393W
YBR182C	YLR394W
YBR182C	YLR463C
YBR182C	YLR465C
YBR182C	YLR467W
YBR182C	YML111W
YBR182C	YML132W
YBR182C	YML133C
YBR182C	YMR013WA
YBR182C	YMR014W
YBR182C	YMR165C
YBR182C	YNL113W
YBR182C	YNL115C
YBR182C	YNL236W
YBR182C	YNL288W
YBR182C	YNL336W
YBR182C	YNL337W
YBR182C	YNL338W
YBR182C	YNL339C
YBR182C	YOR138C
YBR182C	YOR140W
YBR182C	YOR236W
YBR182C	YOR267C
YBR182C	YOR268C
YBR182C	YOR269W
YBR182C	YPL018W
YBR182C	YPL019C
YBR182C	YPL059W
YBR182C	YPL060CA
YBR182C	YPL175W
YBR182C	YPL176C
YBR182C	YPL249CA
YBR182C	YPL251W
YBR182C	YPL253C
YBR182C	YPR124W
YBR182C	YPR198W
YBR240C	YBL001C
YBR240C	YBL107C
YBR240C	YBR092C
YBR240C	YBR094W
YBR240C	YCR018CA
YBR240C	YCR019W
YBR240C	YCR020CA
YBR240C	YDL080C
YBR240C	YDR048C
YBR240C	YDR179C
YBR240C	YDR179WA
YBR240C	YDR437W
YBR240C	YDR438W
YBR240C	YDR439W
YBR240C	YDR473C
YBR240C	YDR512C
YBR240C	YEL050C
YBR240C	YGL001C
YBR240C	YGL121C
YBR240C	YGR071C
YBR240C	YGR072W
YBR240C	YGR277C
YBR240C	YGR278W
YBR240C	YGR283C
YBR240C	YHR179W
YBR240C	YJL088W
YBR240C	YJR011C
YBR240C	YKR093W
YBR240C	YLR004C
YBR240C	YLR005W
YBR240C	YLR235C
YBR240C	YLR236C
YBR240C	YLR237W
YBR240C	YLR334C
YBR240C	YMR050C
YBR240C	YMR051C
YBR240C	YNL333W
YBR240C	YNL334C
YBR240C	YOL055C
YBR240C	YOR143C
YBR240C	YPL213W
YBR240C	YPL214C
YBR240C	YPL258C
YBR240C	YPR121W
YBR297W	YAL022C
YBR297W	YAL062W
YBR297W	YBR204C
YBR297W	YBR205W
YBR297W	YBR206W
YBR297W	YBR298C
YBR297W	YBR299W
YBR297W	YCR105W
YBR297W	YCR107W
YBR297W	YDL173W
YBR297W	YDL174C
YBR297W	YDR052C
YBR297W	YDR276C
YBR297W	YER018C
YBR297W	YER019W
YBR297W	YER134C
YBR297W	YER189W
YBR297W	YER190W
YBR297W	YFL066C
YBR297W	YFR017C
YBR297W	YHL028W
YBR297W	YHL029C
YBR297W	YIL101C
YBR297W	YJL067W
YBR297W	YJL068C
YBR297W	YJR044C
YBR297W	YLR099C
YBR297W	YLR100W
YBR297W	YLR397C
YBR297W	YLR439W
YBR297W	YMR135WA
YBR297W	YNL241C
YBR297W	YPL251W
YBR297W	YPL253C
YBR297W	YPR204W
YCL066W	STA1
YCL066W	STA2
YCL066W	STA3
YCL066W	YGL089C
YCL066W	YJR004C
YCL066W	YKL178C
YCL066W	YPL187W
YCL067C	YCL066W
YCL067C	YDR007W
YCL067C	YDR103W
YCL067C	YFL026W
YCL067C	YGL089C
YCL067C	YKL209C
YCL067C	YOR212W
YCL067C	YPL187W
YCR018C	YBR167C
YCR018C	YBR168W
YCR018C	YDR245W
YCR018C	YFR017C
YCR018C	YLL032C
YCR018C	YPL251W
YCR018C	YPL253C
YCR040W	YBL018C
YCR040W	YBR281C
YCR040W	YBR282W
YCR040W	YCR083W
YCR040W	YGL089C
YCR040W	YGL169W
YCR040W	YGL170C
YCR040W	YKL178C
YCR040W	YNL105W
YCR040W	YPL187W
YCR096C	YCR039C
YCR096C	YCR040W
YCR096C	YFL026W
YCR096C	YKL178C
YCR096C	YKL209C
YCR097W	STA1
YCR097W	STA2
YCR097W	STA3
YCR097W	YCL066W
YCR097W	YCR039C
YCR097W	YCR040W
YCR097W	YDR103W
YCR097W	YKL178C
YCR106W	YBR015C
YCR106W	YBR016W
YCR106W	YBR167C
YCR106W	YBR168W
YCR106W	YCR105W
YCR106W	YCR107W
YCR106W	YDR020C
YCR106W	YDR021W
YCR106W	YDR084C
YCR106W	YDR210WD
YCR106W	YDR372C
YCR106W	YDR373W
YCR106W	YEL004W
YCR106W	YEL005C
YCR106W	YER044C
YCR106W	YER133W
YCR106W	YER138C
YCR106W	YFL023W
YCR106W	YFL024C
YCR106W	YGL157W
YCR106W	YGR100W
YCR106W	YJL124C
YCR106W	YKL039W
YCR106W	YKL040C
YCR106W	YKL072W
YCR106W	YKL077W
YCR106W	YKL177W
YCR106W	YKL179C
YCR106W	YMR103C
YCR106W	YMR125W
YCR106W	YNL241C
YCR106W	YOL125W
YCR106W	YOL126C
YCR106W	YOL166C
YCR106W	YPL188W
YCR106W	YPR126C
YCR106W	YPR127W
YDL020C	YBL020W
YDL020C	YBL087C
YDL020C	YBR137W
YDL020C	YCL002C
YDL020C	YCL006C
YDL020C	YCL007C
YDL020C	YCL008C
YDL020C	YCL009C
YDL020C	YCL010C
YDL020C	YCR002C
YDL020C	YCR004C
YDL020C	YCR005C
YDL020C	YCR006C
YDL020C	YCR008W
YDL020C	YCR012W
YDL020C	YCR061W
YDL020C	YDL007W
YDL020C	YDL095W
YDL020C	YDL097C
YDL020C	YDL114W
YDL020C	YDL115C
YDL020C	YDL143W
YDL020C	YDL144C
YDL020C	YDL182W
YDL020C	YDR066C
YDL020C	YDR127W
YDL020C	YDR333C
YDL020C	YDR334W
YDL020C	YDR394W
YDL020C	YDR426C
YDL020C	YDR427W
YDL020C	YEL037C
YDL020C	YEL070W
YDL020C	YER012W
YDL020C	YER021W
YDL020C	YER142C
YDL020C	YER143W
YDL020C	YER163C
YDL020C	YER177W
YDL020C	YFL023W
YDL020C	YFL024C
YDL020C	YFL056C
YDL020C	YFL057C
YDL020C	YFR003C
YDL020C	YFR004W
YDL020C	YFR010W
YDL020C	YFR050C
YDL020C	YGL001C
YDL020C	YGL010W
YDL020C	YGL011C
YDL020C	YGL013C
YDL020C	YGL047W
YDL020C	YGL048C
YDL020C	YGL122C
YDL020C	YGL172W
YDL020C	YGL173C
YDL020C	YGL180W
YDL020C	YGL195W
YDL020C	YGR047C
YDL020C	YGR048W
YDL020C	YGR135W
YDL020C	YGR142W
YDL020C	YGR209C
YDL020C	YGR223C
YDL020C	YGR224W
YDL020C	YGR253C
YDL020C	YJL037W
YDL020C	YJL038C
YDL020C	YJL094C
YDL020C	YKL009W
YDL020C	YKL010C
YDL020C	YKL016C
YDL020C	YKL054C
YDL020C	YKL145W
YDL020C	YKL147C
YDL020C	YKL161C
YDL020C	YKL195W
YDL020C	YKL196C
YDL020C	YKL210W
YDL020C	YLL039C
YDL020C	YLR421C
YDL020C	YLR422W
YDL020C	YML007W
YDL020C	YML008C
YDL020C	YML048W
YDL020C	YML049C
YDL020C	YML090W
YDL020C	YML092C
YDL020C	YMR012W
YDL020C	YMR239C
YDL020C	YMR275C
YDL020C	YMR276W
YDL020C	YNL145W
YDL020C	YNL155W
YDL020C	YNL156C
YDL020C	YNL164C
YDL020C	YNL250W
YDL020C	YNL251C
YDL020C	YNL337W
YDL020C	YNL338W
YDL020C	YNL339C
YDL020C	YOL038W
YDL020C	YOR007C
YDL020C	YOR052C
YDL020C	YOR053W
YDL020C	YOR055W
YDL020C	YOR157C
YDL020C	YOR158W
YDL020C	YOR259C
YDL020C	YOR260W
YDL020C	YOR261C
YDL020C	YOR262W
YDL020C	YOR318C
YDL020C	YOR319W
YDL020C	YOR353C
YDL020C	YPR107C
YDL020C	YPR108W
YDL048C	YAL040C
YDL048C	YER189W
YDL048C	YER190W
YDL048C	YHR160C
YDL048C	YIL159W
YDL048C	YIL160C
YDL048C	YMR011W
YDL048C	YNL337W
YDL170W	YBL109W
YDL170W	YBL111C
YDL170W	YBL112C
YDL170W	YBL113C
YDL170W	YBR006W
YDL170W	YBR102C
YDL170W	YBR103W
YDL170W	YBR275C
YDL170W	YCR018CA
YDL170W	YCR019W
YDL170W	YCR039C
YDL170W	YCR040W
YDL170W	YCR041W
YDL170W	YCR105W
YDL170W	YDL068W
YDL170W	YDL071C
YDL170W	YDL154W
YDL170W	YDL210W
YDL170W	YDL239C
YDL170W	YDR084C
YDL170W	YDR129C
YDL170W	YDR210WD
YDL170W	YDR282C
YDL170W	YDR544C
YDL170W	YDR545W
YDL170W	YER189W
YDL170W	YER190W
YDL170W	YGL001C
YDL170W	YGR019W
YDL170W	YHR091C
YDL170W	YHR156C
YDL170W	YHR157W
YDL170W	YHR164C
YDL170W	YIR029W
YDL170W	YJR044C
YDL170W	YKR102W
YDL170W	YLL065W
YDL170W	YLR343W
YDL170W	YLR463C
YDL170W	YLR465C
YDL170W	YLR467W
YDL170W	YMR193W
YDL170W	YMR258C
YDL170W	YNL241C
YDL170W	YNL337W
YDL170W	YNL338W
YDL170W	YNL339C
YDL170W	YNR068C
YDL170W	YPL251W
YDL170W	YPL253C
YDR049W	YFR007W
YDR049W	YLR097C
YDR081C	YDR042C
YDR081C	YDR317W
YDR081C	YDR463W
YDR081C	YLL025W
YDR081C	YLR022C
YDR081C	YLR046C
YDR081C	YLR322W
YDR146C	YAL017W
YDR146C	YAL018C
YDR146C	YAL022C
YDR146C	YBL108CA
YDR146C	YBL108W
YDR146C	YBL111C
YDR146C	YCR018C
YDR146C	YDL030W
YDR146C	YDL114W
YDR146C	YDL115C
YDR146C	YDL117W
YDR146C	YDL119C
YDR146C	YDL173W
YDR146C	YDL174C
YDR146C	YDL179W
YDR146C	YDL223C
YDR146C	YDL224C
YDR146C	YDR112W
YDR146C	YDR345C
YDR146C	YDR397C
YDR146C	YDR398W
YDR146C	YDR543C
YDR146C	YDR545W
YDR146C	YEL076WC
YDR146C	YEL077C
YDR146C	YER138C
YDR146C	YER188CA
YDR146C	YER189W
YDR146C	YER190W
YDR146C	YFL013WA
YDR146C	YFL021W
YDR146C	YFL022C
YDR146C	YFL063W
YDR146C	YFL064C
YDR146C	YFL065C
YDR146C	YFR017C
YDR146C	YFR031CA
YDR146C	YGL108C
YDR146C	YGL139W
YDR146C	YGL140C
YDR146C	YGL226CA
YDR146C	YGL226W
YDR146C	YGR060W
YDR146C	YGR253C
YDR146C	YGR296W
YDR146C	YIL009W
YDR146C	YIL050W
YDR146C	YIL051C
YDR146C	YIL128W
YDR146C	YIL129C
YDR146C	YIL173W
YDR146C	YIR004W
YDR146C	YJL077WB
YDR146C	YJL207C
YDR146C	YJL225C
YDR146C	YJR044C
YDR146C	YKL163W
YDR146C	YKL164C
YDR146C	YKL186C
YDR146C	YLR011W
YDR146C	YLR012C
YDR146C	YLR013W
YDR146C	YLR079W
YDR146C	YLR105C
YDR146C	YLR162WA
YDR146C	YLR194C
YDR146C	YLR207W
YDR146C	YLR346C
YDR146C	YLR438CA
YDR146C	YLR439W
YDR146C	YML111W
YDR146C	YML125C
YDR146C	YML131W
YDR146C	YMR135WA
YDR146C	YMR165C
YDR146C	YMR172CA
YDR146C	YMR173W
YDR146C	YMR173WA
YDR146C	YMR251WA
YDR146C	YMR261C
YDR146C	YNL145W
YDR146C	YNL146CA
YDR146C	YNL160W
YDR146C	YNL238W
YDR146C	YNL241C
YDR146C	YNL269W
YDR146C	YNL271C
YDR146C	YNL324W
YDR146C	YNL326C
YDR146C	YNL327W
YDR146C	YNL328C
YDR146C	YNL335W
YDR146C	YNL336W
YDR146C	YOR138C
YDR146C	YOR140W
YDR146C	YOR236W
YDR146C	YPL050C
YDR146C	YPL059W
YDR146C	YPL157W
YDR146C	YPL158C
YDR146C	YPL283C
YDR146C	YPR183W
YDR213W	YBR109C
YDR213W	YBR110W
YDR213W	YCL002C
YDR213W	YCL006C
YDR213W	YCL007C
YDR213W	YCL008C
YDR213W	YCL009C
YDR213W	YCL010C
YDR213W	YCR002C
YDR213W	YCR004C
YDR213W	YCR005C
YDR213W	YCR006C
YDR213W	YCR008W
YDR213W	YCR012W
YDR213W	YDL092W
YDR213W	YDL094C
YDR213W	YDR179C
YDR213W	YDR179WA
YDR213W	YDR210WD
YDR213W	YDR282C
YDR213W	YDR372C
YDR213W	YDR373W
YDR213W	YER138C
YDR213W	YFR007W
YDR213W	YHR171W
YDR213W	YIL014W
YDR213W	YJR088C
YDR213W	YJR089W
YDR213W	YJR100C
YDR213W	YLR097C
YDR213W	YNR054C
YDR213W	YOR115C
YDR213W	YPL113C
YDR216W	YAL022C
YDR216W	YAR050W
YDR216W	YBR223C
YDR216W	YBR226C
YDR216W	YBR227C
YDR216W	YBR228W
YDR216W	YBR256C
YDR216W	YBR257W
YDR216W	YDL073W
YDR216W	YDL074C
YDR216W	YDL117W
YDR216W	YDL119C
YDR216W	YDL159WA
YDR216W	YDL240W
YDR216W	YDR071C
YDR216W	YDR084C
YDR216W	YDR210WD
YDR216W	YER133W
YDR216W	YFR007W
YDR216W	YFR044C
YDR216W	YFR045W
YDR216W	YHL032C
YDR216W	YHR028C
YDR216W	YHR155W
YDR216W	YIL146C
YDR216W	YIL160C
YDR216W	YJL023C
YDR216W	YJL203W
YDR216W	YJL204C
YDR216W	YJR140C
YDR216W	YJR141W
YDR216W	YKL016C
YDR216W	YKL071W
YDR216W	YKL197C
YDR216W	YLR064W
YDR216W	YLR121C
YDR216W	YLR125W
YDR216W	YLR330W
YDR216W	YLR365W
YDR216W	YLR366W
YDR216W	YLR367W
YDR216W	YMR303C
YDR216W	YNL100W
YDR216W	YNL122C
YDR216W	YNR006W
YDR216W	YOL086C
YDR216W	YOL164WA
YDR216W	YOR056C
YDR216W	YOR057W
YDR216W	YOR368W
YDR216W	YPL147W
YDR216W	YPL148C
YDR216W	YPR118W
YDR259C	YAR050W
YDR259C	YBL030C
YDR259C	YBL087C
YDR259C	YBL109W
YDR259C	YBL111C
YDR259C	YBL112C
YDR259C	YBL113C
YDR259C	YBR025C
YDR259C	YCR018CA
YDR259C	YCR019W
YDR259C	YCR021C
YDR259C	YCR102C
YDR259C	YCR105W
YDR259C	YCR106W
YDR259C	YCR107W
YDR259C	YDL114W
YDR259C	YDL115C
YDR259C	YDL246C
YDR259C	YDR040C
YDR259C	YDR041W
YDR259C	YDR042C
YDR259C	YDR084C
YDR259C	YDR089W
YDR259C	YDR543C
YDR259C	YDR544C
YDR259C	YDR545W
YDR259C	YEL007W
YDR259C	YEL044W
YDR259C	YEL045C
YDR259C	YEL046C
YDR259C	YEL047C
YDR259C	YEL070W
YDR259C	YER158C
YDR259C	YFL004W
YDR259C	YGL001C
YDR259C	YGL157W
YDR259C	YGR233C
YDR259C	YGR249W
YDR259C	YHR047C
YDR259C	YHR048W
YDR259C	YHR091C
YDR259C	YHR092C
YDR259C	YHR093W
YDR259C	YHR179W
YDR259C	YIL030C
YDR259C	YIL101C
YDR259C	YIL170W
YDR259C	YIL171W
YDR259C	YIL172C
YDR259C	YIR013C
YDR259C	YIR014W
YDR259C	YIR021WA
YDR259C	YIR022W
YDR259C	YIR023W
YDR259C	YIR035C
YDR259C	YIR038C
YDR259C	YJL030W
YDR259C	YJL031C
YDR259C	YJL171C
YDR259C	YJL214W
YDR259C	YJL216C
YDR259C	YJL217W
YDR259C	YJL218W
YDR259C	YJL219W
YDR259C	YJL221C
YDR259C	YJR011C
YDR259C	YJR095W
YDR259C	YJR147W
YDR259C	YJR158W
YDR259C	YKL109W
YDR259C	YKR102W
YDR259C	YLL052C
YDR259C	YLL053C
YDR259C	YLL065W
YDR259C	YLR023C
YDR259C	YLR047C
YDR259C	YLR048W
YDR259C	YLR074C
YDR259C	YLR075W
YDR259C	YLR081W
YDR259C	YLR105C
YDR259C	YLR121C
YDR259C	YLR125W
YDR259C	YLR294C
YDR259C	YLR295C
YDR259C	YLR296W
YDR259C	YLR297W
YDR259C	YLR412CA
YDR259C	YLR460C
YDR259C	YLR463C
YDR259C	YLR465C
YDR259C	YLR467W
YDR259C	YML115C
YDR259C	YML116W
YDR259C	YML131W
YDR259C	YMR013WA
YDR259C	YMR014W
YDR259C	YMR103C
YDR259C	YMR150C
YDR259C	YMR151W
YDR259C	YMR152W
YDR259C	YMR172CA
YDR259C	YMR173W
YDR259C	YMR173WA
YDR259C	YMR177W
YDR259C	YMR193W
YDR259C	YMR239C
YDR259C	YMR258C
YDR259C	YMR315W
YDR259C	YNL066W
YDR259C	YNL070W
YDR259C	YNL087W
YDR259C	YNL134C
YDR259C	YNL145W
YDR259C	YNL146CA
YDR259C	YNL241C
YDR259C	YNL288W
YDR259C	YNL337W
YDR259C	YNL338W
YDR259C	YNL339C
YDR259C	YNR067C
YDR259C	YOL151W
YDR259C	YOL156W
YDR259C	YOL157C
YDR259C	YOL159C
YDR259C	YOR029W
YDR259C	YOR030W
YDR259C	YOR047C
YDR259C	YOR050C
YDR259C	YOR181W
YDR259C	YOR236W
YDR259C	YOR284W
YDR259C	YOR318C
YDR259C	YOR319W
YDR259C	YOR369C
YDR259C	YPR063C
YDR259C	YPR126C
YDR259C	YPR127W
YDR259C	YPR202W
YDR259C	YPR203W
YDR266C	YDR372C
YDR266C	YDR373W
YDR266C	YER138C
YDR266C	YJR088C
YDR266C	YJR089W
YDR423C	YAL005C
YDR423C	YBL008W
YDR423C	YBL008WA
YDR423C	YBR126C
YDR423C	YCL026CA
YDR423C	YDL239C
YDR423C	YDR074W
YDR423C	YDR132C
YDR423C	YDR135C
YDR423C	YDR137W
YDR423C	YDR533C
YDR423C	YEL044W
YDR423C	YEL045C
YDR423C	YEL046C
YDR423C	YFL014W
YDR423C	YGR088W
YDR423C	YGR209C
YDR423C	YGR233C
YDR423C	YGR234W
YDR423C	YHR008C
YDR423C	YHR053C
YDR423C	YHR091C
YDR423C	YJL100W
YDR423C	YJL101C
YDR423C	YJR044C
YDR423C	YKL039W
YDR423C	YKL040C
YDR423C	YKL071W
YDR423C	YKL086W
YDR423C	YKL087C
YDR423C	YKL101W
YDR423C	YKL103C
YDR423C	YKL154W
YDR423C	YKL155C
YDR423C	YKR052C
YDR423C	YKR071C
YDR423C	YLL058W
YDR423C	YLL060C
YDR423C	YLL065W
YDR423C	YLL066C
YDR423C	YLR022C
YDR423C	YLR043C
YDR423C	YLR108C
YDR423C	YLR109W
YDR423C	YLR397C
YDR423C	YLR456W
YDR423C	YML100W
YDR423C	YML116W
YDR423C	YMR038C
YDR423C	YMR261C
YDR423C	YOL052CA
YDR423C	YOL117W
YDR423C	YOL119C
YDR423C	YOR173W
YDR423C	YOR202W
YDR423C	YOR208W
YDR423C	YPR048W
YDR463W	YBL104C
YDR463W	YBR043C
YDR463W	YBR068C
YDR463W	YBR167C
YDR463W	YBR168W
YDR463W	YCL012W
YDR463W	YCL014W
YDR463W	YCL018W
YDR463W	YCL024W
YDR463W	YCL025C
YDR463W	YCR018CA
YDR463W	YCR019W
YDR463W	YCR095C
YDR463W	YCR096C
YDR463W	YDL152W
YDR463W	YDL181W
YDR463W	YDL182W
YDR463W	YDR003W
YDR463W	YDR042C
YDR463W	YDR046C
YDR463W	YDR047W
YDR463W	YDR048C
YDR463W	YDR067C
YDR463W	YDR068W
YDR463W	YDR078C
YDR463W	YDR079W
YDR463W	YDR084C
YDR463W	YDR098CA
YDR463W	YDR098CB
YDR463W	YDR102C
YDR463W	YDR103W
YDR463W	YDR179C
YDR463W	YDR179WA
YDR463W	YDR473C
YDR463W	YDR494W
YDR463W	YDR508C
YDR463W	YDR510W
YDR463W	YEL044W
YDR463W	YEL045C
YDR463W	YEL046C
YDR463W	YER013W
YDR463W	YGL001C
YDR463W	YGR055W
YDR463W	YGR071C
YDR463W	YGR072W
YDR463W	YGR218W
YDR463W	YGR283C
YDR463W	YHR156C
YDR463W	YHR157W
YDR463W	YIL002WA
YDR463W	YJL085W
YDR463W	YJR011C
YDR463W	YKL161C
YDR463W	YKR004C
YDR463W	YLL004W
YDR463W	YLL005C
YDR463W	YLR094C
YDR463W	YLR261C
YDR463W	YLR262C
YDR463W	YLR302C
YDR463W	YLR428C
YDR463W	YLR430W
YDR463W	YMR019W
YDR463W	YMR227C
YDR463W	YMR228W
YDR463W	YNL267W
YDR463W	YNR049C
YDR463W	YOL057W
YDR463W	YOL058W
YDR463W	YOL125W
YDR463W	YOL126C
YDR463W	YOL159C
YDR463W	YPL059W
YDR463W	YPL060CA
YDR463W	YPL216W
YDR463W	YPL217C
YDR463W	YPL265W
YDR520C	YBR137W
YDR520C	YER036C
YDR520C	YER037W
YDR520C	YHR128W
YDR520C	YLR288C
YDR520C	YLR289W
YER028C	YBR229C
YER028C	YCR018CA
YER028C	YCR019W
YER028C	YDL246C
YER028C	YEL070W
YER028C	YER189W
YER028C	YER190W
YER028C	YFR017C
YER028C	YJR158W
YER040W	YAL040C
YER040W	YBR102C
YER040W	YBR103W
YER040W	YBR208C
YER040W	YCL063W
YER040W	YCR018CA
YER040W	YCR019W
YER040W	YDL066W
YER040W	YDL067C
YER040W	YDL170W
YER040W	YDL171C
YER040W	YDL198C
YER040W	YDL210W
YER040W	YDL215C
YER040W	YDR030C
YER040W	YDR031W
YER040W	YDR040C
YER040W	YDR041W
YER040W	YDR090C
YER040W	YDR210W
YER040W	YDR278C
YER040W	YDR508C
YER040W	YDR510W
YER040W	YDR522C
YER040W	YEL004W
YER040W	YEL005C
YER040W	YEL007W
YER040W	YEL063C
YER040W	YER002W
YER040W	YER175C
YER040W	YER176W
YER040W	YER189W
YER040W	YER190W
YER040W	YFL021W
YER040W	YFL022C
YER040W	YGL001C
YER040W	YGL254W
YER040W	YGR019W
YER040W	YGR183C
YER040W	YGR234W
YER040W	YHL016C
YER040W	YHL028W
YER040W	YHL029C
YER040W	YHR007C
YER040W	YHR018C
YER040W	YHR029C
YER040W	YHR030C
YER040W	YHR037W
YER040W	YHR051W
YER040W	YHR193C
YER040W	YHR194W
YER040W	YIR005W
YER040W	YIR027C
YER040W	YIR028W
YER040W	YIR029W
YER040W	YIR031C
YER040W	YIR032C
YER040W	YIR033W
YER040W	YJL006C
YER040W	YJL023C
YER040W	YJL088W
YER040W	YJL110C
YER040W	YJL172W
YER040W	YJL173C
YER040W	YJR109C
YER040W	YJR110W
YER040W	YJR148W
YER040W	YJR152W
YER040W	YKL103C
YER040W	YKR034W
YER040W	YKR039W
YER040W	YKR092C
YER040W	YKR093W
YER040W	YLL016W
YER040W	YLL025W
YER040W	YLR023C
YER040W	YLR047C
YER040W	YLR048W
YER040W	YLR130C
YER040W	YLR142W
YER040W	YLR257W
YER040W	YLR439W
YER040W	YMR088C
YER040W	YMR193W
YER040W	YNL141W
YER040W	YNL142W
YER040W	YNL143C
YER040W	YNR006W
YER040W	YNR068C
YER040W	YOL058W
YER040W	YOL119C
YER040W	YOL159C
YER040W	YOR102W
YER040W	YOR348C
YER040W	YOR375C
YER040W	YPL111W
YER040W	YPL265W
YER040W	YPR035W
YER040W	YPR038W
YER040W	YPR039W
YER040W	YPR040W
YER040W	YPR144C
YER040W	YPR145W
YER040W	YPR194C
YER108C	STA2
YER108C	YAR050W
YER130C	YBR097W
YER130C	YCL055W
YER130C	YCL056C
YER130C	YDL092W
YER130C	YDL094C
YER130C	YDR030C
YER130C	YDR031W
YER130C	YFR007W
YER130C	YJR088C
YER130C	YJR089W
YER130C	YLR097C
YER130C	YNL259C
YER130C	YNR054C
YER169W	YAR050W
YER169W	YBL059W
YER169W	YBL075C
YER169W	YBR036C
YER169W	YBR126C
YER169W	YCR105W
YER169W	YCR107W
YER169W	YDR067C
YER169W	YDR068W
YER169W	YDR084C
YER169W	YDR210WD
YER169W	YDR245W
YER169W	YDR282C
YER169W	YDR449C
YER169W	YDR450W
YER169W	YDR473C
YER169W	YDR484W
YER169W	YER013W
YER169W	YER138C
YER169W	YER177W
YER169W	YFR017C
YER169W	YJL067W
YER169W	YJL068C
YER169W	YJR045C
YER169W	YJR046W
YER169W	YKR062W
YER169W	YLR082C
YER169W	YLR302C
YER169W	YLR336C
YER169W	YLR338W
YER169W	YLR339C
YER169W	YLR341W
YER169W	YLR439W
YER169W	YML100W
YER169W	YNL241C
YER169W	YOR386W
YER169W	YPL014W
YER169W	YPL015C
YER169W	YPL251W
YER169W	YPL253C
YFL021W	YAL012W
YFL021W	YBL104C
YFL021W	YBR266C
YFL021W	YBR268W
YFL021W	YCR018CA
YFL021W	YCR019W
YFL021W	YCR096C
YFL021W	YDL237W
YFL021W	YDL238C
YFL021W	YDR040C
YFL021W	YDR041W
YFL021W	YDR042C
YFL021W	YDR067C
YFL021W	YDR068W
YFL021W	YDR078C
YFL021W	YDR079W
YFL021W	YDR084C
YFL021W	YDR086C
YFL021W	YDR210W
YFL021W	YDR210WD
YFL021W	YDR317W
YFL021W	YDR319C
YFL021W	YDR473C
YFL021W	YDR495C
YFL021W	YDR520C
YFL021W	YDR522C
YFL021W	YEL062W
YFL021W	YEL063C
YFL021W	YER002W
YFL021W	YER044CA
YFL021W	YFL023W
YFL021W	YFL024C
YFL021W	YGL001C
YFL021W	YGL004C
YFL021W	YGR071C
YFL021W	YGR072W
YFL021W	YGR218W
YFL021W	YGR271W
YFL021W	YHR029C
YFL021W	YHR156C
YFL021W	YHR157W
YFL021W	YHR179W
YFL021W	YIR005W
YFL021W	YIR029W
YFL021W	YJL085W
YFL021W	YJL088W
YFL021W	YJL110C
YFL021W	YJL210W
YFL021W	YJL212C
YFL021W	YJR011C
YFL021W	YJR109C
YFL021W	YJR110W
YFL021W	YKR093W
YFL021W	YKR098C
YFL021W	YLR023C
YFL021W	YLR047C
YFL021W	YLR048W
YFL021W	YLR054C
YFL021W	YLR261C
YFL021W	YLR262C
YFL021W	YLR302C
YFL021W	YML098W
YFL021W	YML099C
YFL021W	YMR019W
YFL021W	YMR098C
YFL021W	YMR178W
YFL021W	YMR193W
YFL021W	YMR227C
YFL021W	YMR228W
YFL021W	YMR258C
YFL021W	YNL001W
YFL021W	YNL002C
YFL021W	YNL038W
YFL021W	YNL142W
YFL021W	YNL143C
YFL021W	YNR049C
YFL021W	YOL159C
YFL021W	YOR154W
YFL021W	YPL188W
YFL021W	YPL216W
YFL021W	YPL217C
YGL013C	YAL001C
YGL013C	YAL022C
YGL013C	YAR002W
YGL013C	YBL005W
YGL013C	YBL087C
YGL013C	YBL109W
YGL013C	YBL111C
YGL013C	YBL112C
YGL013C	YBL113C
YGL013C	YBR008C
YGL013C	YBR040W
YGL013C	YBR057C
YGL013C	YCL074W
YGL013C	YCR105W
YGL013C	YDL082W
YGL013C	YDL083C
YGL013C	YDL147W
YGL013C	YDL148C
YGL013C	YDL223C
YGL013C	YDR011W
YGL013C	YDR072C
YGL013C	YDR282C
YGL013C	YDR332W
YGL013C	YDR366C
YGL013C	YDR368W
YGL013C	YDR406W
YGL013C	YDR543C
YGL013C	YDR544C
YGL013C	YDR545W
YGL013C	YEL054C
YGL013C	YER074W
YGL013C	YER116C
YGL013C	YER117W
YGL013C	YER188CA
YGL013C	YER189W
YGL013C	YFR017C
YGL013C	YGL103W
YGL013C	YGL104C
YGL013C	YGR038CB
YGL013C	YGR040W
YGL013C	YGR281W
YGL013C	YGR296W
YGL013C	YHL049C
YGL013C	YHR086WA
YGL013C	YHR087W
YGL013C	YHR091C
YGL013C	YHR193C
YGL013C	YHR194W
YGL013C	YHR197W
YGL013C	YIL002WA
YGL013C	YIL018W
YGL013C	YIL128W
YGL013C	YIL129C
YGL013C	YIL133C
YGL013C	YIL174W
YGL013C	YIL175W
YGL013C	YJL042W
YGL013C	YJL188C
YGL013C	YJL219W
YGL013C	YJR044C
YGL013C	YKL209C
YGL013C	YLL065W
YGL013C	YLL066C
YGL013C	YLR162WA
YGL013C	YLR207W
YGL013C	YLR462W
YGL013C	YLR463C
YGL013C	YLR464W
YGL013C	YLR465C
YGL013C	YLR466W
YGL013C	YLR467W
YGL013C	YML111W
YGL013C	YML132W
YGL013C	YML133C
YGL013C	YMR165C
YGL013C	YMR240C
YGL013C	YMR241W
YGL013C	YNL236W
YGL013C	YNL259C
YGL013C	YNL336W
YGL013C	YNL337W
YGL013C	YNL338W
YGL013C	YNL339C
YGL013C	YOL077WA
YGL013C	YOL156W
YGL013C	YOR138C
YGL013C	YOR140W
YGL013C	YOR153W
YGL013C	YOR267C
YGL013C	YOR268C
YGL013C	YOR269W
YGL013C	YOR318C
YGL013C	YOR319W
YGL013C	YOR328W
YGL013C	YPL018W
YGL013C	YPL019C
YGL013C	YPL249CA
YGL013C	YPL251W
YGL013C	YPL253C
YGL013C	YPL283C
YGL013C	YPR169W
YGL013C	YPR170C
YGL013C	YPR171W
YGL013C	YPR202W
YGL013C	YPR203W
YGL035C	MAL61
YGL035C	YBR019C
YGL035C	YBR020W
YGL035C	YBR050C
YGL035C	YBR101C
YGL035C	YBR126C
YGL035C	YCR073C
YGL035C	YCR073WA
YGL035C	YDL149W
YGL035C	YDL151C
YGL035C	YDL246C
YGL035C	YDR009W
YGL035C	YDR040C
YGL035C	YDR146C
YGL035C	YDR345C
YGL035C	YDR516C
YGL035C	YEL066W
YGL035C	YEL070W
YGL035C	YFL054C
YGL035C	YFR053C
YGL035C	YHR043C
YGL035C	YHR062C
YGL035C	YHR092C
YGL035C	YHR094C
YGL035C	YIL162W
YGL035C	YIL170W
YGL035C	YIL171W
YGL035C	YIL172C
YGL035C	YJL214W
YGL035C	YJL216C
YGL035C	YJL219W
YGL035C	YJL221C
YGL035C	YKL109W
YGL035C	YKR075C
YGL035C	YLL043W
YGL035C	YLR042C
YGL035C	YLR241W
YGL035C	YLR377C
YGL035C	YMR011W
YGL035C	YMR163C
YGL035C	YMR260C
YGL035C	YMR280C
YGL035C	YOL156W
YGL035C	YOL157C
YGL035C	YPL248C
YGL035C	YPR184W
YGL209W	YBR019C
YGL209W	YBR020W
YGL209W	YBR050C
YGL209W	YBR101C
YGL209W	YBR126C
YGL209W	YBR275C
YGL209W	YDL092W
YGL209W	YDL094C
YGL209W	YDR009W
YGL209W	YDR040C
YGL209W	YDR078C
YGL209W	YDR079W
YGL209W	YDR146C
YGL209W	YDR317W
YGL209W	YDR345C
YGL209W	YDR516C
YGL209W	YEL070W
YGL209W	YER134C
YGL209W	YFL054C
YGL209W	YGL035C
YGL209W	YHR043C
YGL209W	YHR092C
YGL209W	YHR094C
YGL209W	YIL115C
YGL209W	YIL162W
YGL209W	YJR010CA
YGL209W	YJR158W
YGL209W	YKL109W
YGL209W	YKR075C
YGL209W	YLL043W
YGL209W	YLR042C
YGL209W	YLR377C
YGL209W	YML072C
YGL209W	YMR011W
YGL209W	YMR098C
YGL209W	YMR280C
YGL209W	YMR283C
YGL209W	YNL136W
YGL209W	YNL137C
YGL209W	YOL023W
YGL209W	YOL083W
YGL209W	YPL043W
YGL209W	YPL248C
YGL254W	YAL022C
YGL254W	YCL039W
YGL254W	YCL041C
YGL254W	YCL043C
YGL254W	YDL206W
YGL254W	YDR179C
YGL254W	YDR179WA
YGL254W	YEL030W
YGL254W	YGR271CA
YGL254W	YIL002WA
YGL254W	YJR044C
YGL254W	YKL189W
YGL254W	YMR238W
YGL254W	YOR138C
YGL254W	YOR140W
YGL254W	YPL018W
YGL254W	YPL019C
YGL254W	YPL092W
YGL254W	YPL123C
YGR249W	YAL027W
YGR249W	YBL059W
YGR249W	YBR041W
YGR249W	YBR086C
YGR249W	YBR087W
YGR249W	YBR167C
YGR249W	YBR168W
YGR249W	YCR105W
YGR249W	YCR107W
YGR249W	YDR030C
YGR249W	YDR031W
YGR249W	YDR067C
YGR249W	YDR068W
YGR249W	YDR314C
YGR249W	YDR370C
YGR249W	YDR371W
YGR249W	YDR393W
YGR249W	YER007CA
YGR249W	YER133W
YGR249W	YGR073C
YGR249W	YGR075C
YGR249W	YGR168C
YGR249W	YHR072W
YGR249W	YHR072WA
YGR249W	YJL145W
YGR249W	YJR007W
YGR249W	YJR054W
YGR249W	YJR075W
YGR249W	YJR088C
YGR249W	YJR089W
YGR249W	YKL039W
YGR249W	YKL040C
YGR249W	YKL072W
YGR249W	YKR087C
YGR249W	YMR071C
YGR249W	YMR072W
YGR249W	YMR125W
YGR249W	YMR134W
YGR249W	YMR257C
YGR249W	YMR259C
YGR249W	YNR055C
YGR249W	YOR030W
YGR249W	YOR209C
YGR249W	YOR210W
YGR249W	YOR258W
YGR249W	YOR280C
YGR249W	YOR282W
YGR249W	YPL070W
YGR249W	YPL071C
YGR249W	YPL073C
YGR249W	YPL122C
YGR249W	YPR107C
YGR249W	YPR108W
YGR249W	YPR179C
YGR249W	YPR180W
YGR249W	YPR197C
YGR288W	YGR289C
YGR288W	YGR292W
YHL009C	YBL001C
YHL009C	YBR040W
YHL009C	YBR057C
YHL009C	YBR102C
YHL009C	YBR103W
YHL009C	YDL092W
YHL009C	YDL094C
YHL009C	YDL161W
YHL009C	YFR057W
YHL009C	YGL047W
YHL009C	YGL048C
YHL009C	YHR178W
YHL009C	YJR044C
YHL009C	YKL009W
YHL009C	YKL010C
YHL009C	YLR207W
YHL009C	YMR193W
YHL009C	YNL145W
YHL009C	YNL146CA
YHL009C	YNR054C
YHL027W	YAL004W
YHL027W	YAR050W
YHL027W	YBR072W
YHL027W	YCR018CA
YHL027W	YCR019W
YHL027W	YCR021C
YHL027W	YCR063W
YHL027W	YCR107W
YHL027W	YDL246C
YHL027W	YDR084C
YHL027W	YDR089W
YHL027W	YDR129C
YHL027W	YDR278C
YHL027W	YDR279W
YHL027W	YDR282C
YHL027W	YDR284C
YHL027W	YDR285W
YHL027W	YDR402C
YHL027W	YDR473C
YHL027W	YEL070W
YHL027W	YFR044C
YHL027W	YFR045W
YHL027W	YGL001C
YHL027W	YGR249W
YHL027W	YHR088W
YHL027W	YIL170W
YHL027W	YIL171W
YHL027W	YIL172C
YHL027W	YJL203W
YHL027W	YJL204C
YHL027W	YJL219W
YHL027W	YJL221C
YHL027W	YJR011C
YHL027W	YJR158W
YHL027W	YLR011W
YHL027W	YLR047C
YHL027W	YLR048W
YHL027W	YLR121C
YHL027W	YML116W
YHL027W	YMR172CA
YHL027W	YMR173W
YHL027W	YMR173WA
YHL027W	YMR258C
YHL027W	YNL087W
YHL027W	YNL265C
YHL027W	YNL285W
YHL027W	YOL115W
YHL027W	YOL156W
YHL027W	YOL157C
YHL027W	YPL188W
YHL027W	YPL241C
YHR006W	YBR040W
YHR006W	YBR068C
YHR006W	YCR039C
YHR006W	YCR040W
YHR006W	YCR041W
YHR006W	YDR048C
YHR006W	YDR101C
YHR006W	YDR102C
YHR006W	YDR103W
YHR006W	YFL002WA
YHR006W	YFL002WB
YHR006W	YFL003C
YHR006W	YFL017C
YHR006W	YLR374C
YHR124W	YBR063C
YHR124W	YCR037C
YHR124W	YDL034W
YHR124W	YDL036C
YHR124W	YDL044C
YHR124W	YDR084C
YHR124W	YGR004W
YHR124W	YGR093W
YHR124W	YGR166W
YHR124W	YJL203W
YHR124W	YJL204C
YHR124W	YMR004W
YHR124W	YMR258C
YHR124W	YOL049W
YHR124W	YOL050C
YHR124W	YPL188W
YHR178W	YBR210W
YHR178W	YDL049C
YHR178W	YDR010C
YHR178W	YDR011W
YHR178W	YDR084C
YHR178W	YDR179C
YHR178W	YDR179WA
YHR178W	YDR221W
YHR178W	YDR231C
YHR178W	YDR232W
YHR178W	YDR248C
YHR178W	YEL041W
YHR178W	YER138C
YHR178W	YGR218W
YHR178W	YHR028C
YHR178W	YHR156C
YHR178W	YHR157W
YHR178W	YHR161C
YHR178W	YHR162W
YHR178W	YHR163W
YHR178W	YHR184W
YHR178W	YIL159W
YHR178W	YIL160C
YHR178W	YJR088C
YHR178W	YJR089W
YHR178W	YKL177W
YHR178W	YKL179C
YHR178W	YLR199C
YHR178W	YLR200W
YHR178W	YLR354C
YHR178W	YLR401C
YHR178W	YLR402W
YHR178W	YMR272C
YHR178W	YMR315W
YHR178W	YNL126W
YHR178W	YPL061W
YHR178W	YPL113C
YHR178W	YPR016C
YIL036W	YBR109C
YIL036W	YBR110W
YIL036W	YBR167C
YIL036W	YBR168W
YIL036W	YBR229C
YIL036W	YBR251W
YIL036W	YDL093W
YIL036W	YDL096C
YIL036W	YDR039C
YIL036W	YDR067C
YIL036W	YDR068W
YIL036W	YDR372C
YIL036W	YDR373W
YIL036W	YER189W
YIL036W	YER190W
YIL036W	YFR007W
YIL036W	YGR040W
YIL036W	YGR289C
YIL036W	YHL036W
YIL036W	YHL037C
YIL036W	YHR171W
YIL036W	YKL077W
YIL036W	YKL177W
YIL036W	YKL179C
YIL036W	YKR060W
YIL036W	YMR125W
YIL101C	YAL012W
YIL101C	YAL040C
YIL101C	YBL043W
YIL101C	YBL095W
YIL101C	YBR025C
YIL101C	YBR057C
YIL101C	YBR073W
YIL101C	YBR182C
YIL101C	YBR183W
YIL101C	YCR021C
YIL101C	YCR105W
YIL101C	YCR107W
YIL101C	YDL246C
YIL101C	YDR317W
YIL101C	YDR543C
YIL101C	YDR544C
YIL101C	YDR545W
YIL101C	YER189W
YIL101C	YER190W
YIL101C	YFL013WA
YIL101C	YGR050C
YIL101C	YGR249W
YIL101C	YGR296W
YIL101C	YHL028W
YIL101C	YHL029C
YIL101C	YHR050W
YIL101C	YHR091C
YIL101C	YIL170W
YIL101C	YIL171W
YIL101C	YIL172C
YIL101C	YJL213W
YIL101C	YJL219W
YIL101C	YJL221C
YIL101C	YJR147W
YIL101C	YJR158W
YIL101C	YLR042C
YIL101C	YLR463C
YIL101C	YLR465C
YIL101C	YLR467W
YIL101C	YML052W
YIL101C	YML053C
YIL101C	YMR135WA
YIL101C	YMR172CA
YIL101C	YMR173W
YIL101C	YMR173WA
YIL101C	YNL037C
YIL101C	YNL087W
YIL101C	YNL337W
YIL101C	YNL338W
YIL101C	YNL339C
YIL101C	YOL156W
YIL101C	YOL157C
YIL101C	YPR126C
YIL101C	YPR127W
YIR018W	YAL060W
YIR018W	YAR029W
YIR018W	YAR047C
YIR018W	YAR050W
YIR018W	YAR066W
YIR018W	YBL005WA
YIR018W	YBL043W
YIR018W	YBL075C
YIR018W	YBL109W
YIR018W	YBL111C
YIR018W	YBL112C
YIR018W	YBL113C
YIR018W	YBR036C
YIR018W	YBR057C
YIR018W	YBR101C
YIR018W	YBR117C
YIR018W	YBR200W
YIR018W	YBR202W
YIR018W	YCL032W
YIR018W	YCL033C
YIR018W	YCL036W
YIR018W	YCL037C
YIR018W	YCL065W
YIR018W	YCL066W
YIR018W	YCL067C
YIR018W	YCR022C
YIR018W	YCR039C
YIR018W	YCR040W
YIR018W	YCR041W
YIR018W	YCR042C
YIR018W	YCR105W
YIR018W	YCR107W
YIR018W	YDL082W
YIR018W	YDL083C
YIR018W	YDL114W
YIR018W	YDL115C
YIR018W	YDL224C
YIR018W	YDR204W
YIR018W	YDR227W
YIR018W	YDR271C
YIR018W	YDR272W
YIR018W	YDR314C
YIR018W	YDR372C
YIR018W	YDR373W
YIR018W	YDR423C
YIR018W	YDR449C
YIR018W	YDR450W
YIR018W	YDR543C
YIR018W	YDR544C
YIR018W	YDR545W
YIR018W	YEL076C
YIR018W	YEL076CA
YIR018W	YER065C
YIR018W	YER066W
YIR018W	YER075C
YIR018W	YER096W
YIR018W	YER116C
YIR018W	YER117W
YIR018W	YER162C
YIR018W	YER180C
YIR018W	YER183C
YIR018W	YER188CA
YIR018W	YER189W
YIR018W	YER190W
YIR018W	YFL021W
YIR018W	YFL022C
YIR018W	YFL045C
YIR018W	YFL062W
YIR018W	YFL063W
YIR018W	YFL064C
YIR018W	YFL065C
YIR018W	YFR022W
YIR018W	YFR032C
YIR018W	YGL103W
YIR018W	YGL104C
YIR018W	YGL153W
YIR018W	YGL154C
YIR018W	YGR140W
YIR018W	YGR168C
YIR018W	YGR187C
YIR018W	YGR194C
YIR018W	YGR195W
YIR018W	YGR296W
YIR018W	YHL049C
YIR018W	YHR018C
YIR018W	YHR028C
YIR018W	YHR036W
YIR018W	YHR086WA
YIR018W	YHR087W
YIR018W	YHR091C
YIR018W	YHR103W
YIR018W	YIL018W
YIR018W	YIL066C
YIR018W	YIL128W
YIR018W	YIL129C
YIR018W	YIL133C
YIR018W	YIL174W
YIR018W	YIL175W
YIR018W	YIL177C
YIR018W	YJL042W
YIR018W	YJL188C
YIR018W	YJL189W
YIR018W	YJL190C
YIR018W	YJL225C
YIR018W	YJR008W
YIR018W	YJR044C
YIR018W	YKL019W
YIR018W	YKL020C
YIR018W	YKL100C
YIR018W	YKL101W
YIR018W	YKL102C
YIR018W	YKL210W
YIR018W	YKL211C
YIR018W	YKL217W
YIR018W	YLL065W
YIR018W	YLL066C
YIR018W	YLR039C
YIR018W	YLR162WA
YIR018W	YLR244C
YIR018W	YLR268W
YIR018W	YLR290C
YIR018W	YLR357W
YIR018W	YLR397C
YIR018W	YLR460C
YIR018W	YLR461W
YIR018W	YLR462W
YIR018W	YLR463C
YIR018W	YLR464W
YIR018W	YLR465C
YIR018W	YLR466W
YIR018W	YLR467W
YIR018W	YML038C
YIR018W	YML070W
YIR018W	YML071C
YIR018W	YML096W
YIR018W	YML097C
YIR018W	YML132W
YIR018W	YML133C
YIR018W	YMR082C
YIR018W	YMR083W
YIR018W	YMR135WA
YIR018W	YMR166C
YIR018W	YMR167W
YIR018W	YMR277W
YIR018W	YNL048W
YIR018W	YNL049C
YIR018W	YNL135C
YIR018W	YNL306W
YIR018W	YNL307C
YIR018W	YNL336W
YIR018W	YNL337W
YIR018W	YNL338W
YIR018W	YNL339C
YIR018W	YNR029C
YIR018W	YNR030W
YIR018W	YNR036C
YIR018W	YOL024W
YIR018W	YOR097C
YIR018W	YOR108W
YIR018W	YOR198C
YIR018W	YOR199W
YIR018W	YOR318C
YIR018W	YOR319W
YIR018W	YOR386W
YIR018W	YPL059W
YIR018W	YPL208W
YIR018W	YPL209C
YIR018W	YPL283C
YIR018W	YPR131C
YIR018W	YPR132W
YIR018W	YPR202W
YIR018W	YPR203W
YIR023W	YBL041W
YIR023W	YBL042C
YIR023W	YBR006W
YIR023W	YBR043C
YIR023W	YBR068C
YIR023W	YBR195C
YIR023W	YBR208C
YIR023W	YBR209W
YIR023W	YCL012W
YIR023W	YCL014W
YIR023W	YCL018W
YIR023W	YCL024W
YIR023W	YCL025C
YIR023W	YCL063W
YIR023W	YDL170W
YIR023W	YDL171C
YIR023W	YDL210W
YIR023W	YDL215C
YIR023W	YDL236W
YIR023W	YDL237W
YIR023W	YDL238C
YIR023W	YDR042C
YIR023W	YDR046C
YIR023W	YDR047W
YIR023W	YDR090C
YIR023W	YDR098CA
YIR023W	YDR098CB
YIR023W	YDR099W
YIR023W	YDR508C
YIR023W	YDR510W
YIR023W	YEL007W
YIR023W	YEL044W
YIR023W	YEL045C
YIR023W	YEL046C
YIR023W	YEL062W
YIR023W	YEL063C
YIR023W	YEL071W
YIR023W	YER013W
YIR023W	YFL021W
YIR023W	YFL022C
YIR023W	YGL203C
YIR023W	YGR018C
YIR023W	YGR019W
YIR023W	YGR055W
YIR023W	YHL016C
YIR023W	YIR027C
YIR023W	YIR028W
YIR023W	YIR029W
YIR023W	YIR031C
YIR023W	YIR032C
YIR023W	YIR033W
YIR023W	YJL088W
YIR023W	YJL133W
YIR023W	YJL172W
YIR023W	YJL173C
YIR023W	YJL210W
YIR023W	YJL212C
YIR023W	YJR109C
YIR023W	YJR110W
YIR023W	YJR148W
YIR023W	YJR152W
YIR023W	YKL103C
YIR023W	YKL118W
YIR023W	YKR038C
YIR023W	YKR039W
YIR023W	YKR092C
YIR023W	YKR093W
YIR023W	YLL032C
YIR023W	YLR031W
YIR023W	YLR094C
YIR023W	YLR138W
YIR023W	YLR142W
YIR023W	YLR257W
YIR023W	YLR304C
YIR023W	YMR088C
YIR023W	YMR098C
YIR023W	YNL142W
YIR023W	YNL143C
YIR023W	YOL058W
YIR023W	YOL119C
YIR023W	YOL125W
YIR023W	YOL126C
YIR023W	YOR221C
YIR023W	YOR222W
YIR023W	YOR375C
YIR023W	YOR376W
YIR023W	YPL123C
YIR023W	YPL265W
YIR023W	YPR035W
YIR023W	YPR038W
YIR023W	YPR039W
YIR023W	YPR040W
YIR023W	YPR124W
YIR023W	YPR144C
YIR023W	YPR145W
YIR023W	YPR194C
YJL056C	YCL065W
YJL056C	YCL066W
YJL056C	YCL067C
YJL056C	YCR039C
YJL056C	YCR040W
YJL056C	YCR041W
YJL056C	YDR545W
YJL056C	YER188CA
YJL056C	YER189W
YJL056C	YHR145C
YJL056C	YHR146W
YJL056C	YHR193C
YJL056C	YHR194W
YJL056C	YJL055W
YJL056C	YJL188C
YJL056C	YKL175W
YJL056C	YKL176C
YJL056C	YLR130C
YJL056C	YML065W
YJL056C	YML066C
YJL056C	YNL253W
YJL056C	YNL254C
YJL056C	YNL336W
YJL056C	YNL337W
YJL056C	YNL339C
YJL089W	YCR018CA
YJL089W	YCR019W
YJL089W	YDR317W
YJL089W	YDR522C
YJL089W	YER023W
YJL089W	YER065C
YJL089W	YER189W
YJL089W	YER190W
YJL089W	YGL230C
YJL089W	YJR095W
YJL089W	YKR098C
YJL089W	YLR127C
YJL089W	YLR128W
YJL089W	YLR308W
YJL089W	YLR309C
YJL089W	YLR377C
YJL089W	YLR428C
YJL089W	YLR430W
YJL089W	YMR086CA
YJL089W	YMR087W
YJL089W	YMR258C
YJL089W	YNL116W
YJL089W	YNL117W
YJL089W	YNL118C
YJL089W	YOL079W
YJL089W	YOL125W
YJL089W	YOL126C
YJL110C	YBL109W
YJL110C	YBL111C
YJL110C	YBL112C
YJL110C	YBL113C
YJL110C	YBR166C
YJL110C	YCL065W
YJL110C	YCL066W
YJL110C	YCL067C
YJL110C	YCR018CA
YJL110C	YCR019W
YJL110C	YCR039C
YJL110C	YCR040W
YJL110C	YCR041W
YJL110C	YCR096C
YJL110C	YCR105W
YJL110C	YCR107W
YJL110C	YDL210W
YJL110C	YDR040C
YJL110C	YDR041W
YJL110C	YDR084C
YJL110C	YDR279W
YJL110C	YDR415C
YJL110C	YDR416W
YJL110C	YDR543C
YJL110C	YDR544C
YJL110C	YDR545W
YJL110C	YER002W
YJL110C	YER189W
YJL110C	YER190W
YJL110C	YGL001C
YJL110C	YGL156W
YJL110C	YGR166W
YJL110C	YGR296W
YJL110C	YHR091C
YJL110C	YIL038C
YJL110C	YKL136W
YJL110C	YKR034W
YJL110C	YKR039W
YJL110C	YKR056W
YJL110C	YKR105C
YJL110C	YKR106W
YJL110C	YLL047W
YJL110C	YLL048C
YJL110C	YLL065W
YJL110C	YLR023C
YJL110C	YLR265C
YJL110C	YLR463C
YJL110C	YLR465C
YJL110C	YLR467W
YJL110C	YMR098C
YJL110C	YMR193W
YJL110C	YMR260C
YJL110C	YNL241C
YJL110C	YNL337W
YJL110C	YNL338W
YJL110C	YNL339C
YJL206C	YAR047C
YJL206C	YAR050W
YJL206C	YBR012C
YJL206C	YBR013C
YJL206C	YBR234C
YJL206C	YBR235W
YJL206C	YDR166C
YJL206C	YDR167W
YJL206C	YEL044W
YJL206C	YEL045C
YJL206C	YEL046C
YJL206C	YER142C
YJL206C	YER143W
YJL206C	YGL262W
YJL206C	YGR166W
YJL206C	YHL008C
YJL206C	YHR028C
YJL206C	YIL002WA
YJL206C	YKR066C
YJL206C	YKR067W
YJL206C	YMR257C
YJL206C	YMR259C
YJL206C	YNR071C
YJL206C	YNR072W
YJL206C	YOR368W
YJL206C	YPL014W
YJL206C	YPL015C
YJL206C	YPL274W
YJR147W	YBR166C
YJR147W	YDR030C
YJR147W	YDR031W
YJR147W	YDR056C
YJR147W	YDR057W
YJR147W	YDR080W
YJR147W	YDR210WD
YJR147W	YDR282C
YJR147W	YDR286C
YJR147W	YDR287W
YJR147W	YDR292C
YJR147W	YER013W
YJR147W	YER044C
YJR147W	YER138C
YJR147W	YER171W
YJR147W	YFR007W
YJR147W	YGR249W
YJR147W	YHR028C
YJR147W	YIL115C
YJR147W	YJR054W
YJR147W	YJR088C
YJR147W	YJR089W
YJR147W	YJR148W
YJR147W	YKL178C
YJR147W	YML072C
YJR147W	YMR019W
YJR147W	YNL014W
YJR147W	YNR054C
YJR147W	YOR115C
YJR147W	YOR240W
YJR147W	YOR263C
YJR147W	YOR265W
YJR147W	YOR368W
YKL020C	YBL008W
YKL020C	YBR099C
YKL020C	YCR018CA
YKL020C	YCR019W
YKL020C	YCR096C
YKL020C	YDR040C
YKL020C	YDR041W
YKL020C	YDR084C
YKL020C	YDR210WD
YKL020C	YDR495C
YKL020C	YFR002W
YKL020C	YGL001C
YKL020C	YJL175W
YKL020C	YJL203W
YKL020C	YJL204C
YKL020C	YJR011C
YKL020C	YJR051W
YKL020C	YLR023C
YKL020C	YLR047C
YKL020C	YLR048W
YKL020C	YMR193W
YKL020C	YMR258C
YKL020C	YNL001W
YKL020C	YNL002C
YKL020C	YOL115W
YKL020C	YOR148C
YKL020C	YPL051W
YKL038W	YDR345C
YKL038W	YER028C
YKL038W	YGL062W
YKL038W	YHR092C
YKL038W	YHR094C
YKL038W	YKR075C
YKL038W	YMR011W
YKL062W	YAL003W
YKL062W	YAL005C
YKL062W	YAL062W
YKL062W	YBL059W
YKL062W	YBL075C
YKL062W	YBL104C
YKL062W	YBL108CA
YKL062W	YBL108W
YKL062W	YBL111C
YKL062W	YBR012C
YKL062W	YBR013C
YKL062W	YBR072W
YKL062W	YBR074W
YKL062W	YBR117C
YKL062W	YBR126C
YKL062W	YBR166C
YKL062W	YBR167C
YKL062W	YBR168W
YKL062W	YBR243C
YKL062W	YBR244W
YKL062W	YCL040W
YKL062W	YCR021C
YKL062W	YCR022C
YKL062W	YCR096C
YKL062W	YDL020C
YKL062W	YDL180W
YKL062W	YDL182W
YKL062W	YDL192W
YKL062W	YDL237W
YKL062W	YDL238C
YKL062W	YDR004W
YKL062W	YDR010C
YKL062W	YDR011W
YKL062W	YDR042C
YKL062W	YDR061W
YKL062W	YDR067C
YKL062W	YDR068W
YKL062W	YDR072C
YKL062W	YDR073W
YKL062W	YDR074W
YKL062W	YDR084C
YKL062W	YDR098CA
YKL062W	YDR098CB
YKL062W	YDR102C
YKL062W	YDR103W
YKL062W	YDR210WD
YKL062W	YDR228C
YKL062W	YDR229W
YKL062W	YDR245W
YKL062W	YDR258C
YKL062W	YDR261C
YKL062W	YDR353W
YKL062W	YDR354W
YKL062W	YDR453C
YKL062W	YDR455C
YKL062W	YDR457W
YKL062W	YDR484W
YKL062W	YDR520C
YKL062W	YDR544C
YKL062W	YDR545W
YKL062W	YEL010W
YKL062W	YEL076WC
YKL062W	YEL077C
YKL062W	YER013W
YKL062W	YER044CA
YKL062W	YER062C
YKL062W	YER066CA
YKL062W	YER068W
YKL062W	YER103W
YKL062W	YER188CA
YKL062W	YER189W
YKL062W	YER190W
YKL062W	YFL014W
YKL062W	YFR031CA
YKL062W	YFR053C
YKL062W	YGR040W
YKL062W	YGR050C
YKL062W	YGR071C
YKL062W	YGR072W
YKL062W	YGR088W
YKL062W	YGR089W
YKL062W	YGR142W
YKL062W	YGR209C
YKL062W	YGR218W
YKL062W	YGR271W
YKL062W	YGR272C
YKL062W	YGR283C
YKL062W	YGR296W
YKL062W	YHL038C
YKL062W	YHR008C
YKL062W	YHR034C
YKL062W	YHR035W
YKL062W	YHR048W
YKL062W	YHR086WA
YKL062W	YHR087W
YKL062W	YHR088W
YKL062W	YHR091C
YKL062W	YHR104W
YKL062W	YHR156C
YKL062W	YHR157W
YKL062W	YIL050W
YKL062W	YIL051C
YKL062W	YIL066C
YKL062W	YIL162W
YKL062W	YIL173W
YKL062W	YIL174W
YKL062W	YIL175W
YKL062W	YIL176C
YKL062W	YIL177C
YKL062W	YJL098W
YKL062W	YJL188C
YKL062W	YJL225C
YKL062W	YJR011C
YKL062W	YJR054W
YKL062W	YJR118C
YKL062W	YKL071W
YKL062W	YKL085W
YKL062W	YKR052C
YKL062W	YKR054C
YKL062W	YKR055W
YKL062W	YKR066C
YKL062W	YKR067W
YKL062W	YLL024C
YKL062W	YLL026W
YKL062W	YLL063C
YKL062W	YLR053C
YKL062W	YLR108C
YKL062W	YLR109W
YKL062W	YLR162WA
YKL062W	YLR277C
YKL062W	YLR302C
YKL062W	YLR438CA
YKL062W	YLR439W
YKL062W	YLR462W
YKL062W	YLR463C
YKL062W	YLR464W
YKL062W	YLR465C
YKL062W	YLR466W
YKL062W	YLR467W
YKL062W	YML007W
YKL062W	YML008C
YKL062W	YML028W
YKL062W	YML057W
YKL062W	YML100W
YKL062W	YML115C
YKL062W	YML116W
YKL062W	YML125C
YKL062W	YML131W
YKL062W	YMR019W
YKL062W	YMR050C
YKL062W	YMR051C
YKL062W	YMR086CA
YKL062W	YMR087W
YKL062W	YMR098C
YKL062W	YMR105C
YKL062W	YMR119W
YKL062W	YMR119WA
YKL062W	YMR165C
YKL062W	YMR169C
YKL062W	YMR170C
YKL062W	YMR172CA
YKL062W	YMR173W
YKL062W	YMR173WA
YKL062W	YMR178W
YKL062W	YMR227C
YKL062W	YMR228W
YKL062W	YMR251WA
YKL062W	YMR315W
YKL062W	YNL001W
YKL062W	YNL002C
YKL062W	YNL006W
YKL062W	YNL007C
YKL062W	YNL134C
YKL062W	YNL135C
YKL062W	YNL160W
YKL062W	YNL241C
YKL062W	YNL336W
YKL062W	YNL337W
YKL062W	YNL339C
YKL062W	YOL052CA
YKL062W	YOL159C
YKL062W	YOR018W
YKL062W	YOR226C
YKL062W	YOR227W
YKL062W	YOR228C
YKL062W	YOR229W
YKL062W	YOR236W
YKL062W	YPL123C
YKL062W	YPL146C
YKL062W	YPL150W
YKL062W	YPL151C
YKL062W	YPL170W
YKL062W	YPL171C
YKL062W	YPL283C
YKL062W	YPR124W
YKL062W	YPR198W
YKL062W	YPR202W
YKL062W	YPR203W
YKL109W	YBL001C
YKL109W	YBL030C
YKL109W	YBL099W
YKL109W	YBL111C
YKL109W	YBR099C
YKL109W	YCL065W
YKL109W	YCL066W
YKL109W	YCL067C
YKL109W	YCR039C
YKL109W	YCR040W
YKL109W	YCR041W
YKL109W	YDL004W
YKL109W	YDL005C
YKL109W	YDL066W
YKL109W	YDL067C
YKL109W	YDL104C
YKL109W	YDL181W
YKL109W	YDL205C
YKL109W	YDR066C
YKL109W	YDR232W
YKL109W	YDR298C
YKL109W	YDR299W
YKL109W	YDR322CA
YKL109W	YDR377W
YKL109W	YDR473C
YKL109W	YDR529C
YKL109W	YDR543C
YKL109W	YDR544C
YKL109W	YDR545W
YKL109W	YER188CA
YKL109W	YER189W
YKL109W	YFL018C
YKL109W	YGL001C
YKL109W	YGR166W
YKL109W	YGR183C
YKL109W	YGR272C
YKL109W	YGR296W
YKL109W	YHL049C
YKL109W	YHR008C
YKL109W	YHR050WA
YKL109W	YHR051W
YKL109W	YHR091C
YKL109W	YHR111W
YKL109W	YHR145C
YKL109W	YHR193C
YKL109W	YHR194W
YKL109W	YIL002WA
YKL109W	YIL035C
YKL109W	YIL043C
YKL109W	YIL125W
YKL109W	YIL161W
YKL109W	YIL174W
YKL109W	YIL175W
YKL109W	YJL058C
YKL109W	YJL059W
YKL109W	YJL166W
YKL109W	YJR048W
YKL109W	YJR097W
YKL109W	YJR121W
YKL109W	YKL016C
YKL109W	YKL141W
YKL109W	YLL065W
YKL109W	YLL066C
YKL109W	YLR038C
YKL109W	YLR288C
YKL109W	YLR289W
YKL109W	YLR294C
YKL109W	YLR295C
YKL109W	YLR296W
YKL109W	YLR297W
YKL109W	YLR395C
YKL109W	YLR453C
YKL109W	YLR454W
YKL109W	YLR463C
YKL109W	YLR465C
YKL109W	YLR467W
YKL109W	YML088W
YKL109W	YML089C
YKL109W	YML091C
YKL109W	YMR256C
YKL109W	YNL052W
YKL109W	YNL054WA
YKL109W	YNL054WB
YKL109W	YNL055C
YKL109W	YNL336W
YKL109W	YNL337W
YKL109W	YNL338W
YKL109W	YNL339C
YKL109W	YNR001C
YKL109W	YOL077WA
YKL109W	YOL079W
YKL109W	YOR256C
YKL109W	YOR257W
YKL109W	YOR375C
YKL109W	YPL270W
YKL109W	YPL271W
YKL109W	YPL272C
YKL109W	YPL283C
YKL109W	YPR020W
YKL109W	YPR060C
YKL109W	YPR068C
YKL109W	YPR186C
YKL109W	YPR187W
YKL109W	YPR190C
YKL109W	YPR191W
YKR034W	YAL025C
YKR034W	YBL018C
YKR034W	YBL059W
YKR034W	YBL109W
YKR034W	YBL111C
YKR034W	YBL112C
YKR034W	YBL113C
YKR034W	YBR006W
YKR034W	YBR057C
YKR034W	YBR166C
YKR034W	YBR208C
YKR034W	YCR039C
YKR034W	YCR040W
YKR034W	YCR041W
YKR034W	YCR105W
YKR034W	YDL049C
YKR034W	YDL206W
YKR034W	YDL210W
YKR034W	YDR042C
YKR034W	YDR067C
YKR034W	YDR068W
YKR034W	YDR084C
YKR034W	YDR127W
YKR034W	YDR473C
YKR034W	YDR543C
YKR034W	YDR544C
YKR034W	YDR545W
YKR034W	YEL063C
YKR034W	YER189W
YKR034W	YER190W
YKR034W	YFL021W
YKR034W	YGR019W
YKR034W	YGR073C
YKR034W	YGR075C
YKR034W	YHL016C
YKR034W	YHR037W
YKR034W	YHR091C
YKR034W	YHR156C
YKR034W	YHR157W
YKR034W	YIR028W
YKR034W	YIR029W
YKR034W	YIR031C
YKR034W	YIR032C
YKR034W	YJL110C
YKR034W	YKL049C
YKR034W	YKR039W
YKR034W	YLR082C
YKR034W	YLR142W
YKR034W	YLR439W
YKR034W	YMR086CA
YKR034W	YMR087W
YKR034W	YMR257C
YKR034W	YNL256W
YKR034W	YNL257C
YKR034W	YNL337W
YKR034W	YNL338W
YKR034W	YNL339C
YKR034W	YOL023W
YKR034W	YOL042W
YKR034W	YOL043C
YKR034W	YOR174W
YKR034W	YOR318C
YKR034W	YOR319W
YKR034W	YOR348C
YKR034W	YOR375C
YKR034W	YPL122C
YKR064W	YBR137W
YKR064W	YHR048W
YKR064W	YJR158W
YKR064W	YMR315W
YLR013W	YBL109W
YLR013W	YBL111C
YLR013W	YBL112C
YLR013W	YBL113C
YLR013W	YCL065W
YLR013W	YCL066W
YLR013W	YCL067C
YLR013W	YCL074W
YLR013W	YCR039C
YLR013W	YCR040W
YLR013W	YCR041W
YLR013W	YDL082W
YLR013W	YDL083C
YLR013W	YDL114W
YLR013W	YDL115C
YLR013W	YDR449C
YLR013W	YDR450W
YLR013W	YDR543C
YLR013W	YDR544C
YLR013W	YDR545W
YLR013W	YEL076C
YLR013W	YEL076CA
YLR013W	YER188CA
YLR013W	YER189W
YLR013W	YFL062W
YLR013W	YFL063W
YLR013W	YFL064C
YLR013W	YFL065C
YLR013W	YGR296W
YLR013W	YHL049C
YLR013W	YHR091C
YLR013W	YIL018W
YLR013W	YIL174W
YLR013W	YIL175W
YLR013W	YIL177C
YLR013W	YJL189W
YLR013W	YJL190C
YLR013W	YJL225C
YLR013W	YJR161C
YLR013W	YLR462W
YLR013W	YLR463C
YLR013W	YLR464W
YLR013W	YLR465C
YLR013W	YLR466W
YLR013W	YLR467W
YLR013W	YML132W
YLR013W	YML133C
YLR013W	YNL336W
YLR013W	YNL337W
YLR013W	YNL338W
YLR013W	YNL339C
YLR013W	YOL166C
YLR013W	YPL283C
YLR013W	YPR202W
YLR013W	YPR203W
YLR451W	YBR068C
YLR451W	YCL018W
YLR451W	YCR018CA
YLR451W	YCR019W
YLR451W	YCR020CA
YLR451W	YDL181W
YLR451W	YDR042C
YLR451W	YDR046C
YLR451W	YDR278C
YLR451W	YDR279W
YLR451W	YER188CA
YLR451W	YER189W
YLR451W	YER190W
YLR451W	YFR007W
YLR451W	YFR032C
YLR451W	YGL001C
YLR451W	YGL009C
YLR451W	YGR184C
YLR451W	YGR190C
YLR451W	YGR271CA
YLR451W	YHR175W
YLR451W	YHR207C
YLR451W	YHR208W
YLR451W	YHR218W
YLR451W	YJL008C
YLR451W	YJR001W
YLR451W	YJR016C
YLR451W	YJR018W
YLR451W	YJR100C
YLR451W	YKL038W
YLR451W	YKL118W
YLR451W	YKL120W
YLR451W	YLL004W
YLR451W	YLL005C
YLR451W	YLR154C
YLR451W	YLR162WA
YLR451W	YLR354C
YLR451W	YLR355C
YLR451W	YLR356W
YLR451W	YML070W
YLR451W	YML071C
YLR451W	YMR014W
YLR451W	YNL288W
YLR451W	YNL336W
YLR451W	YNL337W
YLR451W	YNL339C
YLR451W	YOL013WB
YLR451W	YOR001W
YLR451W	YOR011WA
YLR451W	YOR108W
YLR451W	YOR226C
YLR451W	YOR227W
YLR451W	YOR236W
YLR451W	YOR375C
YLR451W	YPR144C
YML007W	YAL005C
YML007W	YAL012W
YML007W	YBL032W
YML007W	YBR099C
YML007W	YCR018CA
YML007W	YCR019W
YML007W	YCR102C
YML007W	YDL020C
YML007W	YDL182W
YML007W	YDL183C
YML007W	YDR010C
YML007W	YDR011W
YML007W	YDR040C
YML007W	YDR041W
YML007W	YDR074W
YML007W	YDR084C
YML007W	YDR132C
YML007W	YDR135C
YML007W	YDR259C
YML007W	YDR261C
YML007W	YDR306C
YML007W	YDR307W
YML007W	YDR308C
YML007W	YDR438W
YML007W	YDR453C
YML007W	YDR533C
YML007W	YEL044W
YML007W	YEL045C
YML007W	YEL046C
YML007W	YER048C
YML007W	YFL014W
YML007W	YFL026W
YML007W	YFL055W
YML007W	YFL056C
YML007W	YFL057C
YML007W	YFR017C
YML007W	YGR060W
YML007W	YGR088W
YML007W	YGR209C
YML007W	YGR233C
YML007W	YGR234W
YML007W	YHR008C
YML007W	YHR047C
YML007W	YHR048W
YML007W	YHR179W
YML007W	YJL047CA
YML007W	YJL098W
YML007W	YJL100W
YML007W	YJL101C
YML007W	YJL203W
YML007W	YJL204C
YML007W	YJR109C
YML007W	YJR110W
YML007W	YKL019W
YML007W	YKL020C
YML007W	YKL086W
YML007W	YKL087C
YML007W	YKR052C
YML007W	YKR054C
YML007W	YKR055W
YML007W	YKR066C
YML007W	YKR071C
YML007W	YLL058W
YML007W	YLL059C
YML007W	YLL060C
YML007W	YLR043C
YML007W	YLR074C
YML007W	YLR075W
YML007W	YLR105C
YML007W	YLR108C
YML007W	YLR109W
YML007W	YLR302C
YML007W	YLR354C
YML007W	YLR367W
YML007W	YLR438CA
YML007W	YLR439W
YML007W	YLR460C
YML007W	YLR461W
YML007W	YML028W
YML007W	YML115C
YML007W	YML116W
YML007W	YML130C
YML007W	YML131W
YML007W	YMR038C
YML007W	YMR172CA
YML007W	YMR173W
YML007W	YMR173WA
YML007W	YMR177W
YML007W	YMR193W
YML007W	YMR258C
YML007W	YNL087W
YML007W	YNL134C
YML007W	YNL241C
YML007W	YOL052CA
YML007W	YOL115W
YML007W	YOL117W
YML007W	YOL118C
YML007W	YOL119C
YML007W	YOL151W
YML007W	YOR202W
YML007W	YOR208W
YML007W	YOR236W
YML007W	YPL091W
YML007W	YPR063C
YML051W	YBR018C
YML051W	YBR019C
YML051W	YBR020W
YML051W	YDR282C
YML051W	YKL077W
YML081W	YCR018CA
YML081W	YCR019W
YML081W	YDR042C
YML081W	YDR278C
YML081W	YOR153W
YML081W	YOR236W
YML099C	YAR050W
YML099C	YBR086C
YML099C	YBR087W
YML099C	YBR094W
YML099C	YDL068W
YML099C	YDL071C
YML099C	YDL152W
YML099C	YDR084C
YML099C	YDR522C
YML099C	YER069W
YML099C	YFL023W
YML099C	YFL024C
YML099C	YFR057W
YML099C	YHR179W
YML099C	YHR193C
YML099C	YHR194W
YML099C	YHR195W
YML099C	YJL085W
YML099C	YJL088W
YML099C	YLR438W
YML099C	YML098W
YML099C	YMR086CA
YML099C	YMR087W
YML099C	YOL057W
YML099C	YOL058W
YML099C	YOL140W
YML099C	YOR304W
YML099C	YPL111W
YML099C	YPL265W
YML113W	YCR096C
YML113W	YDR084C
YML113W	YDR520C
YML113W	YDR543C
YML113W	YDR544C
YML113W	YDR545W
YML113W	YER189W
YML113W	YER190W
YML113W	YGL001C
YML113W	YGR071C
YML113W	YGR072W
YML113W	YGR296W
YML113W	YHR091C
YML113W	YJL203W
YML113W	YJL204C
YML113W	YJR011C
YML113W	YLR463C
YML113W	YLR465C
YML113W	YLR467W
YML113W	YNL337W
YML113W	YNL338W
YML113W	YNL339C
YML113W	YPL283C
YMR019W	YBR046C
YMR019W	YBR047W
YMR019W	YBR224W
YMR019W	YBR292C
YMR019W	YEL020C
YMR019W	YER066CA
YMR019W	YER068W
YMR019W	YFR041C
YMR019W	YFR042W
YMR019W	YIL166C
YMR019W	YJL193W
YMR019W	YJL195C
YMR019W	YLL055W
YMR019W	YLL056C
YMR019W	YLL058W
YMR019W	YLL059C
YMR019W	YLL060C
YMR019W	YMR031C
YMR019W	YMR032W
YMR019W	YNL117W
YMR019W	YNL118C
YMR019W	YPL215W
YMR019W	YPL243W
YMR019W	YPL244C
YMR019W	YPR129W
YMR037C	YAL003W
YMR037C	YAL005C
YMR037C	YAL060W
YMR037C	YAL062W
YMR037C	YBL059W
YMR037C	YBL075C
YMR037C	YBR012C
YMR037C	YBR013C
YMR037C	YBR117C
YMR037C	YBR126C
YMR037C	YBR166C
YMR037C	YBR167C
YMR037C	YBR168W
YMR037C	YBR243C
YMR037C	YBR244W
YMR037C	YCL040W
YMR037C	YCR021C
YMR037C	YCR096C
YMR037C	YDL180W
YMR037C	YDL182W
YMR037C	YDR003W
YMR037C	YDR010C
YMR037C	YDR011W
YMR037C	YDR013W
YMR037C	YDR042C
YMR037C	YDR067C
YMR037C	YDR068W
YMR037C	YDR074W
YMR037C	YDR078C
YMR037C	YDR079W
YMR037C	YDR084C
YMR037C	YDR098CA
YMR037C	YDR098CB
YMR037C	YDR102C
YMR037C	YDR103W
YMR037C	YDR132C
YMR037C	YDR210WD
YMR037C	YDR258C
YMR037C	YDR353W
YMR037C	YDR354W
YMR037C	YDR453C
YMR037C	YDR455C
YMR037C	YDR457W
YMR037C	YDR484W
YMR037C	YEL007W
YMR037C	YEL010W
YMR037C	YER013W
YMR037C	YER044CA
YMR037C	YER062C
YMR037C	YER066CA
YMR037C	YER068W
YMR037C	YER077C
YMR037C	YER103W
YMR037C	YER177W
YMR037C	YFL012W
YMR037C	YFL013C
YMR037C	YFL014W
YMR037C	YFR053C
YMR037C	YGL231C
YMR037C	YGR050C
YMR037C	YGR071C
YMR037C	YGR072W
YMR037C	YGR088W
YMR037C	YGR089W
YMR037C	YGR142W
YMR037C	YGR209C
YMR037C	YGR210C
YMR037C	YGR211W
YMR037C	YGR249W
YMR037C	YGR272C
YMR037C	YHL038C
YMR037C	YHR008C
YMR037C	YHR048W
YMR037C	YHR088W
YMR037C	YHR104W
YMR037C	YHR156C
YMR037C	YHR157W
YMR037C	YIL066C
YMR037C	YIL162W
YMR037C	YJL164C
YMR037C	YJR011C
YMR037C	YJR045C
YMR037C	YJR046W
YMR037C	YJR054W
YMR037C	YJR118C
YMR037C	YKL034W
YMR037C	YKL035W
YMR037C	YKL036C
YMR037C	YKL062W
YMR037C	YKL070W
YMR037C	YKL071W
YMR037C	YKL085W
YMR037C	YKL086W
YMR037C	YKL087C
YMR037C	YKR052C
YMR037C	YKR054C
YMR037C	YKR055W
YMR037C	YKR066C
YMR037C	YKR067W
YMR037C	YLL024C
YMR037C	YLL026W
YMR037C	YLL027W
YMR037C	YLL039C
YMR037C	YLR042C
YMR037C	YLR053C
YMR037C	YLR108C
YMR037C	YLR109W
YMR037C	YLR163C
YMR037C	YLR164W
YMR037C	YLR258W
YMR037C	YLR277C
YMR037C	YLR302C
YMR037C	YML007W
YMR037C	YML008C
YMR037C	YML028W
YMR037C	YML100W
YMR037C	YML116W
YMR037C	YMR019W
YMR037C	YMR086CA
YMR037C	YMR087W
YMR037C	YMR105C
YMR037C	YMR137C
YMR037C	YMR138W
YMR037C	YMR169C
YMR037C	YMR170C
YMR037C	YMR172CA
YMR037C	YMR173W
YMR037C	YMR173WA
YMR037C	YMR177W
YMR037C	YMR178W
YMR037C	YMR227C
YMR037C	YMR228W
YMR037C	YMR315W
YMR037C	YNL001W
YMR037C	YNL002C
YMR037C	YNL006W
YMR037C	YNL007C
YMR037C	YNL134C
YMR037C	YNL155W
YMR037C	YNL156C
YMR037C	YNL158W
YMR037C	YNL159C
YMR037C	YNL160W
YMR037C	YOL052CA
YMR037C	YOL159C
YMR037C	YOR018W
YMR037C	YOR043W
YMR037C	YOR226C
YMR037C	YOR227W
YMR037C	YOR238W
YMR037C	YPL123C
YMR037C	YPR124W
YMR037C	YPR198W
YMR042W	YCR018CA
YMR042W	YCR019W
YMR042W	YDR048C
YMR042W	YDR210WD
YMR042W	YDR434W
YMR042W	YEL050C
YMR042W	YEL071W
YMR042W	YER048C
YMR042W	YER069W
YMR042W	YFL023W
YMR042W	YFL024C
YMR042W	YJL088W
YMR042W	YJL175W
YMR042W	YLR438W
YMR042W	YMR031C
YMR042W	YMR032W
YMR042W	YNL050C
YMR042W	YOL058W
YMR042W	YOL140W
YMR042W	YOR073W
YMR042W	YPL111W
YMR042W	YPL265W
YMR182C	YBL111C
YMR182C	YDR543C
YMR182C	YDR545W
YMR182C	YER188CA
YMR182C	YER189W
YMR182C	YHR091C
YMR182C	YIL174W
YMR182C	YIL175W
YMR182C	YNL336W
YMR182C	YNL337W
YMR182C	YNL338W
YMR182C	YNL339C
YMR182C	YPL283C
YMR280C	YER065C
YMR280C	YJL089W
YMR280C	YJR095W
YMR280C	YKL217W
YMR280C	YLR377C
YMR280C	YNL117W
YMR280C	YOL126C
YOL028C	YAL012W
YOL028C	YBL027W
YOL028C	YBL028C
YOL028C	YBR008C
YOL028C	YBR046C
YOL028C	YBR047W
YOL028C	YBR068C
YOL028C	YBR174C
YOL028C	YBR176W
YOL028C	YBR254C
YOL028C	YBR255W
YOL028C	YCR018CA
YOL028C	YCR019W
YOL028C	YCR102C
YOL028C	YDL020C
YOL028C	YDL124W
YOL028C	YDL125C
YOL028C	YDL204W
YOL028C	YDL205C
YOL028C	YDL218W
YOL028C	YDL233W
YOL028C	YDL234C
YOL028C	YDL239C
YOL028C	YDR010C
YOL028C	YDR011W
YOL028C	YDR040C
YOL028C	YDR041W
YOL028C	YDR042C
YOL028C	YDR084C
YOL028C	YDR132C
YOL028C	YDR135C
YOL028C	YDR137W
YOL028C	YDR181C
YOL028C	YDR182W
YOL028C	YDR278C
YOL028C	YDR317W
YOL028C	YDR361C
YOL028C	YDR486C
YOL028C	YDR533C
YOL028C	YEL050C
YOL028C	YER141W
YOL028C	YER147C
YOL028C	YER148W
YOL028C	YFL056C
YOL028C	YFL057C
YOL028C	YGR039W
YOL028C	YGR144W
YOL028C	YGR209C
YOL028C	YGR223C
YOL028C	YGR224W
YOL028C	YGR234W
YOL028C	YHR007C
YOL028C	YHR008C
YOL028C	YHR029C
YOL028C	YHR048W
YOL028C	YHR053C
YOL028C	YHR111W
YOL028C	YHR133C
YOL028C	YHR134W
YOL028C	YHR179W
YOL028C	YHR191C
YOL028C	YHR192W
YOL028C	YIR005W
YOL028C	YIR031C
YOL028C	YJL030W
YOL028C	YJL031C
YOL028C	YJL052W
YOL028C	YJL088W
YOL028C	YJL100W
YOL028C	YJL101C
YOL028C	YJR109C
YOL028C	YJR110W
YOL028C	YJR122W
YOL028C	YKL039W
YOL028C	YKL040C
YOL028C	YKL071W
YOL028C	YKL086W
YOL028C	YKL087C
YOL028C	YKL103C
YOL028C	YKL157W
YOL028C	YKR043C
YOL028C	YKR044W
YOL028C	YKR052C
YOL028C	YKR071C
YOL028C	YKR098C
YOL028C	YLL052C
YOL028C	YLL053C
YOL028C	YLL054C
YOL028C	YLL060C
YOL028C	YLR022C
YOL028C	YLR023C
YOL028C	YLR047C
YOL028C	YLR048W
YOL028C	YLR049C
YOL028C	YLR074C
YOL028C	YLR075W
YOL028C	YLR108C
YOL028C	YLR109W
YOL028C	YLR193C
YOL028C	YLR254C
YOL028C	YLR297W
YOL028C	YLR298C
YOL028C	YLR299W
YOL028C	YLR460C
YOL028C	YML086C
YOL028C	YML116W
YOL028C	YML131W
YOL028C	YMR031WA
YOL028C	YMR038C
YOL028C	YMR119W
YOL028C	YMR119WA
YOL028C	YMR177W
YOL028C	YMR193W
YOL028C	YMR258C
YOL028C	YMR316CB
YOL028C	YMR318C
YOL028C	YNL087W
YOL028C	YNL134C
YOL028C	YNL212W
YOL028C	YNL213C
YOL028C	YNL239W
YOL028C	YNL240C
YOL028C	YNL249C
YOL028C	YNL261W
YOL028C	YOL058W
YOL028C	YOL119C
YOL028C	YOL151W
YOL028C	YOR008C
YOL028C	YOR162C
YOL028C	YOR173W
YOL028C	YOR226C
YOL028C	YOR227W
YOL028C	YPL091W
YOL028C	YPL170W
YOL028C	YPL171C
YOL028C	YPR048W
YOL028C	YPR085C
YOL028C	YPR086W
YOL028C	YPR118W
YOL067C	YBL097W
YOL067C	YBR167C
YOL067C	YBR168W
YOL067C	YCR005C
YOL067C	YCR018CA
YOL067C	YCR019W
YOL067C	YCR096C
YOL067C	YDL192W
YOL067C	YDR042C
YOL067C	YDR084C
YOL067C	YDR210WD
YOL067C	YDR322CA
YOL067C	YEL010W
YOL067C	YEL071W
YOL067C	YER013W
YOL067C	YGL254W
YOL067C	YGR071C
YOL067C	YGR072W
YOL067C	YGR271W
YOL067C	YGR272C
YOL067C	YHR156C
YOL067C	YHR157W
YOL067C	YJR011C
YOL067C	YJR100C
YOL067C	YKL071W
YOL067C	YLR053C
YOL067C	YLR261C
YOL067C	YLR262C
YOL067C	YLR277C
YOL067C	YLR302C
YOL067C	YLR304C
YOL067C	YLR397C
YOL067C	YMR019W
YOL067C	YMR098C
YOL067C	YMR126C
YOL067C	YMR178W
YOL067C	YMR227C
YOL067C	YMR228W
YOL067C	YNL001W
YOL067C	YNL002C
YOL067C	YNL037C
YOL067C	YNR001C
YOL067C	YNR049C
YOL067C	YOL159C
YOL067C	YOR136W
YOL067C	YPR198W
YOL089C	YCR096C
YOL089C	YCR097W
YOL089C	YCR102C
YOL089C	YCR102WA
YOL089C	YCR104W
YOL089C	YCR108C
YOL089C	YDL068W
YOL089C	YDL071C
YOL089C	YDR042C
YOL089C	YDR084C
YOL089C	YDR098CA
YOL089C	YDR098CB
YOL089C	YDR099W
YOL089C	YER048C
YOL089C	YER134C
YOL089C	YGL001C
YOL089C	YGR071C
YOL089C	YGR072W
YOL089C	YGR218W
YOL089C	YGR271CA
YOL089C	YGR271W
YOL089C	YHR218W
YOL089C	YJL008C
YOL089C	YJR011C
YOL089C	YJR013W
YOL089C	YKL062W
YOL089C	YLR050C
YOL089C	YLR154C
YOL089C	YLR460C
YOL089C	YLR461W
YOL089C	YMR019W
YOL089C	YMR118C
YOL089C	YMR258C
YOL089C	YNL038W
YOL089C	YNL050C
YOL089C	YNL134C
YOL089C	YNL336W
YOL089C	YNL337W
YOL089C	YNL339C
YOL089C	YOL084W
YOL089C	YOL086C
YOL089C	YOL159C
YOL089C	YOR001W
YOL089C	YPR198W
YOL116W	STA1
YOL116W	STA2
YOL116W	STA3
YOL116W	YBL041W
YOL116W	YBL042C
YOL116W	YFL014W
YOL116W	YKL189W
YOL116W	YKR038C
YOL116W	YNL028W
YOL116W	YPR035W
YOR140W	YIL162W
YOR162C	YDL092W
YOR162C	YDL094C
YOR162C	YDR080W
YOR162C	YDR279W
YOR162C	YDR286C
YOR162C	YDR287W
YOR162C	YER013W
YOR162C	YER134C
YOR162C	YER138C
YOR162C	YGR184C
YOR162C	YHR171W
YOR162C	YIL043C
YOR162C	YJR088C
YOR162C	YJR089W
YOR162C	YML072C
YOR162C	YNR054C
YOR162C	YOL099C
YOR162C	YOR188W
YOR162C	YOR353C
YOR162C	YOR368W
YPL248C	MEL1
YPL248C	YAL049C
YPL248C	YAR002CA
YPL248C	YAR002W
YPL248C	YAR003W
YPL248C	YAR008W
YPL248C	YBL109W
YPL248C	YBL111C
YPL248C	YBL112C
YPL248C	YBL113C
YPL248C	YBR015C
YPL248C	YBR016W
YPL248C	YBR017C
YPL248C	YBR018C
YPL248C	YBR019C
YPL248C	YBR020W
YPL248C	YBR021W
YPL248C	YBR022W
YPL248C	YBR057C
YPL248C	YBR211C
YPL248C	YBR212W
YPL248C	YCL065W
YPL248C	YCL066W
YPL248C	YCL067C
YPL248C	YCR020CA
YPL248C	YCR105W
YPL248C	YCR107W
YPL248C	YDL034W
YPL248C	YDL036C
YPL248C	YDL149W
YPL248C	YDL151C
YPL248C	YDL154W
YPL248C	YDR005C
YPL248C	YDR006C
YPL248C	YDR007W
YPL248C	YDR008C
YPL248C	YDR009W
YPL248C	YDR010C
YPL248C	YDR011W
YPL248C	YDR277C
YPL248C	YDR491C
YPL248C	YDR493W
YPL248C	YDR544C
YPL248C	YDR545W
YPL248C	YEL056W
YPL248C	YEL057C
YPL248C	YER188CA
YPL248C	YER189W
YPL248C	YER190W
YPL248C	YGR102C
YPL248C	YGR103W
YPL248C	YGR172C
YPL248C	YGR173W
YPL248C	YGR296W
YPL248C	YHR091C
YPL248C	YJL008C
YPL248C	YJR044C
YPL248C	YJR048W
YPL248C	YLL065W
YPL248C	YLL066C
YPL248C	YLR076C
YPL248C	YLR077W
YPL248C	YLR080W
YPL248C	YLR081W
YPL248C	YLR082C
YPL248C	YLR357W
YPL248C	YLR397C
YPL248C	YML051W
YPL248C	YML052W
YPL248C	YML053C
YPL248C	YMR086CA
YPL248C	YMR087W
YPL248C	YMR105C
YPL248C	YMR135WA
YPL248C	YNL073W
YPL248C	YNL074C
YPL248C	YNL336W
YPL248C	YNL337W
YPL248C	YNL339C
YPL248C	YNR081W
YPL248C	YOR119C
YPL248C	YOR120W
YPL248C	YOR138C
YPL248C	YOR140W
YPL248C	YPR194C
YPR196W	YDR543C
YPR196W	YER189W
YPR196W	YER190W
YPR196W	YNL337W
YPR199C	YAL017W
YPR199C	YAL018C
YPR199C	YAL062W
YPR199C	YBR040W
YPR199C	YCR039C
YPR199C	YCR040W
YPR199C	YCR041W
YPR199C	YCR096C
YPR199C	YCR107W
YPR199C	YDR052C
YPR199C	YDR210WD
YPR199C	YDR317W
YPR199C	YER007CA
YPR199C	YGR190C
YPR199C	YHR195W
YPR199C	YJR044C
YPR199C	YLR022C
YPR199C	YLR082C
YPR199C	YLR397C
YPR199C	YML048WA
YPR199C	YMR086CA
YPR199C	YMR087W
YPR199C	YMR135WA
YPR199C	YMR257C
