Aatf	Bak1
Aatf	Bax
Aatf	Bbc3
Aatf	Tpt1
Abl1	Trp73
Aebp2	Jarid2
Aes	Ihh
Aire	Bmp2
Aire	F11
Apc	Myc
Apc	Spp1
Apex1	Apod
Apex1	Blk
Apex1	Ccl12
Apex1	Nfkb1
Apex1	Pax5
Apex1	Ptgs2
Apex1	Rela
Apex1	Tlr4
Arid3a	Cr2
Arid3a	Igh
Arid3b	Igh
Arl6ip5	Parp1
Arl6ip5	Xrcc1
Arntl2	Thbd
Ash1l	Tgfb1
Ash1l	Timp1
Atf1	Cebpb
Atf1	Hspa5
Atf1	Nudt1
Atf1	Thbs1
Atf2	Ccnd1
Atf2	Cebpa
Atf2	Entpd1
Atf2	Fgf21
Atf2	Fos
Atf2	Gabrb3
Atf2	Il23a
Atf2	Rela
Atf2	Rhob
Atf2	Serpinb5
Atf2	Tnf
Atf2	Ucp1
Atf3	Atf3
Atf3	Ccnd1
Atf3	Il12b
Atf3	Il6
Atf3	Sort1
Atf3	Tnfrsf10b
Atf4	Bglap3
Atf4	Cdkn1b
Atf4	Ddr2
Atf4	Fgf2
Atf4	Hspa5
Atf4	Ihh
Atf4	Il6
Atf4	Mcm7
Atf4	Mir106b
Atf4	Sphk2
Atf4	Trib3
Atf6	Hspa5
Atf6	Wbp1
Bach1	Hbb
Bach1	Hmox1
Bach1	Mmp1a
Bach2	Prdm1
Barx2	Acta2
Barx2	L1cam
Barx2	Pax1
Batf2	Ccl5
Batf2	Nos2
Batf2	Tnf
Batf3	Irf8
Bcl11b	Bcl2l1
Bcl11b	Cdkn1b
Bcl11b	Foxp3
Bcl11b	Gfi1
Bcl11b	Il10
Bcl11b	Runx3
Bcl11b	Zbtb7b
Bcl3	Ccnd1
Bcl3	Ctsl
Bcl3	Cxcl10
Bcl3	Fbxo32
Bcl3	Ifng
Bcl3	Il23a
Bcl3	Nfkb1
Bcl3	Nfkb2
Bcl3	Nos1
Bcl3	Runx1
Bcl3	Tnf
Bcl3	Tnfaip3
Bcl3	Tnfrsf12a
Bcl3	Trim63
Bcl3	Ubc
Bcl6	Batf
Bcl6	Bcl6
Bcl6	Cdkn1b
Bcl6	Cdkn2b
Bcl6	Csf1r
Bcl6	Gadd45a
Bcl6	Gata3
Bcl6	Hdac7
Bcl6	Ifng
Bcl6	Il17a
Bcl6	Il9
Bcl6	Mir21a
Bcl6	Myc
Bcl6	Prdm1
Bcl6	Rorc
Bcl6	Socs2
Bcl6	Tbx21
Bcl6b	Rbpj
Bmi1	Cdk1
Bmi1	Cdkn2a
Bmi1	Cdkn2d
Bmi1	E4f1
Bmi1	Ikzf1
Bmi1	Nfkb1
Bmi1	Pmaip1
Bmi1	Pten
Bmp6	Mycn
Brca1	Akt1
Brca1	Mad2l1
Brca1	Mdm2
Brca1	Rad51
Brca1	Sirt1
Brca1	Tpt1
Btg2	Creb1
Bub3	Apod
Cbfa2t3	Epb42
Cbx6	Ccne1
Ccnd1	Cdkn2a
Cd7	Nfkb1
Cdx4	Hoxa9
Cebpa	Abca3
Cebpa	Alb
Cebpa	Aldh3a1
Cebpa	Apod
Cebpa	Bcl2
Cebpa	Cflar
Cebpa	Clu
Cebpa	Crabp2
Cebpa	Elane
Cebpa	Il12b
Cebpa	Il4
Cebpa	Lpin1
Cebpa	Mstn
Cebpa	Nfkb1
Cebpa	Nos2
Cebpa	Pck1
Cebpa	Prtn3
Cebpa	Ptgs2
Cebpa	Slc2a4
Cebpa	Spi1
Cebpa	Zbtb16
Cebpb	Abl1
Cebpb	Abl2
Cebpb	Alb
Cebpb	Aldh3a1
Cebpb	Atf3
Cebpb	Bcl2
Cebpb	Btg2
Cebpb	Cebpa
Cebpb	Clu
Cebpb	Cr2
Cebpb	Csf1r
Cebpb	Csf3
Cebpb	Csn2
Cebpb	Cxcr4
Cebpb	Cyr61
Cebpb	Fos
Cebpb	Foxf1
Cebpb	Gsta2
Cebpb	H2-K1
Cebpb	Hgf
Cebpb	Id2
Cebpb	Il1b
Cebpb	Il5ra
Cebpb	Il6
Cebpb	Insr
Cebpb	Mafb
Cebpb	Myc
Cebpb	Pck1
Cebpb	Ppargc1a
Cebpb	Ptgs1
Cebpb	Ptgs2
Cebpb	Slc10a1
Cebpb	Snrpn
Cebpb	Socs3
Cebpb	Ucp1
Cebpe	Mxd1
Cebpg	Cebpa
Cebpg	Cebpb
Cebpg	Il6
Chd4	Cd4
Chd4	Id2
Chd4	Jun
Chd4	Ngfr
Chd7	Jag1
Chd7	Mycn
Chd7	Sox11
Chd8	Brca1
Chd8	Myc
Chd8	Stat3
Ciita	Col1a2
Ciita	Nfatc1
Ciita	Oscar
Cnot3	Myc
Cnot3	Zfx
Cnot7	Tob1
Creb1	Acsl4
Creb1	Bcl2
Creb1	Cftr
Creb1	Cldn11
Creb1	Crtc2
Creb1	Entpd1
Creb1	Esr1
Creb1	Etv2
Creb1	Etv3
Creb1	Fos
Creb1	Hspa5
Creb1	Il10
Creb1	Ldha
Creb1	Mif
Creb1	Nf1
Creb1	Nfkbiz
Creb1	Nmnat2
Creb1	Noct
Creb1	Nrf1
Creb1	Pde3b
Creb1	Penk
Creb1	Ppargc1a
Creb1	Ppm1d
Creb1	Prkce
Creb1	Ptgs2
Creb1	Nectin2
Creb1	Ren1
Creb1	Slc20a1
Creb3	Apoa4
Creb3	Herpud1
Creb3l1	Gcm1
Creb3l1	Mmp3
Creb3l1	Slc1a4
Creb3l3	Hamp
Creb3l3	Smurf1
Crebbp	Alx1
Crebbp	Bcl2
Crebbp	Birc5
Crebbp	Tdgf1
Crebbp	Crebbp
Crebbp	Cryab
Crebbp	Cyp11a1
Crebbp	Ep300
Crebbp	Esr1
Crebbp	F7
Crebbp	Fos
Crebbp	Fosb
Crebbp	Foxp3
Crebbp	Fth1
Crebbp	Gh
Crebbp	Grip1
Crebbp	Hgf
Crebbp	Hmox1
Crebbp	Ifnb1
Crebbp	Il6
Crebbp	Krt16
Crebbp	Ldha
Crebbp	Med1
Crebbp	Hinfp
Crebbp	Mt1
Crebbp	Myh1
Crebbp	Nfkb1
Crebbp	Nfya
Crebbp	Nfyb
Crebbp	Npas2
Crebbp	Rs1
Crebbp	Setdb1
Crebbp	Socs3
Crebbp	Spib
Crebbp	Sst
Crebbp	Star
Crebbp	Tnf
Crem	Ren1
Crtc1	Creb1
Csf1	Cd36
Csf2	Itgb3
Ctf1	Tgfb1
Ctr9	Il6
Cux1	Atp6v1e2
Cux1	Ccna2
Cux1	Cdkn1b
Cux1	Dctn6
Cux1	Fam89b
Cux1	Hist2h4
Cux1	Mar1
Cux1	Myc
Cux1	Ncam1
Cux1	Pola1
Cux1	Sis
Cux2	Cdkn1b
Dab2	Axin1
Dach1	Ccnd1
Dach1	Cdkn1b
Dach1	Cxcl15
Dach1	Klf4
Dach1	Lin28a
Daxx	Birc2
Daxx	Birc3
Daxx	Mapk8ip1
Ddit3	Bbc3
Ddit3	Nos3
Ddx5	Igf2
Ddx54	Mbp
Ddx58	Ifnb1
Dlx3	Dspp
Dlx3	Hsd3b6
Dlx3	Mmp9
Dlx3	Pgf
Dmap1	Bmi1
Dmtf1	Areg
Dmtf1	Ccnd2
Dmtf1	Cdkn2a
Dmtf1	Egr1
Dmtf1	Ets1
Dmtf1	Ets2
Dmtf1	Junb
Dmtf1	Tsp1
Dnajc2	Id1
Dnmt1	Dnmt1
Dnmt1	Mt1
Dnmt1	Epcam
Dnmt3a	Dpp6
Dnmt3a	Ifng
Dnmt3a	Mdm2
Dnmt3a	Mt1
Dnmt3a	Rb1
Dnmt3a	Vtn
Dnmt3b	Vtn
E2f1	Apaf1
E2f1	Atm
E2f1	Atp6v1e2
E2f1	Bcl2
E2f1	Bid
E2f1	Bin1
E2f1	Bmi1
E2f1	Ccna2
E2f1	Ccnd1
E2f1	Cdkn2a
E2f1	Cdkn2c
E2f1	Ddb2
E2f1	Dhfr
E2f1	Dlx1
E2f1	Dnmt1
E2f1	Egr1
E2f1	Fbn2
E2f1	Gins3
E2f1	Hinfp
E2f1	Hmga1
E2f1	Mcl1
E2f1	Mcm8
E2f1	Mertk
E2f1	Mxd3
E2f1	Mycn
E2f1	Myh10
E2f1	Nfe2l2
E2f1	Nfkb1
E2f1	Nos2
E2f1	Nox4
E2f1	Npat
E2f1	Nrp1
E2f1	Pcna
E2f1	Pdgfra
E2f1	Pdk4
E2f1	Pola1
E2f1	Pura
E2f1	Rb1
E2f1	Siva1
E2f1	Tapbp
E2f1	Tgfb2
E2f1	Tk1
E2f1	Tlr3
E2f1	Tpt1
E2f1	Trp73
E2f1	Vegfa
E2f3	Cdkn2a
E2f3	Ddb2
E2f3	Fgf2
E2f3	Igf2
E2f3	Mycn
E2f3	Pmp2
E2f3	Tfe3
E2f4	Brca1
E2f4	Fgf2
E2f4	Map1lc3b
E2f4	Mybl2
E2f4	Mycn
E2f4	Plk4
E2f4	Rad51
E2f4	Rb1
E2f4	Stmn1
E2f8	E2f1
E4f1	Ccna2
E4f1	Ids
Ebf1	Blk
Ebf1	Cd79a
Ebf1	Igll1
Ebf1	Omp
Ebf1	Pax5
Ebf1	Tac4
Ebf1	Zfp423
Ebf1	Zfp521
Edn1	Ren1
Egr1	Ache
Egr1	Bax
Egr1	Birc5
Egr1	Bnip3
Egr1	Cacna1h
Egr1	Cat
Egr1	Ccl2
Egr1	Ccnd1
Egr1	Ccnd2
Egr1	Cdk5r1
Egr1	Cdkn1c
Egr1	Cdkn2d
Egr1	Chrna7
Egr1	Crebbp
Egr1	Cxcl2
Egr1	Eno1
Egr1	F3
Egr1	Fas
Egr1	Fgf2
Egr1	Gadd45a
Egr1	Gadd45b
Egr1	Ggps1
Egr1	Gnrh1
Egr1	Hsd11b2
Egr1	Icam1
Egr1	Id3
Egr1	Ifngr1
Egr1	Igf1r
Egr1	Il1b
Egr1	Il2
Egr1	Il4
Egr1	Itga7
Egr1	Itgb6
Egr1	Jun
Egr1	Jund
Egr1	Lhb
Egr1	Ltb
Egr1	Map1lc3b
Egr1	Mapk14
Egr1	Mapk8
Egr1	Met
Egr1	Mmp14
Egr1	Mmp9
Egr1	Ndrg1
Egr1	Ngb
Egr1	Ngfr
Egr1	Nr4a1
Egr1	Ntrk1
Egr1	Pnmt
Egr1	Ppp1r1b
Egr1	Pten
Egr1	Ptges
Egr1	Ptges2
Egr1	Ptprz1
Egr1	Rcan1
Egr1	Smad7
Egr1	Socs1
Egr1	Stim1
Egr1	Syn2
Egr1	Tgfbr2
Egr1	Th
Egr1	Thbs1
Egr1	Tk1
Egr1	Tnf
Egr1	Trp73
Egr1	Wnt4
Egr1	Il12a
Egr2	Cbl
Egr2	Cebpb
Egr2	Fasl
Egr2	Hoxa2
Egr2	Hoxb1
Egr2	Hoxb2
Egr2	Id2
Egr2	Id4
Egr2	Il2rb
Egr2	Mpz
Egr2	Nab1
Egr2	Nab2
Egr2	Ncmap
Egr2	Zbtb16
Egr3	Fasl
Egr3	Ifngr1
Egr3	Ngfr
Egr4	Nfkb1
Egr4	Slc12a5
Ehf	Tlr11
Ehmt1	Ccnd1
Ehmt2	Ccnd1
Ehmt2	Fgf21
Ehmt2	Wnt10a
Eif2ak2	Stat1
Elf1	Cd1d1
Elf1	Csf1r
Elf1	Dntt
Elf1	Epha7
Elf1	Fcer1a
Elf1	Fcer1g
Elf1	Fli1
Elf1	Il3
Elf1	Lyl1
Elf1	Rhox5
Elf1	Tal1
Elf1	Tollip
Elf2	Cd3d
Elf3	Angpt1
Elf3	Tgfb1
Elf3	Tgfbr2
Elf3	Tlr11
Elf5	Ccnd2
Elf5	Stat5a
Elk1	Egr1
Elk1	Fos
Elk1	Hmox1
Elk1	Il6
Elk1	Mylk
Elk1	Mylk3
Elk1	Tbp
Elk3	Nos2
Elk3	Pcyt1a
Ell3	Zeb1
Ell3	Zeb2
Emx2	Alx1
En1	Elf1
En1	Pax5
En1	Wnt7a
En2	Pax5
Eomes	Ebf1
Eomes	Il17a
Eomes	Mesp1
Eomes	Prf1
Eomes	Rorc
Ep300	Aldh3a1
Ep300	Birc5
Ep300	COX2
Ep300	Cav3
Ep300	Ccnb2
Ep300	Ccnd1
Ep300	Chrne
Ep300	Col1a2
Ep300	Cpt1b
Ep300	Creb1
Ep300	Cryab
Ep300	Dnmt1
Ep300	Edn1
Ep300	F7
Ep300	Fasn
Ep300	Flt4
Ep300	Fn1
Ep300	Fos
Ep300	Hmox1
Ep300	Hrh4
Ep300	Il6
Ep300	Irf2
Ep300	Irs1
Ep300	Klf5
Ep300	Ldha
Ep300	Hinfp
Ep300	Mmp2
Ep300	Mmp9
Ep300	Mt1
Ep300	Myb
Ep300	Nos2
Ep300	Npas2
Ep300	Npr1
Ep300	Nr1h4
Ep300	Ptgs2
Ep300	Rs1
Ep300	Scd1
Ep300	Smad3
Ep300	Socs3
Ep300	Spp1
Ep300	Stat5a
Ep300	Tapbp
Ep300	Tff2
Ep300	Tnfsf10
Ep300	Tnfsf13b
Ep300	Txnip
Ep300	Wnt4
Epc1	Tagln
Epor	Cish
Erg	Cdh5
Erg	Erg
Erg	Icam2
Erg	Lyl1
Erg	Vim
Erg	Vwf
Esr1	Bmp2
Esr1	Casp12
Esr1	Ccnd1
Esr1	F12
Esr1	Fasl
Esr1	Fos
Esr1	H19
Esr1	Igf1
Esr1	Ltf
Esr1	Myc
Esr1	Nell2
Esr1	Nrf1
Esr1	Pik3r1
Esr1	Pou3f1
Esr1	Ptgs1
Esr1	Slc2a4
Esr1	Slc7a1
Esr1	Stat3
Esr1	Stat5a
Esr1	Tac2
Esr1	Th
Esr1	Tnfsf11
Esr1	Vegfa
Esr2	Akt1
Esr2	Bcl2
Esr2	Bmp2
Esr2	Casp3
Esr2	Casp8
Esr2	Igf1r
Esr2	Mapk1
Esr2	Mapk3
Esr2	Mapk8
Esr2	Nell2
Esr2	Ptgds
Esr2	Ptgs1
Esr2	Slc2a4
Esr2	Stat5a
Esr2	Vegfa
Esrrg	Mir127
Esrrg	Mir433
Ets1	Emsy
Ets1	Angpt2
Ets1	Anpep
Ets1	Ccl2
Ets1	Cd3d
Ets1	Cd4
Ets1	Cdh5
Ets1	Cdkn2a
Ets1	Csf1r
Ets1	Csf3r
Ets1	Ctgf
Ets1	Pf4
Ets1	Ebf1
Ets1	Egr1
Ets1	Erg
Ets1	Fli1
Ets1	Fos
Ets1	Foxp3
Ets1	Hmox1
Ets1	Ighm
Ets1	Ikzf1
Ets1	Il10
Ets1	Il5
Ets1	Il7r
Ets1	Itga2b
Ets1	Kdr
Ets1	Krt8
Ets1	Ltbr
Ets1	Met
Ets1	Mir126a
Ets1	Mmp13
Ets1	Mmp1a
Ets1	Mmp3
Ets1	Mmp9
Ets1	Nos3
Ets1	Npr1
Ets1	Oprd1
Ets1	Pcyt1a
Ets1	Prdm1
Ets1	Ptgs2
Ets1	Retnla
Ets1	Rnf11
Ets1	Runx3
Ets1	Sell
Ets1	Serpinb5
Ets1	Sh2d1a
Ets1	Spp1
Ets1	Tbx21
Ets1	Tgfbr2
Ets1	Thbd
Ets1	Timp1
Ets1	Tlr4
Ets1	Vegfa
Ets1	Vwf
Ets1	Zeb1
Ets2	Bcl2l1
Ets2	Cd4
Ets2	Cdkn2a
Ets2	Csf1r
Ets2	Csf3r
Ets2	Dusp6
Ets2	Egr1
Ets2	Erg
Ets2	Etv4
Ets2	Fli1
Ets2	Flt4
Ets2	Hmox1
Ets2	Hmox2
Ets2	Ifne
Ets2	Jun
Ets2	Kit
Ets2	Krt8
Ets2	Mdm2
Ets2	Mir126a
Ets2	Nab2
Ets2	Nos2
Ets2	Pcyt1a
Ets2	Setdb1
Ets2	Sh2d1a
Ets2	Stab1
Ets2	Tlr13
Etv1	Ebf1
Etv1	Nab2
Etv1	Pomc
Etv1	Th
Etv2	Fli1
Etv2	Lmo2
Etv2	Plau
Etv2	Spi1
Etv2	Tek
Etv4	Ccnd2
Etv4	Dusp6
Etv4	Erbb2
Etv4	Gpx5
Etv4	Mmp3
Etv4	Mmp7
Etv4	Mmp9
Etv4	Mta2
Etv4	Plau
Etv4	Ptgs2
Etv4	Tert
Etv4	Tgfbr2
Etv4	Vim
Etv4	Zhx1
Etv5	Cav1
Etv5	Elmo1
Etv5	Il17a
Etv5	Il17f
Etv5	Parg
Etv5	Ptgs2
Etv6	Fli1
Etv6	Mmp3
Ewsr1	Tert
Ewsr1	Upp1
Ezh1	Tollip
Ezh2	Bad
Ezh2	Bcl2l11
Ezh2	Ccna2
Ezh2	Creb3l1
Ezh2	Il17a
Ezh2	Il17f
Ezh2	Il9
Ezh2	Tbx21
Ezh2	Unc5b
Fhl2	Fos
Fli1	Ccl2
Fli1	Cyr61
Fli1	Erg
Fli1	Ezh2
Fli1	Fli1
Fli1	Inpp5d
Fli1	Itga2b
Fli1	Lyl1
Fli1	Mmp13
Fli1	Rb1
Fli1	Smad6
Fli1	Tert
Fli1	Upp1
Fmr1	Rac1
Fos	Acp5
Fos	Bdnf
Fos	Bmp2
Fos	Ccl5
Fos	Crh
Fos	Csf3
Fos	Cxcl15
Fos	Dcstamp
Fos	Egr1
Fos	Fam89b
Fos	Fos
Fos	Gnrh1
Fos	Gria1
Fos	Grik2
Fos	H2-K1
Fos	Hmgcr
Fos	Ifne
Fos	Igk
Fos	Il1rl1
Fos	Il2
Fos	Il27
Fos	Il6
Fos	Jun
Fos	Krt18
Fos	Mapk8
Fos	Mmp2
Fos	Mmp9
Fos	Mt1
Fos	Nacc1
Fos	Nck2
Fos	Nefl
Fos	Nfatc1
Fos	Nfe2l2
Fos	Ngf
Fos	Nos2
Fos	Nr3c1
Fos	Pdpn
Fos	Penk
Fos	Plau
Fos	Pomc
Fos	Ppp1r3b
Fos	Spi1
Fos	Slc10a2
Fos	Socs3
Fos	Src
Fos	Srr
Fos	Srxn1
Fos	Star
Fos	Stim1
Fos	Tff2
Fos	Tgfb1
Fos	Tinagl1
Fos	Tpsab1
Fos	Tslp
Fos	Wee1
Fosb	Fos
Fosb	Mmp2
Fosl1	Fos
Fosl1	Jun
Fosl1	Mmp2
Fosl1	Nfe2l2
Fosl1	Prdm1
Fosl1	Thbs1
Fosl1	Thbs2
Fosl2	Relb
Fosl2	Tcirg1
Fosl2	Tgfb1
Fosl2	Tgfb3
Foxd1	Lhb
Foxd1	Pgf
Foxh1	Gsc
Foxh1	Mixl1
Foxh1	Nodal
Foxh1	Smad2
Foxl1	Ccnd1
Foxl1	Wnt3a
Foxl2	Fshb
Foxl2	Mc2r
Foxn1	Dsg4
Foxo1	Adipor1
Foxo1	Akt1
Foxo1	Alpl
Foxo1	Angpt2
Foxo1	Apoc3
Foxo1	Bax
Foxo1	Bcl2l11
Foxo1	Casp8
Foxo1	Ccl2
Foxo1	Ccl20
Foxo1	Ccnd1
Foxo1	Ccnd2
Foxo1	Ccng2
Foxo1	Ccr2
Foxo1	Ccr7
Foxo1	Cdkn1b
Foxo1	Edn1
Foxo1	Egr1
Foxo1	Fasl
Foxo1	Foxp3
Foxo1	Fshb
Foxo1	Igfbp1
Foxo1	Ikzf1
Foxo1	Il7r
Foxo1	Klf2
Foxo1	Lhb
Foxo1	Lpl
Foxo1	Mmp13
Foxo1	Myh7
Foxo1	Nos3
Foxo1	Ostn
Foxo1	Pck1
Foxo1	Pdk4
Foxo1	Pik3r1
Foxo1	Ppargc1a
Foxo1	Sell
Foxo1	Trib3
Foxo1	Trim63
Foxo3	Ccnd1
Foxo3	Ccnd2
Foxo3	Ccng2
Foxo3	Cdkn1b
Foxo3	Gadd45a
Foxo3	Lcn2
Foxo3	Nol3
Foxo3	Sirt1
Foxo3	Socs3
Foxo4	Anxa8
Foxo4	Bcl2l11
Foxo4	Ccnd1
Foxo4	Ccnd2
Foxo4	Gadd45a
Foxo4	Ppargc1a
Foxo4	Rbl2
Foxp3	Brca1
Foxp3	Ctla4
Foxp3	Erbb2
Foxp3	Ifng
Foxp3	Il17a
Foxp3	Il2
Foxp3	Il22
Foxp3	Il2ra
Foxp3	Nfkb1
Foxp3	Opn1sw
Foxp3	Skp2
Foxp3	Tnfrsf18
Foxq1	Mylk
Fus	Mdm2
Fus	Sod2
Gabpa	Chrne
Gabpa	Cox4i1
Gabpa	Cyp7b1
Gabpa	Il10
Gabpa	Il7r
Gabpa	Skp2
Gabpa	Sod3
Gabpb1	Sod3
Gata1	Ccna1
Gata1	Cdc6
Gata1	Pf4
Gata1	Epb42
Gata1	Fcer1g
Gata1	Fli1
Gata1	Hbb-ar
Gata1	Itga2b
Gata1	Nfe2
Gata1	Spi1
Gata1	Sigmar1
Gata1	Tal1
Gata1	Tfdp2
Gata1	Usp17la
Gata1	Zbtb7a
Gata1	Zfp26
Gata2	Angpt2
Gata2	Cebpa
Gata2	Csf2
Gata2	Lyl1
Gata2	Nkx6-1
Gata2	Rc3h1
Gata2	Spi1
Gata2	Smad6
Gata2	Tac2
Gata2	Tshb
Gata3	Cdkn2c
Gata3	Dlc1
Gata3	Erg
Gata3	Foxp3
Gata3	Ifng
Gata3	Il10
Gata3	Il13
Gata3	Il24
Gata3	Il3
Gata3	Il4
Gata3	Il5
Gata3	Mycn
Gata3	Rag2
Gata3	Runx3
Gata3	Tbx21
Gcgr	Crh
Gcm2	Pth
Gfi1	Bak1
Gfi1	Bax
Gfi1	Cdkn2b
Gfi1	Elane
Gfi1	Gfi1b
Gfi1	Id2
Gfi1	Il7r
Gfi1	Spi1
Gfi1	Zbtb16
Gfi1b	Gfi1
Gfi1b	Gfi1b
Gfi1b	Meis1
Gfi1b	Rag1
Gfi1b	Rag2
Gfi1b	Rcor2
Gfi1b	Socs1
Gfi1b	Socs3
Gnrh1	Lhb
Grin1	Cox4i1
Gsc	Foxh1
Gsc	Gsc2
Gsc	Mixl1
Gsx2	Ppp1r1b
Gtf2a1	Prm1
Gtf2a1	Tnp1
Gtf2b	Hspb1
Gtf2h1	Keap1
Gtf2i	Akap12
Gtf2i	Ccl7
Gtf2i	Ccnd1
Gtf2i	Cfdp1
Gtf2i	Csrp2
Gtf2i	Dlk1
Gtf2i	Folr1
Gtf2i	Fos
Gtf2i	Gsc
Gtf2i	Hspa5
Gtf2i	Id1
Gtf2i	Igh
Gtf2i	Nsd1
Gtf2i	Sec23a
Gtf2i	Tgfb2
Gtf2i	Tgfbr2
Gtf2ird1	Ccl7
Gtf2ird1	Csrp2
Gtf2ird1	Dlk1
Gtf2ird1	Folr1
Gtf2ird1	Tgfb2
Gtf2ird1	Tgfbr2
Hcfc1	Rb1
Hdac1	Akap12
Hdac1	Ccl5
Hdac1	Cd1d2
Hdac1	Cdc25a
Hdac1	Cdkn1b
Hdac1	Cebpb
Hdac1	Comp
Hdac1	Csn2
Hdac1	Fas
Hdac1	Fshr
Hdac1	Il6
Hdac1	Il12b
Hdac1	Jun
Hdac1	Nfkbia
Hdac1	Nfya
Hdac1	Nos2
Hdac1	Ppp2ca
Hdac1	Rbl2
Hdac1	Reck
Hdac1	Rhox5
Hdac1	Spp1
Hdac1	Star
Hdac1	Epcam
Hdac11	Il10
Hdac2	Bmp7
Hdac2	Ccl12
Hdac2	Ccne1
Hdac2	Cd1d2
Hdac2	Grm2
Hdac2	Nfkbia
Hdac2	Nos2
Hdac2	Star
Hdac3	Bcl2l1
Hdac3	Cdkn1b
Hdac3	Fos
Hdac3	Jun
Hdac3	Nfkbia
Hdac3	Nr4a2
Hdac3	Phlpp1
Hdgf	Vegfa
Hdgf	Vegfb
Hes1	Cdkn1b
Hes1	Cdkn1c
Hes1	Coro1a
Hes1	Htr1a
Hes1	Map2
Hes6	Hes1
Hes6	Htr1a
Hes7	Lfng
Hes7	Mesp2
Hesx1	Dnmt1
Hesx1	Fshb
Hesx1	Lhb
Hesx1	Pou1f1
Hesx1	Prop1
Hexim1	Ccnd1
Hexim1	Vegfa
Hey1	Id1
Hey1	Olig2
Hgf	Met
Hhex	Esm1
Hlx	Il12a
Hlx	Il12b
Hmga1	Brca1
Hmga1	Insr
Hmga1	Rag2
Hmga1	Rbp4
Hnf1b	Egr2
Hnf1b	Kif12
Hnf1b	Mafb
Hnf1b	Pde4c
Hnf1b	Pkhd1
Hnf1b	Socs3
Hnrnpk	Slc1a2
Hoxa1	Epha2
Hoxa2	Pcp4
Hoxa2	Six2
Hoxa3	Hoxd3
Hoxa4	Th
Hoxa5	Igfbp1
Hoxa5	Th
Hoxa9	Erg
Hoxa9	Flt3
Hoxa9	Lmo2
Hoxa9	Myb
Hoxa9	Spp1
Hoxb1	Epha2
Hoxb1	Phox2b
Hoxb2	Hoxb1
Hoxb2	Phox2b
Hoxb3	Hoxb1
Hoxb8	Acta2
Hoxb8	Mylk
Hoxb8	Tagln
Hoxc13	Dsg4
Hoxc13	Foxq1
Hoxc13	Spi1
Hoxc6	Ncam1
Hoxc8	Clec10a
Hoxc8	Llgl1
Hoxc8	Nkd2
Hoxc8	Pcna
Hoxc8	Sgpp1
Hoxc8	Smad6
Hoxc8	Spp1
Hr	Dlx3
Hsf4	Hspb1
Htatip2	Igf1
Htatip2	Myc
Htatip2	Wisp2
Id1	Alpl
Id1	Cdkn2a
Id1	Ifng
Id1	Rel
Id1	Rorc
Id1	Thbs1
Id1	Tnf
Id2	Alpl
Id2	Ccna2
Id2	Col1a2
Id2	Il10
Id2	Spi1
Id2	Tpt1
Id2	Zbtb16
Id3	Alpl
Id3	Col1a2
Id3	Vcam1
Id4	Esr1
Ifih1	Ifnb1
Ikbkb	Ccl19
Ikbkb	Cxcl10
Ikbkb	Cxcl11
Ikbkb	Cxcl2
Ikbkb	Cxcl9
Ikbkb	Cxcr4
Ikbkb	Nfkb1
Ikbkb	Nfkbia
Ikbkb	Ptgs2
Ikbkb	Rps6kb1
Ikbkb	Tnf
Ikzf1	Casz1
Ikzf1	Cd4
Ikzf1	Cd79a
Ikzf1	Fgfr4
Ikzf1	Igll1
Ikzf1	Il10
Ikzf1	Il2
Ikzf1	Il7r
Ikzf1	Myc
Ikzf1	Nos2
Ikzf1	Oprd1
Ikzf1	Oprk1
Ikzf1	Osr1
Ikzf1	Prom1
Ikzf1	Rag1
Ikzf2	Il2
Ikzf2	Rc3h1
Ikzf3	Igll1
Ikzf3	Myc
Il17a	Il1b
Il17a	Tnf
Il4	Itgb3
Ilf2	Acrv1
Ilf3	Acrv1
Ilf3	Ccne1
Ilf3	Il2
Ilk	Mmp9
Irf1	Ccl5
Irf1	Cfb
Irf1	Ciita
Irf1	Cxcl10
Irf1	Cxcl11
Irf1	Foxp3
Irf1	Gbp2
Irf1	Hist2h4
Irf1	Ifnb1
Irf1	Ifng
Irf1	Il12a
Irf1	Il12b
Irf1	Il27
Irf1	Il4
Irf1	Mapk14
Irf1	Myd88
Irf1	Nos2
Irf1	Pigr
Irf1	Sell
Irf1	Socs1
Irf1	Tap1
Irf1	Tap2
Irf1	Tnf
Irf1	Upp1
Irf2	Cxcl11
Irf2	Hist2h4
Irf2	Ifnb1
Irf3	Hist2h4
Irf3	Ifna
Irf3	Ifna1
Irf3	Ifna4
Irf3	Ifnb1
Irf3	Il12a
Irf3	Il23a
Irf3	Pura
Irf3	Pvr
Irf3	Socs2
Irf3	Usp18
Irf4	Cdkn2b
Irf4	Cxcl9
Irf4	Il10
Irf4	Il1b
Irf4	Il4
Irf4	Il9
Irf4	Nfatc2
Irf4	Prdm1
Irf4	Runx3
Irf4	Spi1
Irf4	Zbtb20
Irf5	Ifi202b
Irf5	Prdm1
Irf7	Hist2h4
Irf7	Ifna
Irf7	Ifna1
Irf7	Ifna4
Irf7	Ifnb1
Irf7	Ifnl3
Irf7	Nr1h4
Irf8	Abl1
Irf8	Bcr
Irf8	C1qb
Irf8	Cd8a
Irf8	Ccl5
Irf8	Cdkn2b
Irf8	Cflar
Irf8	Dab2
Irf8	Fancc
Irf8	Gas2
Irf8	Ifng
Irf8	Il12a
Irf8	Il12b
Irf8	Il1b
Irf8	Il27
Irf8	Il12
Irf8	Jak1
Irf8	Nf1
Irf8	Nos2
Irf8	Slc11a1
Irf8	Spi1
Irf8	Tlr11
Irf8	Tnf
Irf9	Ifnb1
Irf9	Irf7
Irf9	Mast1
Irx5	Kcnd2
Jarid2	Ccnd1
Jdp2	Atf3
Jdp2	Ccna2
Jdp2	Dctn2
Jun	Aldh1a1
Jun	Aldh3a1
Jun	Angpt2
Jun	Aqp5
Jun	Asah1
Jun	B4galnt1
Jun	Bcl3
Jun	Bmp2
Jun	C1qtnf3
Jun	Cat
Jun	Ccl12
Jun	Ccl2
Jun	Ccl5
Jun	Ccnd1
Jun	Ccnd2
Jun	Ccnd3
Jun	Cd14
Jun	Cdkn2a
Jun	Cebpd
Jun	Col10a1
Jun	Col3a1
Jun	Crh
Jun	Csf1r
Jun	Csf2
Jun	Ctse
Jun	Ctsk
Jun	Cxcl1
Jun	Cxcl15
Jun	Cxcl2
Jun	Cyp11a1
Jun	Dcstamp
Jun	Defb2
Jun	Dmtf1
Jun	Eno2
Jun	Esr1
Jun	Fam89b
Jun	Fgf7
Jun	Fos
Jun	Fosl1
Jun	Gast
Jun	Gclc
Jun	Gfap
Jun	Slc2a1
Jun	Gnrh1
Jun	Gnrhr
Jun	Hmgcr
Jun	Hmox1
Jun	Icam1
Jun	Ifng
Jun	Ifne
Jun	Igk
Jun	Il11
Jun	Il12b
Jun	Il1b
Jun	Il2
Jun	Il23a
Jun	Il24
Jun	Il27
Jun	Il3
Jun	Il4
Jun	Il6
Jun	Itga5
Jun	Ivl
Jun	Jdp2
Jun	Jun
Jun	Krt18
Jun	Lor
Jun	Maf
Jun	Mapk8
Jun	Met
Jun	Mir18b
Jun	Mir23a
Jun	Mmp12
Jun	Mmp13
Jun	Mmp19
Jun	Mmp2
Jun	Mmp3
Jun	Mmp7
Jun	Mmp9
Jun	Msr1
Jun	Nacc1
Jun	Nck2
Jun	Nefl
Jun	Nfe2l2
Jun	Nfkb1
Jun	Ngf
Jun	Nos2
Jun	Nr3c1
Jun	Odc1
Jun	Pdk1
Jun	Pea15a
Jun	Penk
Jun	Phex
Jun	Plau
Jun	Plaur
Jun	Plin2
Jun	Ppp1r3b
Jun	Prdm1
Jun	Ptgs2
Jun	Ptpn4
Jun	Nectin2
Jun	Rab18
Jun	Relb
Jun	Serpinb5
Jun	Spi1
Jun	Sirt1
Jun	Slc8a1
Jun	Smurf1
Jun	Socs3
Jun	Spp1
Jun	Src
Jun	Srxn1
Jun	Star
Jun	Tbp
Jun	Tff2
Jun	Tgfb1
Jun	Tgm1
Jun	Timp1
Jun	Tnf
Jun	Tnfsf11
Jun	Tpr
Jun	Tpsab1
Jun	Trp73
Jun	Wee1
Jun	Slc39a14
Junb	Ccnd1
Junb	Ctsk
Junb	Foxp3
Junb	Il31
Junb	Il4
Junb	Mmp2
Junb	Myl9
Junb	Plau
Jund	Ccl5
Jund	Cyr61
Jund	Gcm2
Jund	Il11
Jund	Jun
Jund	Mmp2
Jund	Tcirg1
Kat2b	Irs1
Kat2b	Npr1
Kcnip3	Cacna1c
Kcnip3	Fos
Kcnip3	Grin1
Kcnip3	Hrk
Kcnip3	Ndor1
Kcnip3	Pdyn
Kcnip3	Slc8a3
Kcnip3	Tnfaip3
Kdm6b	Eomes
Keap1	Nfe2l2
Klf1	Dnase2a
Klf1	Epb42
Klf1	Hbb
Klf1	Il12b
Klf1	Klf8
Klf10	Mycn
Klf10	Smad2
Klf13	Ccl5
Klf15	Acss1
Klf15	Clcnkb
Klf15	Mcm2
Klf15	Rbp3
Klf16	Drd1
Klf16	Drd2
Klf16	Klf16
Klf2	Reln
Klf2	Sell
Klf2	Thbd
Klf3	Acta1
Klf3	Hbb-bh1
Klf3	Hbb-y
Klf3	Klf8
Klf3	Six4
Klf4	Agrp
Klf4	Ccnd2
Klf4	Cdkn2b
Klf4	Cebpb
Klf4	Dmp1
Klf4	Dspp
Klf4	Lefty1
Klf4	Muc5ac
Klf4	Nos2
Klf4	Ptgs2
Klf4	Rlim
Klf4	Slurp1
Klf4	Sprr2a1
Klf4	Tsix
Klf5	Egr1
Klf5	Ltf
Klf5	Mcm2
Klf5	Nos2
Klf5	Pdgfa
Klf5	Tcl1
Klf5	Vegfa
Klf6	Asah1
Klf6	Pttg1
Klf6	Serpinh1
Klf7	Ntrk1
Klf8	Mmp14
Kpna2	Klf2
Kpna2	Klf4
Lef1	COX2
Lef1	Ccl7
Lef1	Cdx4
Lef1	Col11a1
Lef1	Dll1
Lef1	Dsg4
Lef1	Elane
Lef1	Fgf18
Lef1	Hes7
Lef1	Il13
Lef1	Il4
Lef1	Il5
Lef1	Lrp5
Lef1	Mesp1
Lef1	Mmp13
Lef1	Mmp7
Lef1	Ncam1
Lef1	Ovol1
Lef1	Pou1f1
Lef1	Ptgs2
Lef1	Rag2
Lef1	Zbtb16
Lmo2	Epb42
Lmo2	Erg
Lmo2	Gypa
Lmo2	Runx1
Lmo4	Bmp7
Lyl1	Erg
Maf	Ccnd2
Maf	Cryaa
Maf	Cryab
Maf	Il4
Maf	Maf
Mafb	Cd5l
Mafb	Hoxa3
Mafb	Mmp12
Mafb	Nrf1
Mafb	Pth
Mafg	Nqo1
Mafg	Nrf1
Mafk	Hmox1
Mafk	Nqo1
Mafk	Nrf1
Map3k7	Nfkb1
Mapk1	Egr1
Mapk14	Egr1
Max	Bax
Max	Cad
Max	Ccnb1
Max	Cebpd
Max	Odc1
Maz	Clcnkb
Maz	Htr1a
Maz	Rag2
Maz	Sp4
Mbd1	Fgf2
Mbd1	Htr2c
Mbd2	Oprd1
Mbd3	Cdk2
Mcm3	Il4
Mcm6	Cd40
Med1	Crabp1
Med1	Fam89b
Med23	Cd52
Med23	Egr1
Med23	Egr2
Mef2a	Cox6a1
Mef2a	Dpf3
Mef2a	Mef2a
Mef2a	Mmp10
Mef2a	Nrf1
Mef2a	Ppargc1a
Mef2a	Slc2a4
Mef2d	Atm
Mef2d	Myh1
Meis1	Pf4
Meis1	Flt3
Meis1	Krt19
Meis1	Ptch1
Meis1	Tgfbr2
Meis2	Cdkn2b
Meis2	Egr2
Meis2	Krt19
Meis2	Tgfbr2
Mixl1	Gsc
Mixl1	Kdr
Mixl1	Pdgfra
Mkl1	Edn1
Mkl1	Id3
Mkl1	Srf
Mkl1	Tagln
Mkx	Scx
Mkx	Tgfb2
Mmp9	Fos
Mmp9	Jun
Mnt	Ccnd2
Mnt	Cdk4
Mta2	Fshr
Mtf1	Dnmt1
Mtf1	Ep300
Mtf1	Mt1
Mtf1	Pgf
Mtf1	Selenow
Mtf1	Slc39a10
Mtf2	Cdkn2a
Mxd1	Bcl6
Mxi1	Ift20
Mxi1	Igfbp3
Mxi1	Myc
Myb	Anpep
Myb	Csf1r
Myb	Csf3r
Myb	Gstm2
Myb	H2afz
Myb	Igfbp5
Myb	Kit
Myb	Myc
Myb	Nol3
Myb	Ppm1a
Myb	Prtn3
Myb	Ptgs2
Myb	Rag2
Myb	Rara
Myb	Rfx2
Mybl1	Rfx2
Mybl2	Adora2b
Mybl2	Adra2b
Mybl2	Ccna1
Mybl2	Col5a2
Mybl2	Eln
Mybl2	Erbb2
Mybl2	Igfbp5
Mybl2	Lin9
Mybl2	Mip
Mybl2	Prrc2a
Mybl2	Rfx2
Mybl2	Sftpa1
Myc	Acp5
Myc	Bax
Myc	Bcat1
Myc	Bcl2
Myc	Cad
Myc	Car1
Myc	Cav1
Myc	Ccnb1
Myc	Ccnd2
Myc	Cdca7
Myc	Cdk4
Myc	Cdkn2a
Myc	Cdkn2b
Myc	Cebpd
Myc	Eed
Myc	Eif4e
Myc	Ezh2
Myc	Fasl
Myc	Hdac2
Myc	Hnrnpa1
Myc	Hnrnpa2b1
Myc	Mir122
Myc	Mir18b
Myc	Mxi1
Myc	Myc
Myc	Ndrg1
Myc	Nfia
Myc	Nop56
Myc	Nrgn
Myc	Odc1
Myc	Pdgfrb
Myc	Ptma
Myc	Rhoa
Myc	Slc11a1
Myc	Slc1a2
Myc	Suz12
Myc	Tert
Myc	Tfam
Myc	Timp3
Myc	Trrap
Myc	Wnt4
Myc	Zbtb17
Myc	Zfp36
Mycn	Acp5
Mycn	Hdac2
Mycn	Igfbp2
Mycn	Igfbp6
Mycn	Ndrg1
Mycn	Nrgn
Mycn	Ptdss1
Mycn	Smad4
Myocd	Acta2
Myocd	Mylk
Myocd	Tagln
Myocd	Tgfb1i1
Mzf1	Sell
Mzf1	Sod3
Nab1	Egr1
Nab1	Egr2
Nab1	Ifngr1
Nab1	Lhb
Nab2	Egr2
Nab2	Id2
Nab2	Id4
Nab2	Tnfsf10
Ncoa3	Igfbp3
Ncoa3	Klf4
Ncoa3	Nfkbia
Ncoa3	Npas2
Ncoa5	Myc
Ncoa6	Fos
Ncoa6	Socs1
Ncor1	Hdac3
Ncor1	Hes1
Ncor1	Mybl2
Ncor1	Nfkbia
Ncor1	Tshb
Ncor2	Hes1
Ncor2	Klkb1
Ncor2	Mybl2
Ncor2	Nfkbia
Ncor2	Sirt1
Ndn	Cdk1
Ndn	Cdkn2a
Ndn	Myc
Nf1	Adam8
Nf1	Fam89b
Nf1	Mt1
Nfat5	Akr1b3
Nfat5	Bax
Nfat5	Bcl2
Nfat5	Vegfc
Nfatc1	Aqp2
Nfatc1	B3gat1
Nfatc1	Bmp7
Nfatc1	Cx3cr1
Nfatc1	Csf2
Nfatc1	Dcstamp
Nfatc1	Foxp3
Nfatc1	Il12b
Nfatc1	Il2
Nfatc1	Il2ra
Nfatc1	Il4
Nfatc1	Itgb3
Nfatc1	Oscar
Nfatc1	Pag1
Nfatc2	Acp5
Nfatc2	Bace1
Nfatc2	Bcl2a1a
Nfatc2	Cx3cr1
Nfatc2	Ccna2
Nfatc2	Ccr9
Nfatc2	Csf2
Nfatc2	Egr3
Nfatc2	Icos
Nfatc2	Ifng
Nfatc2	Il10
Nfatc2	Il12b
Nfatc2	Il13
Nfatc2	Il2
Nfatc2	Il21
Nfatc2	Il2ra
Nfatc2	Il31
Nfatc2	Il4
Nfatc2	Il9
Nfatc2	Nfatc1
Nfatc2	Tnf
Nfatc2ip	Il2
Nfatc3	B3gat1
Nfatc3	Il2
Nfatc3	Mir23a
Nfatc4	B3gat1
Nfatc4	Myoz1
Nfatc4	Myoz2
Nfatc4	Ptgs2
Nfe2	Abcc6
Nfe2	Epb42
Nfe2	Gcm2
Nfe2	Hbb
Nfe2	Hbb-b1
Nfe2	Hbb-bs
Nfe2	Hmbs
Nfe2	Il2
Nfe2	Tnf
Nfe2	Tyms
Nfe2l2	Abcc2
Nfe2l2	Abcc3
Nfe2l2	Abcc4
Nfe2l2	Akr1b3
Nfe2l2	Areg
Nfe2l2	Bcl2
Nfe2l2	Bglap3
Nfe2l2	Calcoco2
Nfe2l2	Cd36
Nfe2l2	Cdkn2c
Nfe2l2	Cebpb
Nfe2l2	Cox17
Nfe2l2	Cyp2a5
Nfe2l2	Fas
Nfe2l2	Fmo3
Nfe2l2	Fos
Nfe2l2	Gclc
Nfe2l2	Gsta1
Nfe2l2	Gsta2
Nfe2l2	Hmox1
Nfe2l2	Il10
Nfe2l2	Keap1
Nfe2l2	Krt16
Nfe2l2	Mcm7
Nfe2l2	Mdm2
Nfe2l2	Mgst1
Nfe2l2	Mir106b
Nfe2l2	Mt1
Nfe2l2	Nfatc1
Nfe2l2	Nfe2l2
Nfe2l2	Nfkb1
Nfe2l2	Nqo1
Nfe2l2	Prdx1
Nfe2l2	Prdx2
Nfe2l2	Ptgds
Nfe2l2	Scarb1
Nfe2l2	Sdha
Nfe2l2	Slc40a1
Nfe2l2	Slc7a11
Nfe2l2	Sod2
Nfe2l2	Sqstm1
Nfe2l2	Srxn1
Nfe2l2	Sult1e1
Nfe2l2	Tgfb1
Nfe2l2	Tnfsf11
Nfe2l2	Txnip
Nfe2l2	Txnrd1
Nfe2l2	Ugt1a6a
Nfe2l2	Il1rn
Nfia	Fam89b
Nfia	Gabra6
Nfia	Gfap
Nfia	Hgf
Nfia	Slc2a4
Nfib	Fam89b
Nfic	Ccl2
Nfic	Col1a1
Nfic	Dspp
Nfic	Fam89b
Nfic	Gfap
Nfic	Hgf
Nfic	Klf4
Nfic	Mbp
Nfic	Mt1
Nfic	Pdgfa
Nfic	Pdgfra
Nfix	Fam89b
Nfkb1	Adora1
Nfkb1	Adora2a
Nfkb1	Adora2b
Nfkb1	Ager
Nfkb1	Agt
Nfkb1	Akt1
Nfkb1	Aldh3a1
Nfkb1	Alox5
Nfkb1	Ankrd2
Nfkb1	Apoe
Nfkb1	Aqp5
Nfkb1	Atp12a
Nfkb1	Banp
Nfkb1	Bcl2
Nfkb1	Bcl2a1d
Nfkb1	Bcl2l1
Nfkb1	Bin1
Nfkb1	Birc2
Nfkb1	Birc3
Nfkb1	Xiap
Nfkb1	Bmp2
Nfkb1	Bmpr2
Nfkb1	Btk
Nfkb1	COX2
Nfkb1	Ccl12
Nfkb1	Ccl2
Nfkb1	Ccl20
Nfkb1	Ccl22
Nfkb1	Ccl5
Nfkb1	Ccl9
Nfkb1	Ccnd1
Nfkb1	Ccnd3
Nfkb1	Cd38
Nfkb1	Cd40
Nfkb1	Cd7
Nfkb1	Cd80
Nfkb1	Cd86
Nfkb1	Cdk4
Nfkb1	Cebpa
Nfkb1	Cebpb
Nfkb1	Cenpj
Nfkb1	Cfb
Nfkb1	Cflar
Nfkb1	Col1a1
Nfkb1	Csf1
Nfkb1	Csf2
Nfkb1	Cxadr
Nfkb1	Cxcl1
Nfkb1	Cxcl10
Nfkb1	Cxcl13
Nfkb1	Cxcl15
Nfkb1	Cxcl2
Nfkb1	Cyp11a1
Nfkb1	Dcst1
Nfkb1	Dcst2
Nfkb1	Dcstamp
Nfkb1	Defb2
Nfkb1	Dmp1
Nfkb1	Drd2
Nfkb1	Dusp1
Nfkb1	Ebi3
Nfkb1	Ebna1bp2
Nfkb1	Edn1
Nfkb1	Egr2
Nfkb1	Elf3
Nfkb1	Fas
Nfkb1	Fasl
Nfkb1	Fbp1
Nfkb1	Kdm2a
Nfkb1	Fn1
Nfkb1	Fos
Nfkb1	Foxp3
Nfkb1	Fth1
Nfkb1	Gadd45b
Nfkb1	Gclm
Nfkb1	Glrx
Nfkb1	Hamp
Nfkb1	Hes1
Nfkb1	Hmgcr
Nfkb1	Hmox1
Nfkb1	Hsd11b2
Nfkb1	Ifnb1
Nfkb1	Ifng
Nfkb1	Igf2bp2
Nfkb1	Igk
Nfkb1	Ikbkb
Nfkb1	Il1
Nfkb1	Il10
Nfkb1	Il12a
Nfkb1	Il12b
Nfkb1	Il15
Nfkb1	Il1a
Nfkb1	Il1b
Nfkb1	Il2
Nfkb1	Il23a
Nfkb1	Il2ra
Nfkb1	Il4
Nfkb1	Il6
Nfkb1	Irf4
Nfkb1	Itgam
Nfkb1	Junb
Nfkb1	Kcnd2
Nfkb1	Kcnip2
Nfkb1	Kdr
Nfkb1	Klf5
Nfkb1	Lcn2
Nfkb1	Lef1
Nfkb1	Lif
Nfkb1	Ltc4s
Nfkb1	Nudt1
Nfkb1	Mapk14
Nfkb1	Mbp
Nfkb1	Mmp14
Nfkb1	Mmp2
Nfkb1	Mmp3
Nfkb1	Mmp9
Nfkb1	Myb
Nfkb1	Myc
Nfkb1	Myoz2
Nfkb1	Nfkb1
Nfkb1	Nfkbia
Nfkb1	Nfkbiz
Nfkb1	Ngb
Nfkb1	Nos2
Nfkb1	Nos3
Nfkb1	Nqo1
Nfkb1	Nrf1
Nfkb1	Ntn1
Nfkb1	Pck1
Nfkb1	Pdk4
Nfkb1	Phex
Nfkb1	Pirb
Nfkb1	Pla2g4a
Nfkb1	Plaur
Nfkb1	Plin2
Nfkb1	Pmaip1
Nfkb1	Ppargc1a
Nfkb1	Ppm1d
Nfkb1	Ppp1r13l
Nfkb1	Ppp1r14a
Nfkb1	Prodh
Nfkb1	Psme2
Nfkb1	Pten
Nfkb1	Ptges
Nfkb1	Ptgs1
Nfkb1	Ptgs2
Nfkb1	Ptpn4
Nfkb1	Rel
Nfkb1	Relb
Nfkb1	Ripk2
Nfkb1	Sele
Nfkb1	Selp
Nfkb1	Slc1a2
Nfkb1	Slc2a1
Nfkb1	Slc2a4
Nfkb1	Sod2
Nfkb1	Src
Nfkb1	Stat1
Nfkb1	Stk39
Nfkb1	Tapbp
Nfkb1	Tcrg-C1
Nfkb1	Tec
Nfkb1	Tert
Nfkb1	Tgfb1
Nfkb1	Thrb
Nfkb1	Timp3
Nfkb1	Tlr2
Nfkb1	Tlr4
Nfkb1	Tnf
Nfkb1	Tnfaip3
Nfkb1	Tnfrsf25
Nfkb1	Tnfrsf4
Nfkb1	Tnfsf13b
Nfkb1	Tnfsf15
Nfkb1	Trem1
Nfkb1	Trim63
Nfkb1	Ube2h
Nfkb1	Upp1
Nfkb1	Vcam1
Nfkb1	Vegfa
Nfkb1	Vegfc
Nfkb1	Wap
Nfkb1	Wt1
Nfkb1	Birc5
Nfkb2	Ccnd1
Nfkb2	Csf2
Nfkb2	Dmp1
Nfkb2	Hes1
Nfkb2	Il23a
Nfkb2	Myc
Nfkb2	Rel
Nfkb2	Relb
Nfkb2	Snd1
Nfkbia	Nfkb1
Nfkbia	Ptgs2
Nfkbiz	Nfkb1
Nfkbiz	Nfkbiz
Nfya	Ccnd2
Nfya	Cdk1
Nfya	Cldn11
Nfya	Dspp
Nfya	E2f1
Nfya	H2-Ab1
Nfya	Hspa5
Nfya	Hspb1
Nfya	Mapk1
Nfya	Ogg1
Nfyb	Ccnd2
Nfyb	Dspp
Nfyb	H2-Ab1
Nfyc	Ccnd2
Nfyc	Dspp
Nhlh2	Maoa
Nhlh2	Mc4r
Nhlh2	Pcsk1
Nhlh2	Pcsk2
Nhlh2	Pkd1
Nkx3-1	Acta2
Nkx3-1	Actg2
Notch2	Gzmb
Notch2	Hes1
Notch2	Notch3
Notch3	Foxp3
Notch3	Nrarp
Notch3	Ptcra
Notch4	Dlk1
Notch4	Hes1
Notch4	Hey1
Npas1	Th
Npas2	Maoa
Nr1h2	Arg2
Nr1h2	Csrp1
Nr1h2	Fasn
Nr1h2	Nos2
Nr1h4	Abcb11
Nr1h4	Abcc2
Nr1h4	Abcc4
Nr1h4	Fabp6
Nr1h4	Hhex
Nr1h4	Klf11
Nr1h4	Krt13
Nr1h4	Scarb1
Nr1h4	Slc10a1
Nr2c1	Esr1
Nr2c1	Gata1
Nr2c2	Ikbkb
Nr2c2	Junb
Nr2c2	Nfkb1
Nr2e1	Atn1
Nr2f6	Il17a
Nr2f6	Oxt
Nr2f6	Ren1
Nr3c1	Abcc2
Nr3c1	Brca1
Nr3c1	Ccnd3
Nr3c1	Cdk4
Nr3c1	Cdk6
Nr3c1	Ch25h
Nr3c1	Crh
Nr3c1	Fam89b
Nr3c1	Hes1
Nr3c1	Nfkbia
Nr3c1	Npas4
Nr3c1	Pdhx
Nr3c1	Ptgs2
Nr3c1	Ptx3
Nr3c1	Slc10a1
Nr3c1	Trim63
Nr3c1	Vdr
Nr4a1	Cyp21a1
Nr4a1	Edn1
Nr4a1	Fasl
Nr4a1	Hsd3b1
Nr4a1	Kcnb1
Nr4a1	Prl
Nr4a1	Prmt1
Nr4a2	Apom
Nr4a2	Foxp3
Nr4a2	Gch1
Nr4a2	Kcnb1
Nr4a2	Mmp1a
Nr4a2	Nrp1
Nr4a2	Pitx3
Nr4a2	Ptpru
Nr4a2	Slc18a2
Nr4a2	Slc6a3
Nr4a2	Spp1
Nr4a2	Tnc
Nr4a3	Kcnb1
Nr4a3	Ucp1
Nrf1	Atp1a1
Nrf1	Atp1b1
Nrf1	Cd47
Nrf1	Cox17
Nrf1	Cox4i1
Nrf1	Fcgr3
Nrf1	Fmr1
Nrf1	Gria2
Nrf1	Grin1
Nrf1	Grin2b
Nrf1	Hmox1
Nrf1	Ide
Nrf1	Il1rn
Nrf1	Kif17
Nrf1	Mt1
Nrf1	Nos1
Nrf1	Nr3c1
Nrf1	Pvr
Nrf1	Sdha
Nrf1	Sirt6
Nrf1	Tfam
Nrip1	Cidea
Nrip1	Ucp1
Nupr1	Ccna2
Nupr1	Ep300
Nupr1	Hmox1
Nupr1	Paxip1
Nupr1	Tcf19
Olig1	Smad3
Olig2	Gfap
Olig2	Pdgfra
Ovol1	Ovol2
Parp1	Apod
Parp1	E2f1
Parp1	Fn1
Parp1	Il10
Parp1	Mmp9
Parp1	Nfkb1
Parp1	Nos2
Parp1	Rela
Parp1	Sh3bp2
Parp1	Vcam1
Pax1	Pdgfra
Pax5	Aicda
Pax5	Blk
Pax5	Blnk
Pax5	Cd19
Pax5	Cd72
Pax5	Cd79a
Pax5	Csf1r
Pax5	Ebf1
Pax5	En2
Pax5	Flt3
Pax5	Igh
Pax5	Igk
Pax5	Igll1
Pax5	Prdx6
Pax7	Ets1
Pax7	Id3
Pax7	Nfix
Pax8	En2
Pax8	Ncam1
Pax8	Ret
Pax8	Wt1
Pbrm1	Il10
Pbx2	Pf4
Pbx4	Pgk2
Pcgf2	Il17a
Pcgf2	Il17f
Pelp1	Jun
Pelp1	Nfkb1
Pelp1	Nr3c1
Pelp1	Nr4a1
Pelp1	Srf
Pgr	Adam8
Pgr	Bcl2l1
Pgr	Csn2
Pgr	Esr1
Pgr	Fam89b
Pgr	Fshb
Pgr	H19
Pgr	Id4
Pgr	Ihh
Pgr	Klf5
Pgr	Nfkbia
Pgr	Ptger2
Phox2a	Dbh
Phox2a	Ncam1
Phox2b	Dbh
Phox2b	Fos
Phox2b	Gata2
Phox2b	Gata3
Phox2b	Tlx2
Pias2	Hoxb1
Pias2	Nr3c1
Pias3	Jak2
Pias3	Stat3
Pias4	Ccl20
Pitx1	Barx1
Pitx1	Fshb
Pitx1	Lhb
Pitx1	Tbx4
Pitx1	Tert
Pitx3	Aldh1a1
Pitx3	Bdnf
Pitx3	En1
Pitx3	Foxe3
Pitx3	Slc18a2
Pitx3	Slc6a3
Pknox1	Pbx2
Pknox1	Pgk2
Pknox1	Ptpn6
Pknox1	Syp
Plag1	Egr1
Plag1	Fas
Plag1	Igf2
Plag1	Nkx3-1
Plag1	Tnfrsf10b
Plagl2	Igf2
Plagl2	Mpl
Pml	Mdm2
Pou1f1	C1qtnf3
Pou1f1	Gh
Pou1f1	Ghr
Pou1f1	Neurod4
Pou1f1	Prl
Pou1f1	Trh
Pou1f1	Tshb
Pou2af1	Aldh1a7
Pou2af1	Btk
Pou2af1	Cd79b
Pou2af1	Cxcr5
Pou2af1	Id2
Pou2af1	Id3
Pou2af1	Igh
Pou2af1	Igk
Pou2af1	Lgals1
Pou2af1	Pou2f1
Pou2af1	Pou2f2
Pou2af1	Slc22a1
Pou2af1	Spi1
Pou2af1	Spib
Pou2f1	Aldh3a1
Pou2f1	Atp11c
Pou2f1	Btk
Pou2f1	Cd79a
Pou2f1	Cd79b
Pou2f1	Csn2
Pou2f1	Fam89b
Pou2f1	Gadd45a
Pou2f1	Gnrh1
Pou2f1	Ifng
Pou2f1	Il2
Pou2f1	Il4
Pou2f1	Il5
Pou2f1	Irf3
Pou2f1	Lpl
Pou2f1	Mad2l1
Pou2f1	Myh4
Pou2f1	Nos2
Pou2f1	Thrb
Pou2f2	Atp11c
Pou2f2	Btk
Pou2f2	Cd36
Pou2f2	Cd79a
Pou2f2	Cd79b
Pou2f2	Crisp3
Pou2f2	Csf3
Pou2f2	Cxcr5
Pou2f2	Ifng
Pou2f2	Il2
Pou2f2	Il4
Pou2f2	Il5
Pou2f2	Il5ra
Pou2f2	Lpl
Pou2f2	Nos2
Pou2f2	Pdcd1lg2
Pou2f2	Retn
Pou2f3	Lor
Pou3f1	Egr2
Pou3f1	Lor
Pou3f1	Mbp
Pou3f1	Mpz
Pou3f4	Epha4
Pou4f1	Bax
Pou4f1	Bcl2
Pou4f1	Bcl2l1
Pou4f1	Pmaip1
Pou4f1	Pou4f2
Pou4f1	Runx3
Pou4f1	Syt1
Pou4f2	Eomes
Ppargc1a	Apoa4
Ppargc1a	Cav3
Ppargc1a	Cidea
Ppargc1a	Cpt1b
Ppargc1a	Cyp11b2
Ppargc1a	Hamp
Ppargc1a	Lhb
Ppargc1a	Mbp
Ppargc1a	Nrf1
Ppargc1a	Pdhx
Ppargc1a	Pitx3
Ppargc1a	Tfam
Ppargc1a	Tfb1m
Ppargc1a	Tfb2m
Ppargc1a	Ucp1
Prdm1	Bcl6
Prdm1	Bmp5
Prdm1	Cxcr5
Prdm1	Id3
Prdm1	Ifnb1
Prdm1	Map3k5
Prdm1	Nlrp12
Prdm1	Pax5
Prdm1	Pdcd1
Prdm1	Tnfrsf17
Prdm1	Xbp1
Prdm16	Rbl1
Prdm5	Col1a1
Prl	Csn2
Prop1	Fshb
Prop1	Notch2
Prrx1	Tgfb3
Prrx1	Tnc
Prrx2	Serpine2
Prrx2	Tnc
Pth	Ccnd1
Pthlh	Ccnd1
Pthlh	Cdk1
Pttg1	Pttg1ip
Pura	E2f1
Pura	Mbp
Pwp1	Stat3
Raf1	Mapk1
Rala	Fos
Rara	Cebpe
Rara	Klf5
Rara	Lamb1
Rara	Abcc2
Rara	Nepn
Rara	Pcp2
Rara	Stat1
Rarg	Cnr1
Rarg	Cyp26a1
Rarg	Il17a
Rb1	Atf2
Rb1	Bin1
Rb1	Birc5
Rb1	Tdgf1
Rb1	Ccnd1
Rb1	Dnmt1
Rb1	E2f1
Rb1	Elf1
Rb1	Fos
Rb1	Fosl1
Rb1	Ifi202b
Rb1	Igf2
Rb1	Jun
Rb1	Mybl2
Rb1	Robo3
Rb1	Spi1
Rbl1	Alpl
Rbl1	Fgf2
Rbl1	Hes1
Rbl1	Mybl2
Rbl1	Myc
Rbl1	Mycn
Rbl2	Alb
Rbl2	Birc5
Rbl2	Brca1
Rbl2	Ccna2
Rbl2	Cdc25a
Rbl2	Cdk2
Rbl2	Pcna
Rbl2	Rad51
Rbl2	Stmn1
Rbmx	Jund
Rbpj	Birc5
Rbpj	Cdh2
Rbpj	Cr2
Rbpj	Fos
Rbpj	Hes1
Rbpj	Hesx1
Rbpj	Hoxd1
Rbpj	Lfng
Rbpj	Nfatc1
Rbpj	Nodal
Rbpj	Olig2
Rbpj	Plcg2
Rbpj	Prdm1
Rbpj	Rlim
Rbpj	Tyrobp
Rel	Bcl2a1d
Rel	Birc3
Rel	Ccl2
Rel	Ccl5
Rel	Cebpd
Rel	E2f3
Rel	Ezh2
Rel	Foxp3
Rel	Ifng
Rel	Igk
Rel	Il12a
Rel	Il12b
Rel	Il1b
Rel	Il2
Rel	Il21
Rel	Il23a
Rel	Il4
Rel	Myc
Rel	Ngb
Rel	Nos2
Rel	Pthlh
Rel	Rc3h1
Rel	Rorc
Rel	Sod2
Rel	Tcrg-C1
Rel	Tnf
Rel	Tnfaip3
Rel	Wt1
Rela	Agt
Rela	Akt1
Rela	Apoe
Rela	Cdkn2a
Rela	Atp12a
Rela	Bcl2
Rela	Bcl2a1d
Rela	Bcl2l1
Rela	Birc3
Rela	Xiap
Rela	Bmp2
Rela	Cacna1c
Rela	Ccl12
Rela	Ccl2
Rela	Ccl20
Rela	Ccl5
Rela	Ccnd1
Rela	Cd38
Rela	Cd40
Rela	Cd80
Rela	Cd86
Rela	Cdk9
Rela	Cdkn1b
Rela	Cflar
Rela	Cldn5
Rela	Col1a1
Rela	Csf1
Rela	Cxadr
Rela	Cxcl10
Rela	Cxcl11
Rela	Cxcl15
Rela	Cxcr4
Rela	Cyp11a1
Rela	Dcst1
Rela	Dcst2
Rela	Dmp1
Rela	Dnmt1
Rela	Duox2
Rela	Ebi3
Rela	Fas
Rela	Fasl
Rela	Kdm2a
Rela	Fn1
Rela	Fos
Rela	Fth1
Rela	Gabre
Rela	Hes1
Rela	Hgf
Rela	Hk
Rela	Hsd11b2
Rela	Icam1
Rela	Ifnb1
Rela	Ifng
Rela	Igf2bp2
Rela	Igk
Rela	Il10
Rela	Il12b
Rela	Il2
Rela	Il23a
Rela	Il4
Rela	Il6
Rela	Il9
Rela	Irf4
Rela	Itch
Rela	Klf5
Rela	Klrb1c
Rela	Ltc4s
Rela	Map3k8
Rela	Met
Rela	Mgmt
Rela	Mmp3
Rela	Mmp14
Rela	Mmp9
Rela	Myc
Rela	Nfkb1
Rela	Ngb
Rela	Nos2
Rela	Nrf1
Rela	Pdk4
Rela	Pecam1
Rela	Pgf
Rela	Pglyrp1
Rela	Phex
Rela	Ppm1d
Rela	Psme2
Rela	Ptafr
Rela	Pten
Rela	Ptgs2
Rela	Ptpn1
Rela	Reg3b
Rela	Ripk2
Rela	Rorc
Rela	Selp
Rela	Serpine2
Rela	Slc1a2
Rela	Slc2a4
Rela	Sod2
Rela	Stim1
Rela	Stk39
Rela	Tcrg-C1
Rela	Tec
Rela	Tlr2
Rela	Tnf
Rela	Tnfaip3
Rela	Tnfrsf4
Rela	Tnfsf13b
Rela	Trim63
Rela	Trp73
Rela	Upp1
Rela	Vcam1
Rela	Wt1
Relb	Birc2
Relb	Ccnd1
Relb	Hes1
Relb	Myb
Relb	Myc
Relb	Tcrg-C1
Rora	Apoa1
Rora	Apoc3
Rora	Cav3
Rora	Cpt1b
Rora	Cyp7b1
Rora	E2f1
Rora	Lamb1
Rora	Npsr1
Rora	Pcp2
Rps6ka5	Fos
Runx1	AI467606
Runx1	Art1
Runx1	Cd40
Runx1	Cd79a
Runx1	Cdkn2a
Runx1	Cebpa
Runx1	Csf1r
Runx1	Fxyd2
Runx1	Ifng
Runx1	Igfbp3
Runx1	Il2
Runx1	Il23a
Runx1	Mpl
Runx1	Piezo2
Runx1	Slc22a17
Runx1	Smad6
Runx1	Spi1
Runx1t1	Bcl2
Runx1t1	Runx1
Runx1t1	Tcf12
Runx3	Ccr7
Runx3	Cd4
Runx3	Cldn7
Runx3	Ifng
Runx3	Itgae
Runx3	Pirb
Runx3	Slc22a17
Runx3	Thbs1
Ruvbl2	Cdkn2c
Sall2	Bax
Sall4	Hoxa9
Sall4	Pten
Sall4	Sall4
Satb1	Bcl2
Satb1	Cr2
Satb1	Il4
Satb1	Spi1
Sertad1	E2f1
Sertad1	Tfdp1
Sfpq	Cyp11a1
Sin3a	Cebpb
Sin3a	Map4
Sin3a	Nos2
Sin3a	Star
Sin3b	Bmi1
Sirt1	Bcl2l1
Sirt1	Bclaf1
Sirt1	Crp
Sirt1	Hes1
Sirt1	Il6
Sirt1	Mmp13
Sirt1	Mmp9
Sirt1	Nox1
Sirt1	Hcrtr2
Sirt1	Parp1
Sirt1	Rela
Sirt1	Retn
Sirt1	Rictor
Sirt1	Shc1
Sirt1	Sirt6
Sirt1	Smad3
Sirt1	Timp1
Six2	Gdnf
Six2	Osr1
Six2	Wnt4
Six2	Zeb2
Six5	Igfbp5
Six6	Cdkn1b
Skil	Adam12
Skil	Afp
Skil	Itch
Skil	Tpt1
Sla2	Cd3e
Sla2	Csf1r
Smad1	Bmp2
Smad1	Col1a1
Smad1	Col4a1
Smad1	Col4a2
Smad1	Creld2
Smad1	Dsg4
Smad1	Hey1
Smad1	Hhex
Smad1	Id2
Smad1	Id3
Smad1	Ovol2
Smad1	Runx1
Smad1	Smad6
Smad1	Spp1
Smad1	Tlx2
Smad1	Tnfrsf11b
Smad1	Tnfsf11
Smad2	Afp
Smad2	Becn1
Smad2	Dapk1
Smad2	Fbln5
Smad2	Foxp3
Smad2	Fshb
Smad2	Gadd45b
Smad2	Gsc
Smad2	H19
Smad2	Hes1
Smad2	Hoxd11
Smad2	Il2
Smad2	Il9
Smad2	Rgcc
Smad2	Skil
Smad2	Acta2
Smad3	Acta2
Smad3	Angptl2
Smad3	Ccl2
Smad3	Cdkn2b
Smad3	Cldn3
Smad3	Col1a2
Smad3	Ctgf
Smad3	Cxadr
Smad3	Dapk1
Smad3	Enpp1
Smad3	Fbln5
Smad3	Fn1
Smad3	Foxp3
Smad3	Fshb
Smad3	Gadd45b
Smad3	Gast
Smad3	Gsc
Smad3	H19
Smad3	Il2
Smad3	Il23a
Smad3	Il31
Smad3	Il9
Smad3	Jun
Smad3	Lgals9
Smad3	Mir433
Smad3	Mmp9
Smad3	Myc
Smad3	Myocd
Smad3	Nedd9
Smad3	Nov
Smad3	Ocln
Smad3	Plau
Smad3	Ppargc1a
Smad3	Psme3
Smad3	Rif1
Smad3	Sirt1
Smad3	Smad7
Smad3	Sstr2
Smad3	Tagln
Smad3	Tnfsf13b
Smad3	Tpsab1
Smad3	Tpt1
Smad3	Vegfa
Smad4	Afp
Smad4	Bmpr1b
Smad4	Cdkn2b
Smad4	Cldn3
Smad4	Cxadr
Smad4	Dapk1
Smad4	Dsg4
Smad4	Fshb
Smad4	Gadd45b
Smad4	Gast
Smad4	Gsc
Smad4	H19
Smad4	Hgf
Smad4	Hhex
Smad4	Id2
Smad4	Id3
Smad4	Il10
Smad4	Il9
Smad4	Jun
Smad4	Mmp7
Smad4	Muc5ac
Smad4	Ocln
Smad4	Skil
Smad4	Smad7
Smad4	Sstr2
Smad4	Tgfb1
Smad4	Tgfbr2
Smad4	Tlx2
Smad4	Tnfsf13b
Smad4	Tpsab1
Smad4	Vegfa
Smad5	Bmp2
Smad5	Creld2
Smad5	Dsg4
Smad5	Id2
Smad5	Id3
Smad5	Ovol2
Smad5	Smad6
Smad5	Nr2e1
Smad6	Cdk6
Smad6	Col1a2
Smad6	Id1
Smad6	Runx1
Smad6	Map3k7
Smad7	Col1a2
Smad7	Glb1
Smad7	Met
Smad7	Nfkbia
Smad7	Smad3
Smad7	Tgfb1
Smad7	Tnfsf13b
Smad7	Vegfa
Smad9	Bmpr1b
Smad9	Id2
Smurf1	Smad6
Snd1	E2f1
Sox11	Gdf5
Sox11	Tank
Sox11	Wnt4
Sox15	Casp3
Sox15	Hrc
Sox6	Ccnd1
Sox6	Pthlh
Sp2	Alox8
Sp2	B4galnt1
Sp2	Dhfr
Sp2	Ets1
Sp2	Id3
Sp2	Mgp
Sp2	Pcyt1a
Sp4	Cdk5r1
Sp4	Gria1
Sp4	Nrgn
Sp4	Ptdss1
Sp4	Slc9a2
Sp4	Vegfa
Spi1	Acp5
Spi1	Aif1
Spi1	Bcl2l11
Spi1	Ccl5
Spi1	Cd1d1
Spi1	Csf1r
Spi1	Dcstamp
Spi1	Elane
Spi1	Elf1
Spi1	Fcer1g
Spi1	Fes
Spi1	Flt3
Spi1	H2-Ab1
Spi1	Igh
Spi1	Ighm
Spi1	Igl
Spi1	Il1b
Spi1	Il7r
Spi1	Il9
Spi1	Irf8
Spi1	Itga2b
Spi1	Itgb3
Spi1	Med1
Spi1	Mmp13
Spi1	Mrc1
Spi1	Ncf1
Spi1	Ncf4
Spi1	Nfkb1
Spi1	Pirb
Spi1	Ptgds
Spi1	Ptprc
Spi1	Ptpro
Spi1	Scn8a
Spi1	Tal1
Spi1	Tal2
Spi1	Tec
Spi1	Tlr4
Spi1	Tnf
Spib	Blnk
Spib	Fcer2a
Spib	Igl
Spib	Nfkb1
Spib	P2ry10
Spic	Cd5l
Spic	Fcer2a
Spic	Fcgr2b
Spic	Mmp12
Spic	Nfkb1
Srf	Acta2
Srf	Actg2
Srf	Aqp2
Srf	Barx2
Srf	Ctgf
Srf	Egr1
Srf	Fos
Srf	Hmgxb4
Srf	Kcnmb1
Srf	Klf3
Srf	Mmp14
Srf	Mmp2
Srf	Myh11
Srf	Mylk
Srf	Tagln
Srf	Tgfb1i1
Sry	Wt1
Ssb	Lamb1
Stat1	App
Stat1	Bace1
Stat1	Cd36
Stat1	Cd40
Stat1	Cebpd
Stat1	Cfb
Stat1	Ciita
Stat1	Cxcl10
Stat1	Cxcl9
Stat1	Duox2
Stat1	Egr1
Stat1	Fcgr1
Stat1	Gbp2
Stat1	Gfi1
Stat1	Ifnb1
Stat1	Ifng
Stat1	Il27
Stat1	Il6
Stat1	Irf1
Stat1	Irf7
Stat1	Irf9
Stat1	Mdm2
Stat1	Mt1
Stat1	Nos2
Stat1	Pdcd1
Stat1	Pou3f1
Stat1	Rc3h1
Stat1	Socs1
Stat1	Socs3
Stat1	Tbx21
Stat1	Upp1
Stat2	Irf7
Stat2	Pdcd1
Stat3	Akt1
Stat3	Bace1
Stat3	Batf
Stat3	Bcl2
Stat3	Bcl2l1
Stat3	Cav1
Stat3	Ccl20
Stat3	Ccnd1
Stat3	Ccnd2
Stat3	Ccnd3
Stat3	Cdkn1b
Stat3	Cdkn2d
Stat3	Cebpd
Stat3	Col1a1
Stat3	Cxcl11
Stat3	S1pr1
Stat3	Eed
Stat3	Egr1
Stat3	Entpd1
Stat3	Epor
Stat3	Fos
Stat3	Gfap
Stat3	Gfi1
Stat3	Hamp
Stat3	Hgf
Stat3	Igfbp5
Stat3	Il10
Stat3	Il12a
Stat3	Il17f
Stat3	Il21
Stat3	Il23a
Stat3	Il6
Stat3	Jak3
Stat3	Klf4
Stat3	Lif
Stat3	Ly6a
Stat3	Maf
Stat3	Mdc1
Stat3	Mir21a
Stat3	Mmp1a
Stat3	Mmp2
Stat3	Mmp9
Stat3	Mt1
Stat3	Muc1
Stat3	Myc
Stat3	Nhlh2
Stat3	Nos2
Stat3	Nostrin
Stat3	Nt5e
Stat3	Pcsk1
Stat3	Phb
Stat3	Pik3r1
Stat3	Pkd1
Stat3	Pnp
Stat3	Prdm1
Stat3	Pten
Stat3	Rc3h1
Stat3	Reg3g
Stat3	Rela
Stat3	Rnls
Stat3	Slc9a3
Stat3	Socs3
Stat3	Sox6
Stat3	Spi1
Stat3	Stat3
Stat3	Tgfb1
Stat3	Tnf
Stat3	Trh
Stat3	Vegfa
Stat3	Vip
Stat3	Wnt3a
Stat4	Ifng
Stat4	Il18r1
Stat4	Irf4
Stat4	Nos2
Stat4	Prdx3
Stat4	Tbx21
Stat4	Ifngas1
Stat5a	Bcl2l1
Stat5a	Cdkn2b
Stat5a	Clnk
Stat5a	Csf2
Stat5a	Csf3
Stat5a	Csn1s1
Stat5a	Csn2
Stat5a	Dpagt1
Stat5a	Dpf3
Stat5a	Epor
Stat5a	Fam89b
Stat5a	Grb10
Stat5a	Il10
Stat5a	Il2ra
Stat5a	Il9
Stat5a	Mir21a
Stat5a	Nr3c1
Stat5a	Pck1
Stat5a	Pdk4
Stat5a	Prf1
Stat5a	Psap
Stat5a	Socs2
Stat5a	Socs3
Stat5b	Ccnd2
Stat5b	Csn2
Stat5b	Dpf3
Stat5b	Slc10a1
Stat6	Bcl2l1
Stat6	Csn2
Stat6	Egr1
Stat6	Fcer2a
Stat6	Foxp3
Stat6	Gata3
Stat6	Gfi1
Stat6	Il24
Stat6	Il4
Stat6	Il9
Stat6	Itgb3
Stat6	Ncoa3
Stat6	Tfec
Stat6	Tnf
Stat6	Zfp157
Suz12	Bcl2l11
Suz12	Mir200b
Syt1	Cdh5
Syt1	Myc
Taf4b	Zbtb16
Taf4b	Ret
Taf4b	Stra8
Tal1	Ccnd1
Tal1	Epb42
Tal1	Erg
Tal1	Kit
Tal1	Pdzk1ip1
Tal1	Runx1
Tal1	Smad6
Tal1	Tfdp2
Tbp	Csrp3
Tbp	Fgf23
Tbp	Fos
Tbp	Nf1
Tbp	Ntrk1
Tbp	Polr2f
Tbp	Prg2
Tbpl1	Nf1
Tbpl1	Prm1
Tbpl1	Prm2
Tbpl1	Tnp1
Tbx19	Pomc
Tbx21	Gata3
Tbx21	Ifng
Tbx21	Il21
Tbx21	Il23r
Tbx21	Il4
Tbx21	Il7
Tbx21	S1pr5
Tbx21	Spp1
Tbx21	Ifngas1
Tbx6	Dll1
Tbx6	Hes7
Tbx6	Mesp2
Tcf12	Acta2
Tcf12	Cldn4
Tcf12	Id2
Tcf12	Ptcra
Tcf12	Tcra
Tcf19	Ccne1
Tcf20	Mmp3
Tcf7	Bcl2l1
Tcf7	Cd4
Tead2	Fgfr4
Tead4	Acta2
Tead4	Fgfr4
Tead4	Ppp1r16a
Tead4	Vegfb
Tfcp2	Tyms
Tfdp1	Ccnd1
Tfdp1	Mybl2
Tfe3	Ppargc1a
Tfe3	Txnip
Tgfb1	Col1a2
Tgfb1	Foxp3
Tgfb1	Klf6
Tgfb1	Mycn
Tgfb1	Tbx21
Tgfb1i1	Ccl2
Tgfb1i1	Rgcc
Tgfb1i1	Tgfb1
Tgfb1i1	Tpt1
Thra	Abcd2
Thra	Jag1
Thrap3	Cebpa
Thrb	Abcd2
Thrb	Ccnd1
Thrb	Tshb
Tle2	Hes1
Tle2	Nkx6-1
Tlr4	Csf3
Tlx3	Pou4f1
Tlx3	Prrxl1
Tlx3	Ret
Tnf	Casp3
Tnf	Mmp9
Tnfaip3	Bax
Tob1	Ccnd1
Trim13	Apoa1
Trim13	Ppig
Trim24	Stat1
Trim28	Hbb-y
Trim28	Myc
Trim28	Zfx
Trim32	Ccl20
Trp53bp1	Atm
Trp53bp1	Brca1
Trp53bp1	Chek2
Trp53bp1	Hc1
Trp73	Bax
Trp73	Bbc3
Trp73	Casp8ap2
Trp73	Cdkn1c
Trp73	E2f1
Trp73	Foxo3
Trp73	Gls2
Trp73	Itch
Trp73	Mdm2
Trp73	Ngfr
Trp73	Nr3c1
Trp73	Pten
Trp73	Pdgfrb
Trp73	Pmaip1
Trp73	Psrc1
Trp73	Tpt1
Trps1	Dspp
Trps1	Runx1
Trps1	Stat3
Tsg101	Mdm2
Ube2k	Nfe2l2
Usf1	Alx3
Usf1	Apoa5
Usf1	Bdnf
Usf1	Ces2c
Usf1	Ciita
Usf1	Col1a1
Usf1	Pf4
Usf1	Cyp1a1
Usf1	Fasn
Usf1	Fmr1
Usf1	Fshr
Usf1	Gata5
Usf1	Mt1
Usf1	Pigr
Usf1	Prnd
Usf1	Ren1
Usf1	Spp1
Usf1	Tnfaip3
Usf2	Alx3
Usf2	Apoa5
Usf2	Bdnf
Usf2	Col1a1
Usf2	Pf4
Usf2	Fasn
Usf2	Fmr1
Usf2	Fshr
Usf2	Hmox1
Usf2	Mt1
Usf2	Pigr
Usf2	Ren1
Usf2	Spp1
Vdr	Cyp3a41a
Vdr	Igfbp3
Vdr	Lrp5
Vdr	Nphs1
Vdr	Spp1
Vdr	Tnfsf11
Vezf1	Edn1
Vezf1	Morf4l1
Vezf1	Mrgbp
Vezf1	Stmn1
Vhl	Tfam
Wnt1	Ccnd1
Wnt1	Ccnd3
Wnt1	Cdkn1b
Wnt1	Coro1a
Wnt5a	Ptx3
Wnt5a	Ret
Wt1	Adamts16
Wt1	Amhr2
Wt1	Coro1b
Wt1	Csf1
Wt1	Igf2
Wt1	Il10
Wt1	Nphs1
Wt1	Pou4f2
Wt1	Stim1
Wt1	Vegfa
Wt1	Wnt4
Wwtr1	Glis3
Wwtr1	Ofd1
Wwtr1	Tsc1
Wwtr1	Zeb1
Xbp1	Bhlha15
Xbp1	Ern1
Xbp1	Fasn
Xbp1	Foxo1
Xbp1	Herpud1
Xbp1	Irf4
Xbp1	Pax5
Xbp1	Pou2af1
Xbp1	Prdm1
Xbp1	Setd7
Xbp1	Stard5
Xbp1	Tmbim6
Xbp1	Vegfa
Xrcc5	Apaf1
Xrcc5	Il2
Xrcc6	Apaf1
Xrcc6	Il2
Zbtb16	Ddit4
Zbtb17	Mapk8
Zbtb17	Slc11a1
Zbtb32	Ciita
Zbtb33	Bcl6
Zbtb33	Mmp7
Zbtb33	Rapsn
Zbtb33	Wnt11
Zbtb33	Zfp131
Zbtb7a	Bcl2l11
Zbtb7a	Ccna2
Zbtb7a	Cdkn2a
Zbtb7a	Comp
Zbtb7a	Creb3
Zbtb7a	Nfatc1
Zeb1	Ccng2
Zeb1	Cd4
Zeb1	Gata3
Zeb1	Il2
Zeb1	Itga4
Zeb1	Itga7
Zeb1	Pkp3
Zeb1	Rbl2
Zeb1	St3gal5
Zeb1	Tgfb1
Zeb1	Trp73
Zeb2	Ocln
Zfp148	Gata1
Zfp148	Rnls
Zfp148	Spi1
Zfp148	Tal1
Zfp148	Tph1
Zfp277	Cdkn2a
Zfp36	Il2
Zfp36	Nfkb1
Zfp384	Nfkb1
Zfp385a	Cebpa
Zfp410	Mmp1a
Zfp42	Tsix
Zfp423	Ebf1
Zfp423	Smad1
Zfp423	Smad4
Zfp488	Olig1
Zfp513	Arr3
Zfp513	Rbp3
Zfp513	Sp4
Zfp64	Hes1
Zfp64	Hey1
Zfpm1	Fcer1g
Zfpm1	Gata3
Zfpm1	Hamp
Zfpm1	Itga2b
Zfpm1	Ms4a2
Zhx3	Wt1
Zhx3	Zhx1
Zhx3	Zhx2
Zic2	Afp
Zic2	Epha4
Zic2	Robo3
Zic2	Slc6a4
