AATF	BAX
AATF	CDKN1A
AATF	MYC
AATF	TP53
ABL1	BAX
ABL1	BCL2
ABL1	BCL6
ABL1	CDKN1A
ABL1	FOXO3
ABL1	TP53
AES	EPHA3
AES	LEF1
AES	RND3
AHR	ABCG2
AHR	AHRR
AHR	ARNT
AHR	BRCA1
AHR	CA9
AHR	CCND1
AHR	CCNG2
AHR	CYP1A1
AHR	CYP1B1
AHR	IL13
AHR	IL1B
AHR	IL6
AHR	MFSD2A
AHR	MT2A
AHR	MYC
AHR	PCNA
AHR	RFC3
AHR	UGT1A6
AIP	AHR
AIP	GREB1
AIP	RSF1
AIP	TFF1
APBB1	GMPS
APC	AKT1
APC	AMHR2
APC	BIRC5
APC	DLG1
APC	DNMT1
APC	KLF4
APC	MYC
APC	NOS2
APC	ODC1
APC	PTGS2
APC	SGK1
ARID1A	CDKN1A
ARID1A	IGH
ARID1A	SMAD3
ARID1B	IGH
ARID3A	CDC6
ARID3A	CDK1
ARID3A	CR2
ARID3A	E2F1
ARID3A	PML
ARID3A	RBL1
ARNT	AHR
ARNT	BHLHE40
ARNT	BRCA1
ARNT	CA9
ARNT	CCNE1
ARNT	CDK2
ARNT	CTSD
ARNT	CYP1A1
ARNT	CYP1B1
ARNT	EGLN2
ARNT	EPO
ARNT	ESR1
ARNT	GAD1
ARNT	MFSD2A
ARNT	UGT1A6
ARNT	VEGFA
ARNTL	BHLHE40
ARNTL	CRY1
ARNTL	CRY2
ARNTL	PER1
ARNTL	PER2
ARNTL	PER3
ASH1L	TGFB1
ASH1L	TIMP1
ASXL1	FABP4
ATF3	ADIPOR1
ATF3	ADIPOR2
ATF3	AK4
ATF3	ASNS
ATF3	CD82
ATF3	DDIT3
ATF3	GDF15
ATF3	ID1
ATF3	PCLAF
ATF3	PENK
ATF3	SELE
ATF3	TP53
ATF4	APOE
ATF4	ASNS
ATF4	ATF3
ATF4	ATG5
ATF4	BGLAP
ATF4	CA9
ATF4	CHAC1
ATF4	CXCL8
ATF4	DDIT3
ATF4	DDIT4
ATF4	DDR2
ATF4	DISC1
ATF4	F7
ATF4	FGF19
ATF4	FGF21
ATF4	HRK
ATF4	HSPA5
ATF4	IGFBP1
ATF4	IL6
ATF4	MAP1LC3B
ATF4	MCL1
ATF4	NDC80
ATF4	NUPR1
ATF4	PTGS2
ATF4	S100P
ATF4	SIGMAR1
ATF4	SIRT1
ATF4	SIRT2
ATF4	TNFRSF10B
ATF4	TRIB3
ATF4	VEGFA
ATF5	BCL2
ATF5	DISC1
ATF5	ID1
ATF5	SH2D1A
ATF6	BGLAP
ATF6	DDIT3
ATF6	DNAJC3
ATF6	HSPA5
ATF6	MAFA
ATF6	NR0B2
ATF6	NUCB1
ATF6	PDX1
ATF6	RTN3
ATF6	STARD4
ATF6	WBP1
ATF6	XBP1
ATF7	TAF12
ATM	APLF
ATM	BAX
ATM	BCL2
ATM	CDKN1A
ATM	CFLAR
ATM	DUSP1
ATM	FOXM1
ATM	GADD45A
ATM	IGF1R
ATM	KLRK1
ATM	MCL1
ATM	MTF1
ATM	PBK
ATM	PCNA
ATM	PMAIP1
ATM	PVR
ATM	SLC2A1
ATM	TERF1
ATM	TNFRSF10B
ATM	VEGFA
ATRX	HBA1
ATRX	HBA2
BACH2	BCL2
BACH2	IL2
BACH2	XBP1
BARD1	ESR1
BARX2	ESR1
BCL3	EGFR
BCL6	BCL6
BCL6	CDKN1A
BCL6	CDKN2B
BCL6	CHEK1
BCL6	FCER2
BCL6	HDAC7
BCL6	IRF4
BCL6	LITAF
BCL6	MYC
BCL6	PDCD2
BCL6	XBP1
BDP1	MYC
BDP1	RB1
BDP1	TP53
BHLHE41	CCND1
BHLHE41	MLH1
BIN1	MYC
BMI1	TERT
BRCA1	AREG
BRCA1	ASPM
BRCA1	ATM
BRCA1	BACH1
BRCA1	BRCA2
BRCA1	CASR
BRCA1	CCNB1
BRCA1	CCND1
BRCA1	CDH3
BRCA1	CDKN1A
BRCA1	CDKN1B
BRCA1	CTSD
BRCA1	CYP1A1
BRCA1	CYP1B1
BRCA1	DDB2
BRCA1	DDIT3
BRCA1	E2F6
BRCA1	EGFR
BRCA1	EP300
BRCA1	ESR1
BRCA1	FOXC1
BRCA1	FOXC2
BRCA1	FST
BRCA1	GADD45A
BRCA1	HMGA2
BRCA1	HNRNPA2B1
BRCA1	HSPA5
BRCA1	IGF1
BRCA1	IGF1R
BRCA1	IRF9
BRCA1	JAK1
BRCA1	JAK2
BRCA1	KHSRP
BRCA1	KRT17
BRCA1	KRT18
BRCA1	KRT5
BRCA1	MAD2L1
BRCA1	MDC1
BRCA1	MDM2
BRCA1	MYC
BRCA1	RNASEL
BRCA1	S100A2
BRCA1	SIRT1
BRCA1	TFF1
BRCA1	TP63
BRCA1	VEGFA
BRCA1	XPC
BRCA2	DMC1
BRCA2	PSMD3
BRCA2	PSMD6
BRCA2	RAD51
BRD7	BRD2
BRD7	BRD3
BRD7	E2F3
BRIP1	BARD1
BRIP1	MLH1
BTG2	CCND1
BTG2	HRAS
BTG2	SPHK1
CBFA2T3	TCF12
CBFA2T3	ZNF652
CBFB	RUNX3
CBX7	CCNE1
CBX7	CDH1
CBX8	CDKN1A
CDX1	DSC2
CDX1	IRF2BP2
CDX1	KRT20
CDX1	PCNA
CDX1	POSTN
CDX1	PTGS2
CDX2	ABCB1
CDX2	ACAT2
CDX2	APC
CDX2	AXIN2
CDX2	CDH17
CDX2	CDKN1A
CDX2	DSC2
CDX2	ELMO3
CDX2	FUT2
CDX2	GSK3B
CDX2	GSPT1
CDX2	GSTP1
CDX2	GUCY2C
CDX2	HEPH
CDX2	IGFBP3
CDX2	KLF4
CDX2	LCT
CDX2	MEP1A
CDX2	MUC17
CDX2	PTGS2
CDX2	REG4
CDX2	SLC15A1
CDX2	SLC9A2
CDX2	UGT1A10
CDX2	UGT1A8
CDX2	UGT2B15
CDX2	UGT2B17
CDX2	VDR
CEBPG	SFTPD
CEBPZ	APC
CEBPZ	COL11A1
CEBPZ	COL1A2
CEBPZ	GZMB
CEBPZ	MLH1
CHD4	CD79A
CHD4	RNF8
CHD8	BRCA1
CHD8	CCNE2
CHD8	HOXA2
CHD8	MYC
CHD8	TYMS
CIITA	COL1A2
CIITA	CREBBP
CIITA	HLA-A
CIITA	HLA-B
CIITA	HLA-C
CIITA	HLA-DMA
CIITA	HLA-DMB
CIITA	HLA-DOA
CIITA	HLA-DOB
CIITA	HLA-DPB1
CIITA	HLA-DQB1
CIITA	HLA-DRA
CIITA	HLA-DRB1
CIITA	HLA-DRB3
CIITA	HLA-DRB4
CIITA	HLA-DRB5
CIITA	HLA-F
CIITA	HLA-G
CIITA	IL4
CIITA	MMP9
CIITA	PLXNA1
CIITA	PSMC5
CIITA	RAB4B
CIITA	S100A4
CIITA	SIRT1
CIITA	SLC26A3
CITED2	MMP13
CLOCK	BHLHE40
CLOCK	BHLHE41
CLOCK	CRY1
CLOCK	CRY2
CLOCK	DEC1
CLOCK	KAT5
CLOCK	NR0B2
CLOCK	PER1
CLOCK	PER2
CLOCK	PER3
CLOCK	TPO
CNBP	MYC
COPS5	CDKN1B
COPS5	VEGFA
CREB3	CXCR4
CREBBP	ALOX15
CREBBP	BRCA1
CREBBP	CDKN1A
CREBBP	EGFR
CREBBP	EP300
CREBBP	EZH2
CREBBP	HINFP
CREBBP	HOXA10
CREBBP	HOXA9
CREBBP	IL4
CREBBP	INSM1
CREBBP	PSMC5
CREBBP	PTGS2
CREBBP	RAD51
CREBBP	RS1
CREBBP	S100A4
CREBBP	TP53
CREBBP	TRIM22
CTBP1	BRCA1
CTBP1	BRCA2
CTBP1	CLDN7
CTBP1	KRT18
CTCFL	BAG1
CTNNB1	BIRC5
CTNNB1	CCND1
CTNNB1	CD44
CTNNB1	CHGA
CTNNB1	CLDN2
CTNNB1	FST
CTNNB1	GLCE
CTNNB1	GLI2
CTNNB1	MYC
CTNNB1	NCOA2
CTNNB1	NRCAM
CTNNB1	PLD1
CTNNB1	PTGS2
CTNNB1	RB1
CTNNB1	STARD7
CTNNB1	TCF7
CTNNB1	VIM
CTNNBIP1	GLI2
CTNNBIP1	STMN2
CUX1	CDKN1B
CUX1	CR2
CUX1	CYBB
CUX1	ECT2
CUX1	FTO
CUX1	RACGAP1
CUX1	WNT5A
DACH1	PELP1
DACH1	TNFSF11
DDB1	CDKN2A
DDB2	BCL2
DDB2	SOD2
DDB2	XPA
DDIT3	ANKRD1
DDIT3	ASNS
DDIT3	ATF5
DDIT3	ATG5
DDIT3	CDK2
DDIT3	CXCL8
DDIT3	IL6
DDIT3	MAP1LC3B
DDIT3	MCL1
DDIT3	RTN3
DDIT3	SIRT1
DDIT3	SIRT2
DDIT3	TF
DDIT3	TNFRSF10B
DDIT3	TRIB3
DDX5	H19
DDX5	IGF2
DEDD	CFLAR
DEDD	FADD
DEK	BCL2
DEK	BIRC3
DEK	CXCL8
DEK	HLA-DQB1
DEK	PRDX5
DLX3	CGA
DLX4	BRCA1
DLX5	IBSP
DLX5	IGFBP3
DLX5	IRS2
DLX5	MYC
DMAP1	ATM
DMAP1	BAX
DMAP1	CDKN1A
DMAP1	DNMT1
DNMT1	BAG1
DNMT1	BIRC5
DNMT1	CASP8
DNMT1	CDH1
DNMT1	CDKN2A
DNMT1	CDKN2B
DNMT1	CXCR4
DNMT1	EPCAM
DNMT1	ESR1
DNMT1	GAD1
DNMT1	HDAC1
DNMT1	IL32
DNMT1	KIR2DL3
DNMT1	MBD2
DNMT1	MGMT
DNMT1	MSH2
DNMT1	PROM1
DNMT1	RASSF1
DNMT1	RB1
DNMT1	RELN
DNMT1	RGS10
DNMT1	RUNX3
DNMT1	SFRP1
DNMT1	SFRP5
DNMT1	TERT
DNMT1	TIMP3
DNMT1	TNFRSF10B
DNMT1	TP53
DNMT1	VEGFA
DNMT3A	CDH6
DNMT3A	CDKN1A
DNMT3A	CDKN2A
DNMT3A	IGFBP3
DNMT3A	JUP
DNMT3A	POU5F1
DNMT3A	SETDB1
DNMT3A	SFRP1
DNMT3A	SFRP5
E2F1	ABCB1
E2F1	APAF1
E2F1	ASF1B
E2F1	ATAD2
E2F1	ATG5
E2F1	ATM
E2F1	AURKA
E2F1	AURKB
E2F1	BBC3
E2F1	BCL2
E2F1	BIRC5
E2F1	BMI1
E2F1	BRCA1
E2F1	CASP7
E2F1	CCNB1
E2F1	CCND1
E2F1	CCNE1
E2F1	CD2AP
E2F1	CDAN1
E2F1	CDC6
E2F1	CDCA7
E2F1	CDK1
E2F1	CDKN1A
E2F1	CDKN1C
E2F1	CDKN2A
E2F1	CHEK1
E2F1	CHEK2
E2F1	CREBBP
E2F1	CTNNBIP1
E2F1	CTSV
E2F1	CUX1
E2F1	DAPK2
E2F1	DBF4
E2F1	DDIT3
E2F1	DHFR
E2F1	DIRAS3
E2F1	DNMT1
E2F1	DOK1
E2F1	DRAM1
E2F1	DROSHA
E2F1	DUSP1
E2F1	E2F1
E2F1	E2F6
E2F1	ECT2
E2F1	ERCC1
E2F1	ERCC5
E2F1	ERICD
E2F1	FANCA
E2F1	FGFR1
E2F1	FHIT
E2F1	FLT1
E2F1	FMN2
E2F1	FOXM1
E2F1	FSHR
E2F1	FZD1
E2F1	GINS3
E2F1	H19
E2F1	HIC1
E2F1	HMGA1
E2F1	HSPA5
E2F1	IL1B
E2F1	ISYNA1
E2F1	KDR
E2F1	KIF2C
E2F1	KIR3DL1
E2F1	LRBA
E2F1	MAP1LC3A
E2F1	MAP3K5
E2F1	MAPK8
E2F1	MCL1
E2F1	MCM5
E2F1	MCM8
E2F1	MCPH1
E2F1	MDM2
E2F1	MEFV
E2F1	MIR202
E2F1	MT1G
E2F1	MYBL2
E2F1	MYC
E2F1	MYCN
E2F1	MYH10
E2F1	NELL2
E2F1	NPAT
E2F1	NRIP1
E2F1	PCNA
E2F1	PCSK6
E2F1	PEG10
E2F1	PIN1
E2F1	PLK1
E2F1	PNRC2
E2F1	PPP1R13B
E2F1	PTPRO
E2F1	RACGAP1
E2F1	RAD51
E2F1	RASGEF1B
E2F1	RASGRP1
E2F1	RB1
E2F1	RBM38
E2F1	RNF2
E2F1	RPA2
E2F1	RRM1
E2F1	RRM2
E2F1	RRP1B
E2F1	SERPINB5
E2F1	SIVA1
E2F1	SKP2
E2F1	TERT
E2F1	THBS1
E2F1	TNFSF11
E2F1	TOP2A
E2F1	TP53
E2F1	TP53BP2
E2F1	TP53INP1
E2F1	TP73
E2F1	TYMS
E2F1	UHRF1
E2F1	ULK1
E2F1	VEGFA
E2F1	WWOX
E2F1	XRCC1
E2F1	ZNF350
E2F2	CUX1
E2F2	MAP3K5
E2F3	AURKA
E2F3	CCNA2
E2F3	CCNB1
E2F3	CDC6
E2F3	CDK1
E2F3	CDKN1A
E2F3	CUX1
E2F3	ERICD
E2F3	MAP3K5
E2F3	MAPK8
E2F3	PLK1
E2F3	TFE3
E2F3	VEGFA
E2F4	AURKB
E2F4	BIRC5
E2F4	BRCA1
E2F4	CCNB1
E2F4	CCND1
E2F4	CDK2
E2F4	CUX1
E2F4	DIRAS3
E2F4	HCFC1
E2F4	PCLAF
E2F4	LIN54
E2F4	LTBP4
E2F4	MAP3K5
E2F4	MCM10
E2F4	MYC
E2F4	PEG10
E2F4	PLK1
E2F4	PLK4
E2F4	RAD51
E2F4	TOPBP1
E2F4	TTK
E2F5	FSHR
E2F5	LOXL2
E2F5	MYC
E2F6	APAF1
E2F6	BRCA1
E2F6	BRD7
E2F6	CYC1
E2F6	E2F1
E2F6	IL13
E2F6	PCLAF
E2F7	E2F1
E2F8	CCND1
E2F8	E2F1
E4F1	CCNA2
EAF1	ELL
EAPP	ABCB1
EAPP	CDKN1A
EAPP	CDKN2A
EBF1	ATF5
EBF3	CDKN1A
EED	CPEB1
EGR2	GJB1
EGR2	IDO1
EGR2	IGF2
EGR2	IL6
EGR2	LIF
EGR2	MPZ
EGR2	PTGS2
EGR2	SCD5
EGR3	NAB2
EGR3	SPRY1
EHMT2	BIRC5
EHMT2	CDKN1A
EHMT2	RUNX3
EHMT2	SIAH1
EIF2AK2	CD4
EIF2AK2	IRS2
ELF1	BRCA2
ELF1	CD68
ELF1	CYBB
ELF1	FLI1
ELF1	TEK
ELF1	TLR9
ELF2	TEK
ELF2	VCP
ELF4	CXCL8
ELF4	HBD
ELF4	MDM2
ELF4	MMP9
ELF4	TP53
ELK1	CITED2
ELK1	DAP3
ELK1	EIF2AK1
ELK1	EZH2
ELK1	FOSL1
ELK1	FUT4
ELK1	MCL1
ELK1	MECOM
ELK1	PDGFB
ELK1	PSEN1
ELK1	PTPRZ1
ELK1	SKP2
ELK1	TLR9
ELK1	TNFRSF10B
ELK1	WISP2
ELK1	ZFP36
ELL	BAX
ELL	CDKN1A
ELL	E2F1
ELL	MDM2
ENO1	HSD3B2
ENO1	MYC
ENO1	MYCN
ENO1	PTGS2
EP300	ABCB1
EP300	ALOX15
EP300	BIRC5
EP300	BRCA1
EP300	CA9
EP300	CCNB2
EP300	CCND1
EP300	CCNE1
EP300	CDKN1A
EP300	CDKN2B
EP300	COL1A2
EP300	CRABP1
EP300	CREBBP
EP300	CXCL8
EP300	CYBB
EP300	CYP1B1
EP300	DNMT1
EP300	EIF2AK1
EP300	EPO
EP300	EZH2
EP300	HINFP
EP300	IGF1
EP300	IGFBP3
EP300	IL12B
EP300	IL5
EP300	IL6
EP300	KRT16
EP300	LAMA3
EP300	MDM2
EP300	MGMT
EP300	MMP9
EP300	MYC
EP300	NR0B2
EP300	PCNA
EP300	PTGS2
EP300	RAD51
EP300	RS1
EP300	S100A4
EP300	SLC9A2
EP300	TBXAS1
EP300	TP73
EP300	TRIM22
EP300	VCAM1
EP300	VEGFA
EP300	WT1
EP300	YY1
EP300	ZEB1
EPAS1	CA9
EPAS1	COL10A1
EPAS1	FLT1
EPAS1	MSC
EPAS1	PTPRZ1
EPAS1	VEGFA
ERCC2	BAX
ERCC2	BCL2
ERCC2	CDKN1A
ERCC2	CPD
ERCC2	E2F1
ERCC2	LAMTOR5
ERCC2	TP53
ERCC2	XPA
ERF	ETS2
ERF	PRL
ESR1	ABCG2
ESR1	AHR
ESR1	AVP
ESR1	BCL2
ESR1	BLM
ESR1	BRCA1
ESR1	BTG2
ESR1	CCNA2
ESR1	CCND1
ESR1	CD24
ESR1	CDH1
ESR1	CDK4
ESR1	CDKN1A
ESR1	CDKN1B
ESR1	CHAT
ESR1	CRH
ESR1	CRHBP
ESR1	CTNNB1
ESR1	CTSD
ESR1	CYP1A1
ESR1	CYP1B1
ESR1	CYP2C19
ESR1	DCT
ESR1	E2F1
ESR1	EGFR
ESR1	ESR1
ESR1	ESRRA
ESR1	F12
ESR1	FLT1
ESR1	FOXP1
ESR1	GREB1
ESR1	HSPB1
ESR1	HTRA2
ESR1	JAK2
ESR1	JUNB
ESR1	KDR
ESR1	KRT19
ESR1	MDM2
ESR1	MICB
ESR1	MMP13
ESR1	MTA3
ESR1	MYC
ESR1	NQO1
ESR1	OXT
ESR1	PELP1
ESR1	PGR
ESR1	PLAC1
ESR1	PMAIP1
ESR1	PTMA
ESR1	SERPINB9
ESR1	TAC3
ESR1	TERT
ESR1	TFF1
ESR1	TGFA
ESR1	TP53
ESR1	TYMS
ESR1	UGT1A4
ESR1	UGT2B15
ESR1	VEGFA
ESR1	YWHAQ
ESR1	ZEB1
ESR1	ZFHX3
ESR2	AVP
ESR2	BRCA2
ESR2	CD68
ESR2	CDKN1A
ESR2	CHAT
ESR2	CRH
ESR2	CTSD
ESR2	INSR
ESR2	MKNK2
ESR2	OXT
ESR2	PELP1
ESR2	PTPRC
ESR2	TERT
ESR2	TFF1
ESR2	TGFA
ESR2	VEGFA
ESRRA	AHR
ESRRA	DAP3
ESRRA	NRIP1
ESRRA	SNAI1
ESRRA	SNAI2
ETS2	ANGPT2
ETS2	ANPEP
ETS2	CDK1
ETS2	CDKN1A
ETS2	CDKN2A
ETS2	CGA
ETS2	CHRNE
ETS2	CXCL8
ETS2	FLI1
ETS2	IL12B
ETS2	IL5
ETS2	LCK
ETS2	MDM2
ETS2	MMP9
ETS2	MYC
ETS2	PDE7A
ETS2	TERT
ETS2	TLR9
ETS2	TNC
ETS2	TP53
ETV6	BBC3
ETV6	CDKN1A
ETV6	GAS2
ETV6	IGFBP5
ETV6	MAD2L1
ETV7	ETS2
ETV7	ETV6
EWSR1	EGR2
EWSR1	PHLDA1
EWSR1	POU4F1
EWSR1	TERT
EWSR1	TGFBR2
EZH2	ADAMTS1
EZH2	ADRB2
EZH2	ALDH1A1
EZH2	APC
EZH2	AXL
EZH2	BRCA1
EZH2	CCND1
EZH2	CCNE1
EZH2	CDH1
EZH2	CDKN1A
EZH2	CDKN2A
EZH2	CDKN2B
EZH2	CIITA
EZH2	CPEB1
EZH2	DACT3
EZH2	FBXO32
EZH2	FOXC1
EZH2	HDAC1
EZH2	HOXB13
EZH2	IGFBP1
EZH2	KPNB1
EZH2	MST1
EZH2	MYC
EZH2	PAX8
EZH2	PCNA
EZH2	PEBP1
EZH2	PIP5K1C
EZH2	POLR3D
EZH2	PRL
EZH2	PTEN
EZH2	RPLP0
EZH2	RUNX3
EZH2	SATB1
EZH2	SFRP1
EZH2	SNAI2
EZH2	SSTR1
EZH2	TP53
EZH2	VDR
FHL2	CCND1
FHL2	CDKN1A
FHL2	CDKN1B
FIGLA	TCF3
FLI1	COL1A2
FLI1	EP300
FLI1	EYA3
FLI1	FLI1
FLI1	FOXM1
FLI1	GP6
FLI1	GP9
FLI1	HDAC1
FLI1	ID2
FLI1	IGFBP3
FLI1	ITGA2B
FLI1	MIR708
FLI1	MPL
FLI1	PHLDA1
FLI1	TERT
FLI1	TGFBR2
FOSB	CXCL8
FOSB	TGFB1
FOSB	TIMP1
FOSL1	CLU
FOSL1	EZH2
FOSL1	GCLC
FOSL1	ITGAV
FOSL1	ITGB3
FOSL1	IVL
FOSL1	SFTPD
FOSL2	BCL6
FOSL2	BRCA1
FOSL2	CCR4
FOSL2	CLU
FOSL2	FOSL1
FOSL2	IBSP
FOSL2	IL5
FOSL2	IVL
FOSL2	MDM2
FOSL2	NOS2
FOSL2	TGFB1
FOSL2	TIMP1
FOSL2	UGT2B15
FOXC1	FGF19
FOXC1	FOXO1
FOXC2	ANGPT2
FOXD3	CAPN6
FOXD3	CYFIP2
FOXD3	NDRG1
FOXD3	RND3
FOXD3	SPP1
FOXD3	ZNF175
FOXE1	MSX1
FOXE1	TPO
FOXF1	CDH1
FOXF1	GH2
FOXG1	CDKN1A
FOXI1	SLC26A4
FOXJ1	ASPM
FOXK2	IL2
FOXK2	SIN3A
FOXL1	BMP4
FOXM1	APOE
FOXM1	BRIP1
FOXM1	BTG2
FOXM1	CCNB1
FOXM1	CDC25A
FOXM1	CDC25B
FOXM1	CDC6
FOXM1	CDH1
FOXM1	CDKN2A
FOXM1	FGB
FOXM1	KRT15
FOXM1	MYC
FOXM1	VEGFA
FOXM1	VEGFB
FOXN1	DSG4
FOXO1	ADIPOR1
FOXO1	ANGPT2
FOXO1	CDKN1B
FOXO1	CXCR4
FOXO1	FABP4
FOXO1	FSHB
FOXO1	HYOU1
FOXO1	IGFBP1
FOXO1	IL6
FOXO1	IRS2
FOXO1	KLF2
FOXO1	NEUROG3
FOXO1	NKX6-1
FOXO1	NLK
FOXO1	PDGFA
FOXO1	PDGFB
FOXO1	PRL
FOXO1	RAG1
FOXO1	TNFSF10
FOXO1	TXNIP
FOXO3	BBC3
FOXO3	BCL6
FOXO3	BIRC5
FOXO3	CDKN2B
FOXO3	FOXM1
FOXO3	GALT
FOXO3	MYOCD
FOXO3	PIK3CA
FOXO3	SIRT1
FOXO3	SIRT6
FOXO3	TNFSF10
FOXO3	TXNIP
FOXO3	VEGFA
FOXO3	VEGFB
FOXO4	BCL6
FOXO4	PSMD11
FOXO4	SOD2
FOXO4	TNFSF10
FOXP1	HIP1R
FOXP1	RAG1
FOXP3	BRCA1
FOXP3	CCR4
FOXP3	CDKN1A
FOXP3	IL2
FOXP3	SATB1
FOXP3	TLR10
FOXP3	USP21
FOXP3	ZNF205
FOXQ1	BCL11A
FOXQ1	CDH1
FOXQ1	RSPO2
FOXQ1	VEGFA
FOXQ1	WNT3A
FUBP1	CDKN1A
FUBP1	MYC
FUS	DDIT3
FUS	MDM2
GATA5	SLC5A1
GBX2	IL6
GCM1	ERVFRD-1
GCM1	ERVW-1
GCM1	MFSD2A
GCM1	PGF
GCM2	CASR
GCM2	PTH
GFI1	BAX
GFI1	CDKN1A
GFI1	CYP27B1
GFI1	GUCY1B1
GLI1	AKT1
GLI1	BCL2
GLI1	BHLHE41
GLI1	CDK2
GLI1	CYR61
GLI1	EGR2
GLI1	H2AFX
GLI1	IL1R2
GLI1	MUC5AC
GLI1	PDGFRA
GLI1	S100A7
GLI1	S100A9
GLI1	SFRP1
GLI1	SMAD4
GLI1	SOCS1
GLI1	TNFRSF10B
GLI2	BCL2
GLI2	BHLHE41
GLI2	CDH1
GLI2	FOXC2
GLI2	FOXE1
GLI2	FOXF1
GLI2	FOXL1
GLI2	FST
GLI2	H2AFX
GLI2	IFITM5
GLI2	MUC5AC
GLI2	PDGFRA
GLI2	SOCS1
GLI2	TNFRSF10B
GLI2	WNT2B
GLI3	HLA-G
GLI3	SMO
GLI3	VMP1
GLIS3	INS
GTF2F1	BGLAP
GTF2I	DNAAF4
GTF2I	HSPA5
GTF2I	SIRT1
GTF3A	ADM
GTF3A	BAG3
GTF3A	FUS
GTF3A	RAD51B
GZF1	HOXA10
HBP1	CDKN1A
HBP1	DNMT1
HBP1	NCF1
HCFC1	E2F1
HCFC1	E2F4
HCFC1	MMACHC
HDAC1	ABCB1
HDAC1	ALOX15
HDAC1	APOC3
HDAC1	BAMBI
HDAC1	BCL2A1
HDAC1	BIRC3
HDAC1	BIRC5
HDAC1	BRCA2
HDAC1	CCND1
HDAC1	CD1D
HDAC1	CD44
HDAC1	CD82
HDAC1	CDH1
HDAC1	CDKN1A
HDAC1	CDKN2A
HDAC1	CLDN7
HDAC1	COL1A2
HDAC1	CXCL8
HDAC1	DEFB1
HDAC1	DNMT1
HDAC1	E2F1
HDAC1	EGFR
HDAC1	EIF2AK1
HDAC1	EPCAM
HDAC1	ESR1
HDAC1	GAD1
HDAC1	GRIN2B
HDAC1	HLA-DRA
HDAC1	HMGCS1
HDAC1	HSPA5
HDAC1	IGFBP3
HDAC1	IL2
HDAC1	KLF4
HDAC1	MGMT
HDAC1	MICB
HDAC1	MMP28
HDAC1	MMP9
HDAC1	PCNA
HDAC1	PHB
HDAC1	POU5F1
HDAC1	PSIP1
HDAC1	PTGS2
HDAC1	RECK
HDAC1	RECQL4
HDAC1	RELN
HDAC1	RGS10
HDAC1	RHOB
HDAC1	RUNX3
HDAC1	SERPINB5
HDAC1	SFRP1
HDAC1	SMAD7
HDAC1	SNAI2
HDAC1	SPP1
HDAC1	TERT
HDAC1	TFF1
HDAC1	TJP1
HDAC1	TNFRSF10A
HDAC1	TP53
HDAC1	TXNIP
HDAC10	TXNIP
HDAC2	ALOX5
HDAC2	APAF1
HDAC2	BMP7
HDAC2	CAD
HDAC2	CCNE1
HDAC2	CD1D
HDAC2	CDH1
HDAC2	CDKN1A
HDAC2	COL1A2
HDAC2	CXCL8
HDAC2	DEC1
HDAC2	DNMT1
HDAC2	GRM2
HDAC2	IGF1
HDAC2	KLF4
HDAC2	MUC5AC
HDAC2	MYC
HDAC2	MYCN
HDAC2	PHB
HDAC2	SNAI2
HDAC2	TGFBR2
HDAC2	TNFSF10
HDAC2	TP63
HDAC2	VEGFA
HDAC3	ALOX5
HDAC3	APOC3
HDAC3	CDH1
HDAC3	CDKN2A
HDAC3	CXCR4
HDAC3	EGFR
HDAC3	GAS2
HDAC3	GCM1
HDAC3	GRHL1
HDAC3	GTF2I
HDAC3	LGALS9
HDAC3	LSS
HDAC3	MBD1
HDAC3	MYC
HDAC3	PRAM1
HDAC3	TLR9
HDAC3	ULBP1
HDAC3	VEGFA
HDAC4	ATF4
HDAC4	CA9
HDAC4	CDKN1A
HDAC4	CDKN2A
HDAC4	HDAC3
HDAC4	HOXB13
HDAC4	IL5
HDAC4	KLF4
HDAC4	MEF2A
HDAC4	MMP13
HDAC4	PTPA
HDAC4	PTGS2
HDAC4	RECK
HDAC4	SLC2A4
HDAC4	SMAD4
HDAC4	TGIF1
HDAC4	TGIF2
HDAC4	VCAM1
HDAC4	VEGFA
HDAC4	WT1
HDAC5	FGF2
HDAC5	IGF2
HDAC5	MEF2A
HDAC5	SLC2A1
HDAC5	SLC2A4
HDAC5	SLIT2
HDAC5	WT1
HDAC5	YY1
HDAC7	ACTN4
HDAC7	AKAP12
HDAC7	CDKN1A
HDAC7	ESR1
HDAC7	HDC
HDAC7	MEF2A
HDAC7	MEF2C
HDAC7	MEF2D
HDAC7	MMP10
HDAC9	CDKN2A
HDAC9	CFLAR
HDAC9	CITED2
HDAC9	DIRAS3
HDAC9	ESR1
HDAC9	HSPA5
HDAC9	IGFBP1
HDAC9	MEF2A
HDAC9	MMP13
HDAC9	MYEF2
HDAC9	PRL
HDAC9	STAT6
HDAC9	TNFRSF10B
HDAC9	TP53
HDGF	CDH1
HDGF	SMYD1
HDGF	VEGFA
HDGF	VEGFB
HDGF	VIM
HEXIM1	CCND1
HEXIM1	VEGFA
HIC1	ACKR3
HIC1	E2F1
HIC1	EPHA2
HIC1	LRP8
HIC1	MYC
HIC1	SIRT1
HIC1	VEGFA
HIC1	VLDLR
HIF3A	EPAS1
HINFP	MBD2
HIPK2	ABCB1
HIPK2	CDKN1A
HIPK2	CTBP2
HIPK2	MEF2C
HIPK2	TP53
HIPK2	VEGFA
HIPK2	VIM
HIVEP2	HLA-A
HIVEP2	HLA-B
HIVEP2	HLA-C
HIVEP2	HLA-E
HIVEP2	HLA-F
HIVEP2	HLA-G
HLTF	HERC2
HLTF	OCA2
HLX	BTG1
HLX	PAK1
HMG20B	BRCA2
HMGA1	BRCA1
HMGA1	CD44
HMGA1	CDC25A
HMGA1	CDH1
HMGA1	CRYAB
HMGA1	IL1B
HMGA1	INSR
HMGA1	KL
HMGA1	POU1F1
HMGA1	PTGS2
HMGA1	RAG2
HMGA1	SLC2A3
HMGA1	TP53
HMGA1	XPA
HMGA2	CDH1
HMGA2	IGF2BP2
HMGA2	POU1F1
HMGA2	SNAI1
HMGN1	PCNA
HMGN1	TFF1
HNF4G	AFP
HNF4G	AKR1C4
HNF4G	CYP2D6
HNRNPD	KLF2
HOXA1	BCL2
HOXA1	CCND1
HOXA1	EPAS1
HOXA1	IER3
HOXA1	LYL1
HOXA1	MYC
HOXA1	PCNA
HOXA10	BHLHE22
HOXA10	CDKN1C
HOXA10	EMX2
HOXA10	ID2
HOXA10	IGFBP1
HOXA10	IL11
HOXA10	IL15
HOXA10	ITGB3
HOXA10	KLF9
HOXA10	LYL1
HOXA10	MYCN
HOXA10	PHGDH
HOXA10	SNAI1
HOXA10	TP53
HOXA10	WT1
HOXA11	HOXA10
HOXA5	ARHGEF1
HOXA5	PGR
HOXA5	PTN
HOXA7	CDH1
HOXA7	IVL
HOXA7	KRT10
HOXA7	TERT
HOXA7	VIM
HOXA9	ARHGEF1
HOXA9	CDH3
HOXA9	ID2
HOXA9	MYCN
HOXA9	SELE
HOXA9	VCAM1
HOXB1	TCF4
HOXB13	TCF4
HOXB7	CCND1
HOXB7	CDKN1B
HOXB7	DAPK1
HOXB7	EGFR
HOXB7	FGF2
HOXB7	PDGFA
HOXB7	THBS2
HOXB7	VEGFA
HOXB7	WNT5A
HOXC11	LCT
HOXC11	S100B
HOXC13	DSG4
HOXC6	IGFBP3
HOXC6	MME
HOXD13	FHL1
HOXD3	ITGA5
HOXD3	ITGAV
HOXD3	ITGB3
HTATIP2	SPP1
HTATIP2	VEGFA
ID1	ZNF148
ID2	SNAI1
ID2	TERT
ID3	TCF3
ID3	VEGFA
ID4	BRCA1
ID4	SOX2
IFI16	BRCA1
IFI16	MYC
IFI16	TP53
IFI16	WT1
IKBKB	CD44
IKBKB	CXCL8
IKBKB	MMP9
IKBKB	NOS2
IKBKB	TP53
IKBKB	VCAM1
ILF2	ACRV1
ILF2	IL2
ILF2	ILF3
ILF3	ACRV1
ILF3	BIRC5
ILF3	HLA-DQA1
ILF3	HLA-DRA
ILF3	HLA-DRB1
ILF3	IL2
ING1	AFP
ING1	BAX
ING1	CASP3
ING1	CDKN1A
ING1	FAT1
ING1	PCNA
ING1	TP53
ING2	BCL2
ING2	MMP13
ING2	TMEM71
ING4	ANGPT1
ING4	ARL6IP5
ING4	BAX
ING4	BCL2
ING4	CASP3
ING4	CCND1
ING4	CDKN1A
ING4	CDKN1B
ING4	CXCL8
ING4	NGF
ING4	NTRK1
ING4	PTGS2
ING4	SKP2
ING4	SPP1
ING4	TP53
IRF4	BCL6
IRF4	CD68
IRF4	FCER2
IRF4	MS4A1
IRF8	CD68
IRF8	CFLAR
IRF8	CYBB
IRF8	GAS2
IRF8	IL1B
IRF8	TLR4
IRF9	CDKN1A
IRF9	CDKN1B
IRF9	IL27
IRF9	PML
IRF9	SP100
ISL1	FGF10
ISL1	MEF2C
JDP2	ATF3
JDP2	DDIT3
JUNB	APOM
JUNB	CD82
JUNB	CDKN1A
JUNB	CDKN2A
JUNB	CLU
JUNB	EGFR
JUNB	IL1B
JUNB	IL4
JUNB	IVL
JUNB	NQO1
JUNB	PTGS2
JUNB	SFTPD
JUNB	SMAD4
JUND	BCL6
JUND	CCND1
JUND	CCR4
JUND	CDKN1A
JUND	CLU
JUND	CSTA
JUND	FGFBP1
JUND	FOSL1
JUND	GADD45A
JUND	GAST
JUND	GCLC
JUND	IL5
JUND	IL6
JUND	ITGAV
JUND	ITGB3
JUND	IVL
JUND	MDM2
JUND	NOS2
JUND	NQO1
JUND	NQO2
JUND	PTGS2
JUND	SFTPD
JUND	TGFB1
JUND	TIMP1
KAT2B	CDK2
KAT2B	CDKN1A
KAT2B	CDKN1B
KAT2B	CLOCK
KAT2B	CYP1B1
KAT2B	LIN28A
KAT2B	NPAS2
KAT2B	RB1
KAT2B	SMAD4
KAT2B	TP73
KAT2B	YY1
KAT2B	ZEB1
KAT5	ERCC1
KAT5	GMPS
KAT5	HDC
KAT5	IL2
KAT6A	HOXA9
KCNIP3	GCM1
KCNIP3	SLC8A3
KCNIP3	TG
KDM2A	EREG
KDM2A	NANOG
KDM2A	SOX2
KDM4B	CCNA1
KDM4B	CCND1
KDM4B	ESR1
KDM4B	WEE1
KDM4C	JAG1
KHDRBS1	IGF2
KHSRP	RPL3
KLF10	CDKN1A
KLF10	EGFR
KLF10	FGFR1
KLF10	ITGAD
KLF10	PTGS1
KLF10	STMN1
KLF11	COL1A2
KLF11	INS
KLF11	PDX1
KLF12	PRL
KLF14	TGFBR2
KLF16	CDKN1A
KLF2	CCR5
KLF2	CDKN1A
KLF2	CXCR4
KLF2	FABP5
KLF2	IL2
KLF2	SELL
KLF2	WEE1
KLF3	HBE1
KLF3	HBG1
KLF3	CKM
KLF4	ALPI
KLF4	ATF3
KLF4	BDKRB2
KLF4	BIRC5
KLF4	CCNB1
KLF4	CCND1
KLF4	CD14
KLF4	CDH1
KLF4	CDH5
KLF4	CDKN1A
KLF4	CDKN1B
KLF4	CDKN1C
KLF4	CDX2
KLF4	CYP1A1
KLF4	GDF15
KLF4	GPA33
KLF4	HBA1
KLF4	HBA2
KLF4	HDC
KLF4	HSPA8
KLF4	IFITM3
KLF4	IL1B
KLF4	IL6
KLF4	IVL
KLF4	KRT19
KLF4	LAMA1
KLF4	LAMA3
KLF4	LXN
KLF4	NANOG
KLF4	ODC1
KLF4	PFKP
KLF4	SOD1
KLF4	TAGLN
KLF4	TP53
KLF4	VDR
KLF4	VEGFA
KLF4	ZNF750
KLF5	BIRC5
KLF5	CCNB1
KLF5	CCND1
KLF5	CDKN2B
KLF5	CXCR4
KLF5	FASN
KLF5	FGFBP1
KLF5	FOXO1
KLF5	MMP9
KLF5	MYH11
KLF5	NOTCH1
KLF6	ASAH1
KLF6	ATF3
KLF6	CCND1
KLF6	CDH1
KLF6	CDKN1A
KLF6	CERS2
KLF6	CGB5
KLF6	DAPK2
KLF6	IGF1R
KLF6	KRT12
KLF6	LAMA1
KLF6	MMP9
KLF6	NOS2
KLF6	PMAIP1
KLF6	PSG3
KLF6	PSG5
KLF6	PTTG1
KLF6	TXNIP
KLF7	SLC13A4
KLF9	PDCD5
KLF9	PGR
KLF9	PMAIP1
L3MBTL1	MYC
LCOR	CDH1
LCOR	CDKN1A
LDB1	BMP7
LDB1	TCF3
LEF1	BIRC5
LEF1	CCL7
LEF1	CCND1
LEF1	CD1D
LEF1	CHGA
LEF1	CLDN2
LEF1	CTLA4
LEF1	CTNNB1
LEF1	CYLD
LEF1	DSG4
LEF1	EDA
LEF1	ESR1
LEF1	HERC2
LEF1	MYC
LEF1	MYCBP
LEF1	NRCAM
LEF1	NT5E
LEF1	OCA2
LEF1	PRL
LEF1	RAG2
LEF1	SKP2
LEF1	SNAI2
LEF1	TCF3
LEF1	TCF4
LHX2	POU1F1
LHX2	PRL
LHX2	TSHB
LHX3	FSHB
LHX4	POU1F1
LIN28A	CCND1
LIN28A	CDC25A
LMO2	ANGPT2
LMO2	CDH1
LMO2	ELK1
LMO2	FGF2
LMO2	GYPA
LMO2	LEF1
LMO2	LYL1
LMO2	NFATC1
LMO2	ZEB1
LMO4	BMP7
LMO4	BRCA1
LMO4	DLG4
LMO4	ESR1
LMO4	MTA1
LRRFIP1	EGFR
LYL1	ANGPT2
LYL1	STMN1
MAF	GCLC
MAF	IL4
MAF	IL5
MAF	ITGB7
MAF	MMP13
MAFA	INS
MAFA	PC
MAFG	MLH1
MAFG	NQO1
MAFK	NQO1
MAL	MMP9
MAL	MYL9
MAX	BRD7
MAX	MYC
MAX	ODC1
MAX	TERT
MAZ	CD4
MAZ	CLCNKA
MAZ	HRAS
MAZ	MMP9
MAZ	TSG101
MBD1	ABCB1
MBD1	ALOX5
MBD1	IGF2
MBD1	IRF8
MBD1	MGMT
MBD1	SETDB1
MBD2	ALOX5
MBD2	ADGRB1
MBD2	CHD4
MBD2	DAPK1
MBD2	GSTP1
MBD2	KLK10
MBD2	MSH2
MBD2	MYOG
MBD2	NANOG
MBD2	POU5F1
MCM2	SNF8
MDM2	DNMT3A
MDM4	TP53
MECP2	ABCB1
MECP2	ALOX5
MECP2	CCND1
MECP2	CDKL5
MECP2	DLX5
MECP2	ESR1
MECP2	GAD1
MECP2	IGFBP3
MECP2	MGMT
MECP2	RELN
MECP2	TFF1
MED1	AURKA
MED1	UBE2C
MED1	VDR
MED23	TXNIP
MEF2A	COX6A1
MEF2A	MAPK14
MEF2A	MAPK7
MEF2A	MEF2A
MEF2A	MMP10
MEF2A	SLC2A4
MEF2A	SOST
MEF2A	TNNI3
MEF2B	BCL6
MEF2C	CDKL5
MEF2C	CPT1B
MEF2C	MAPK7
MEF2C	MECP2
MEF2C	SOST
MEF2C	VEGFA
MEF2D	ATF3
MEF2D	ATM
MEF2D	CD14
MEF2D	HDAC7
MEF2D	SOST
MEN1	BRCA1
MEN1	CASP8
MEN1	CDKN1B
MEN1	CDKN2C
MEN1	GAST
MEN1	JUND
MEN1	PRL
MEN1	RAD51
MEN1	RAD51AP1
MEN1	TERT
MLL2	HOXC6
MLL3	HOXC6
MLLT10	BAX
MLLT10	CDKN1A
MLLT10	MDM2
MLLT3	BAX
MLLT3	CDKN1A
MLLT3	MDM2
MLLT3	SCNN1A
MLX	ODC1
MLXIPL	TXNIP
MSC	CDC25A
MSC	CDC6
MSC	CTLA4
MSC	DKK1
MSC	FOXP3
MSC	LTA
MSC	MCM7
MSX1	CGA
MSX1	DKK1
MSX1	DLK1
MSX1	NOTCH3
MSX1	ZHX2
MSX2	ABCG2
MSX2	BCL2
MSX2	BGLAP
MSX2	IBSP
MSX2	NKX3-1
MSX2	SOD1
MTA1	ALOX15
MTA1	ARNTL
MTA1	BCAS3
MTA1	BRCA1
MTA1	CDH1
MTA1	CDKN2A
MTA1	EGFR
MTA1	EPHA2
MTA1	ESR1
MTA1	HDAC1
MTA1	ITGB3BP
MTA1	MMP9
MTA1	MNAT1
MTA1	MTA3
MTA1	MYC
MTA1	NOS2
MTA1	PTEN
MTA1	RNF144A
MTA1	SMAD7
MTA1	SNAI1
MTA1	SNAI2
MTA1	SUMO2
MTA1	TFF1
MTA2	CDH1
MTA2	FSHR
MTA3	CGB5
MTA3	SNAI1
MTF1	ACO1
MTF1	GCLC
MTF1	MCAT
MTF1	PGF
MTF1	PRNP
MTF1	SNCB
MTF1	SOD1
MXD1	ODC1
MXD1	PTEN
MXD1	TERT
MXD4	ODC1
MXI1	MYC
MXI1	MYCN
MYBL1	DHRS2
MYBL1	NCL
MYBL2	CCNA1
MYBL2	CCND1
MYBL2	MYBL2
MYBL2	MYC
MYBL2	NCL
MYBL2	PSG1
MYC	ASS1
MYC	ATF3
MYC	AXIN2
MYC	BAG2
MYC	BCL2
MYC	BMI1
MYC	BRD7
MYC	CAD
MYC	CBFB
MYC	CCNA2
MYC	CCNB1
MYC	CCND1
MYC	CCNE1
MYC	PROM1
MYC	CD33
MYC	CD38
MYC	CDC25C
MYC	CDC34
MYC	CDCA7
MYC	CDH3
MYC	CDK2
MYC	CDK4
MYC	CDKN1A
MYC	CFLAR
MYC	CHEK1
MYC	CHEK2
MYC	CREBBP
MYC	CXCR4
MYC	DDX18
MYC	DKK1
MYC	EBNA1BP2
MYC	EP300
MYC	FOXM1
MYC	FTH1P18
MYC	FUT3
MYC	HDAC2
MYC	HLA-A
MYC	HLA-B
MYC	HLA-C
MYC	HLA-E
MYC	HLA-F
MYC	HLA-G
MYC	HNRNPA1
MYC	HNRNPA2B1
MYC	ID2
MYC	IER3
MYC	IGF2BP1
MYC	IGK
MYC	IL6
MYC	IPO7
MYC	JUNB
MYC	KRAS
MYC	MAPK1
MYC	MME
MYC	MST1
MYC	MTDH
MYC	NDRG1
MYC	NFE2
MYC	NOL7
MYC	ODC1
MYC	PCNA
MYC	PGK1
MYC	PMAIP1
MYC	PRDX3
MYC	PRODH
MYC	PTBP1
MYC	RCC1
MYC	SART3
MYC	SFRP1
MYC	SHMT1
MYC	SRSF1
MYC	ST3GAL1
MYC	ST3GAL3
MYC	ST3GAL4
MYC	SURF1
MYC	SURF2
MYC	TERT
MYC	TFAM
MYC	TFAP4
MYC	TFRC
MYC	TLX1
MYC	TNFRSF10B
MYC	TOP1MT
MYC	TP53
MYC	TP73
MYC	UBE2C
MYC	VEGFA
MYC	WRN
MYC	XPO1
MYCN	ABCB1
MYCN	ABCC1
MYCN	BAX
MYCN	BIRC5
MYCN	BMI1
MYCN	CD44
MYCN	CDKN1A
MYCN	CDKN1B
MYCN	CIITA
MYCN	CLU
MYCN	CTSD
MYCN	DDB1
MYCN	DKK3
MYCN	EFNB3
MYCN	GRHL1
MYCN	HDAC2
MYCN	HLA-A
MYCN	HLA-B
MYCN	HLA-C
MYCN	HLA-E
MYCN	HLA-F
MYCN	HLA-G
MYCN	HMGA1
MYCN	ID2
MYCN	LRRN3
MYCN	MCM10
MYCN	MCM2
MYCN	MCM3
MYCN	MCM4
MYCN	MCM5
MYCN	MCM6
MYCN	MCM7
MYCN	MCM8
MYCN	MDM2
MYCN	MIR202
MYCN	MXI1
MYCN	MYBL2
MYCN	NDRG1
MYCN	NES
MYCN	NGFR
MYCN	NTRK1
MYCN	SKP2
MYCN	TP53
MYCN	TP53INP1
MYF6	ACACB
MYOCD	ACTG2
MYOD1	ACACB
MYOD1	HBEGF
MYOD1	SLC9A2
MYOG	ACACB
MYOG	MYEF2
NAB1	MSLN
NAB2	BCAR1
NAB2	RBL2
NANOG	AFP
NANOG	CCND1
NANOG	CDC25A
NANOG	CDX2
NANOG	CGA
NANOG	DKK1
NANOG	FGF4
NANOG	KDR
NANOG	GDF3
NANOG	KLF2
NANOG	L1TD1
NANOG	LAMB1
NANOG	LXN
NANOG	MTF2
NANOG	NODAL
NANOG	POU5F1
NANOG	SEMA6A
NANOG	SOX1
NANOG	YES1
NCOA1	CDKN1A
NCOA1	EPO
NCOA3	BCL2
NCOA3	BRCA1
NCOA3	EPO
NCOA3	MMP10
NCOA3	PLAC1
NCOA4	TFF1
NCOR1	ESR1
NCOR1	G0S2
NCOR1	IGF1
NCOR1	IGFBP3
NCOR1	SNAI2
NEAT1	CXCL8
NELFB	TFF1
NELFCD	CCND1
NELFCD	CDKN1A
NELFCD	CTNNB1
NEUROD1	INS
NEUROG3	NEUROD1
NEUROG3	VSX2
NFATC1	CD3G
NFATC1	CYP2E1
NFATC1	EGR3
NFATC1	IL2
NFATC2	CD3G
NFATC2	EGR3
NFATC2	ENPP2
NFATC2	FOXP3
NFATC2	MDM2
NFATC2	TERT
NFATC3	CTSD
NFATC3	TFF1
NFE2	GCLC
NFE2	GSS
NFE2	HBE1
NFE2L1	CDK11B
NFE2L1	NQO1
NFE2L2	BRCA1
NFE2L2	CXCL8
NFE2L2	GCLC
NFE2L2	GSS
NFE2L2	GSTA1
NFE2L2	KRT16
NFE2L2	MTHFR
NFE2L2	NQO1
NFE2L2	SDHB
NFE2L2	SOD1
NFE2L2	SOD2
NFIA	CDKN1A
NFIB	CDKN1A
NFIB	MBP
NFIB	WFDC2
NFIL3	AREG
NFIL3	EREG
NFIL3	HPGD
NFIL3	IL1B
NFIL3	PGR
NFIL3	PTGS2
NFIL3	TNFSF10
NFIX	CDKN1A
NFIX	CHI3L1
NKX2-5	CTNNB1
NKX2-5	DACT1
NKX2-5	DACT2
NKX2-5	DACT3
NKX2-5	LYL1
NKX2-5	MEF2C
NKX3-1	ACTG2
NKX3-1	CCND1
NKX3-1	ESR1
NKX3-1	IGF1R
NKX3-1	SIX6
NKX3-1	TMPRSS2
NKX3-1	VEGFA
NOTCH3	APOD
NOTCH3	ASPH
NPAS2	CRY1
NPAS2	CRY2
NPAS2	PER1
NPAS2	PER2
NPM1	ATF5
NPM1	BRD4
NPM1	CCND1
NPM1	CDKN1A
NPM1	DNMT1
NPM1	ELF4
NPM1	MDM2
NPM1	RPL3
NPM1	TAF1A
NR0B2	APOC3
NR0B2	CYP8B1
NR0B2	E2F1
NR0B2	G6PC
NR0B2	PTGS2
NR1D1	ARNTL
NR3C2	ATP1B1
NR3C2	CABIN1
NR3C2	CCR5
NR3C2	CCR6
NR3C2	EGFR
NR3C2	LCN2
NR4A2	APOM
NR4A2	CRH
NR4A2	CXCL8
NR4A2	SLC6A3
NRIP1	SLC7A1
NUPR1	CDKN1A
NUPR1	EP300
NUPR1	MSL1
NUPR1	TP53
OLIG2	LGR5
OTX2	AURKA
OTX2	CCNG2
OTX2	CDC25C
OTX2	DCT
OTX2	HESX1
OTX2	IGF1
OTX2	IL6
OTX2	POU1F1
PAWR	BCL2
PAWR	NOV
PAX1	PDGFRA
PAX4	INS
PAX4	ISL1
PAX5	BAX
PAX5	BCL2
PAX5	BLK
PAX5	CCND1
PAX5	CD19
PAX5	CD79A
PAX5	CDKN1A
PAX5	FCER2
PAX5	FHL2
PAX5	LEF1
PAX5	MYCN
PAX5	PRDM1
PAX5	PRKCE
PAX5	RAG2
PAX5	RB1
PAX5	TERT
PAX5	TIMP1
PAX5	TP53
PAX5	XBP1
PAX8	E2F1
PAX8	SLC3A1
PAX8	TG
PAX8	TP53
PAX8	TSHR
PAX8	WT1
PBX1	HOXB1
PBX1	NANOG
PBX1	VCP
PBX2	EMX2
PBX2	FMO3
PBX2	UGT2B17
PBX2	VCP
PCGF2	HOXA7
PCGF2	ZEB1
PCGF2	ZEB2
PDX1	INS
PER1	BAX
PER1	BCL2
PER1	SLC5A1
PER2	SNAI2
PGR	ABCG2
PGR	ATP1B1
PGR	BCL2
PGR	CCND1
PGR	DUSP1
PGR	E2F1
PGR	EGFR
PGR	ESR1
PGR	FOXP3
PGR	HLTF
PGR	IGFBP1
PGR	IRS2
PGR	KLK4
PGR	MYC
PGR	PLD1
PGR	PTGS2
PGR	RLN1
PGR	RLN2
PGR	VEGFA
PGR	YWHAQ
PHB2	ARNT
PHB2	BTG2
PHF10	CASP3
PIAS2	LRRN3
PIAS2	MYCN
PIAS3	ESR1
PIAS4	VDR
PITX2	ABCB1
PITX2	FGF16
PITX2	FSHB
PITX2	LEF1
PITX2	LHX6
PITX2	PLOD1
PITX2	PRL
PITX2	SLC13A3
PITX2	WNT2
PITX2	WNT5A
PLAG1	ABCC6
PLAG1	CRLF1
PLAG1	IGF2
PLAG1	XRCC1
PLAGL1	ABCC6
PLAGL1	SDHB
PML	BAX
PML	CASP3
PML	CCND1
PML	CCNT1
PML	CDKN1A
PML	EAF2
PML	EGFR
PML	EP300
PML	FLT3
PML	GRIP1
PML	HCK
PML	HIPK2
PML	PML
PML	TNFAIP3
PML	TNFSF10
PML	TP53
PML	UBA7
POLR1A	E2F1
POU1F1	CGA
POU1F1	GH1
POU1F1	GH2
POU1F1	GHR
POU1F1	INSM1
POU1F1	POU1F1
POU1F1	PRL
POU1F1	REN
POU1F1	TSHB
POU1F1	VDR
POU2F2	HLA-DOB
POU2F2	HLA-DRA
POU2F2	ID2
POU2F2	IL5
POU2F2	SPP1
POU4F1	HPSE
POU4F1	HSP90AA1
POU4F2	CCND1
POU4F2	HSP90AA1
POU5F1	BMP4
POU5F1	CDKN1A
POU5F1	CDX2
POU5F1	DDC
POU5F1	DKK1
POU5F1	DLX5
POU5F1	EOMES
POU5F1	FGF4
POU5F1	GADD45A
POU5F1	HLX
POU5F1	ID2
POU5F1	ITGA6
POU5F1	L1TD1
POU5F1	LEFTY1
POU5F1	NANOG
POU5F1	SEMA6A
POU5F1	SOX2
POU5F1	SPP1
POU5F1	TBXT
POU5F1	TBX18
POU5F1	TDGF1
POU5F1	THY1
POU5F1	ZFP42
PRDM1	CIITA
PRDM1	GCSAM
PRDM1	LMO2
PRDM1	MKI67
PRDM1	MYC
PRDM1	PCNA
PRDM14	POU5F1
PRDM2	KMT5A
PREB	PRL
PTF1A	CEL
PTMA	CDKN1A
PTMA	IDO1
PTMA	IDO2
PTMA	TLR9
PTTG1	CCNB1
PTTG1	CDC42
PTTG1	CDK1
PTTG1	DOCK1
PTTG1	FGF2
PTTG1	ID3
PTTG1	KDR
PTTG1	LGALS1
PTTG1	MYC
PTTG1	PTTG1IP
PTTG1	RAC1
PTTG1	RHOA
PTTG1	S100A4
PTTG1	VEGFA
RB1	BIRC5
RB1	BRCA1
RB1	CDH1
RB1	CDK1
RB1	CDKN1A
RB1	DDIT3
RB1	DHFR
RB1	DNMT3A
RB1	E2F1
RB1	E2F2
RB1	E2F3
RB1	EBNA1BP2
RB1	ELF1
RB1	FGFR1
RB1	HBP1
RB1	IGF1
RB1	MAP3K5
RB1	MYC
RB1	PCNA
RB1	RB1
RB1	RBL1
RB1	SFTPD
RB1	TFDP1
RB1	TGFBI
RB1	TP53BP2
RB1	VEGFA
RB1	WRN
RB1CC1	CDKN2A
RB1CC1	RB1
RBBP7	CDH1
RBL1	BRCA1
RBL1	CCNA2
RBL1	HIST1H2AE
RBL1	MYC
RBL1	TFDP1
RBL2	BRCA1
RBL2	DNMT3B
RBL2	E2F4
RBL2	RAD51
RBMX	FOSL1
RBMX	JUNB
RBMX	JUND
RBMX	ROS1
RBMX	TXNIP
RBPJ	CR2
RBPJ	IL6
RBPJ	PTEN
REL	BCL2A1
REL	BIRC3
REL	CDKN1A
REL	CSRP1
REL	EPHB2
REL	IER3
REL	IL12B
REL	IL1B
REL	IL2
REL	IL6
REL	SELE
REL	SOD2
REL	TNFAIP3
RFX1	CD70
RFX1	CIITA
RFX1	COL1A2
RFX1	FGF1
RFX1	HDAC1
RFX1	HLA-DMB
RFX1	HLA-DOB
RFX1	HLA-DPB1
RFX1	HLA-DRA
RFX1	IL5RA
RFX1	ITGAL
RFX1	MAP1A
RFX1	MSLN
RFX1	MYC
RFX1	PCNA
RFX2	FGF1
RFX2	IL5RA
RFX3	FGF1
RFX3	IL5RA
RFX3	MAP1A
RFX5	COL1A2
RFX5	HDAC2
RFX5	HLA-DMA
RFX5	HLA-DMB
RFX5	HLA-DOA
RFX5	HLA-DOB
RFX5	HLA-DPA1
RFX5	HLA-DPB1
RFX5	HLA-DQA1
RFX5	HLA-DQA2
RFX5	HLA-DQB1
RFX5	HLA-DQB2
RFX5	HLA-DRA
RFX5	HLA-DRB1
RFX5	HLA-DRB3
RFX5	HLA-DRB4
RFX5	HLA-DRB5
RFXANK	HLA-DMA
RFXANK	HLA-DMB
RFXANK	HLA-DOA
RFXANK	HLA-DOB
RFXANK	HLA-DPA1
RFXANK	HLA-DPB1
RFXANK	HLA-DQA1
RFXANK	HLA-DQA2
RFXANK	HLA-DQB1
RFXANK	HLA-DQB2
RFXANK	HLA-DRA
RFXANK	HLA-DRB1
RFXANK	HLA-DRB3
RFXANK	HLA-DRB4
RFXANK	HLA-DRB5
RFXAP	HLA-DMA
RFXAP	HLA-DMB
RFXAP	HLA-DOA
RFXAP	HLA-DOB
RFXAP	HLA-DPA1
RFXAP	HLA-DPB1
RFXAP	HLA-DQA1
RFXAP	HLA-DQA2
RFXAP	HLA-DQB1
RFXAP	HLA-DQB2
RFXAP	HLA-DRA
RFXAP	HLA-DRB1
RFXAP	HLA-DRB3
RFXAP	HLA-DRB4
RFXAP	HLA-DRB5
RNF14	CCND1
RUNX3	CAPN10
RUNX3	CASP2
RUNX3	CASP3
RUNX3	CASP7
RUNX3	CASP8
RUNX3	CCND1
RUNX3	CD36
RUNX3	CD6
RUNX3	CDKN1A
RUNX3	CFLAR
RUNX3	CLDN7
RUNX3	CLEC4G
RUNX3	DNASE1
RUNX3	FADD
RUNX3	HSPD1
RUNX3	ICAM3
RUNX3	ING1
RUNX3	ING4
RUNX3	JAG1
RUNX3	MMP9
RUNX3	MYC
RUNX3	PEA15
RUNX3	TCF4
RUNX3	TIAL1
RUNX3	TIMP1
RUNX3	TRAF6
RUNX3	TXN2
RUNX3	WNT4
RUVBL1	TP53
SALL3	DNMT3A
SALL3	HDAC9
SALL4	ABCA3
SALL4	CDH1
SALL4	HOXA9
SALL4	POU5F1
SALL4	PTEN
SALL4	SALL4
SALL4	ZEB1
SALL4A	ABCA3
SALL4A	ABCG2
SATB1	BCL2
SATB1	CD8B
SATB1	CDK4
SATB1	CR2
SATB1	CYBB
SATB1	HBE1
SATB1	HDAC1
SATB1	IL2
SATB1	IL4
SATB1	IL5
SATB1	MKI67
SATB1	SPARC
SATB2	TP63
SATB2	UPF3B
SCD5	EGR2
SETBP1	PTPA
SETBP1	PTGER2
SETBP1	PTGS2
SFPQ	ADARB2
SFPQ	CXCL8
SFPQ	DNAAF4
SFPQ	NEAT1
SFPQ	STAT6
SIM2	BCL2
SIM2	CASP3
SIM2	PRKN
SIN3A	E2F1
SIRT1	ABCB1
SIRT1	ADAMTS5
SIRT1	BCL11A
SIRT1	CCAR2
SIRT1	CCND1
SIRT1	CDH1
SIRT1	CDKN1A
SIRT1	CFH
SIRT1	CFLAR
SIRT1	COL10A1
SIRT1	COL1A2
SIRT1	CTNNB1
SIRT1	DLL4
SIRT1	EGLN1
SIRT1	ESRRG
SIRT1	EZH2
SIRT1	FOXO3
SIRT1	FOXP3
SIRT1	HBE1
SIRT1	HIC1
SIRT1	HYOU1
SIRT1	IL1B
SIRT1	LIN28A
SIRT1	MCL1
SIRT1	MMP9
SIRT1	MYC
SIRT1	NBN
SIRT1	NDRG1
SIRT1	NOTCH1
SIRT1	NQO1
SIRT1	PER1
SIRT1	SELE
SIRT1	SHC1
SIRT1	TBX3
SIRT1	TERT
SIRT1	TNFRSF10B
SIRT1	TP53
SIRT1	TP73
SIRT1	WRN
SIRT1	XPC
SIRT2	AFP
SIRT2	CDKN1A
SIRT2	NEDD4
SIRT3	FOXO3
SIX1	CDH1
SIX1	VEGFC
SKI	FHL2
SKI	MDM2
SKIL	ADAM12
SKIL	SMAD7
SLC2A4RG	SLC2A4
SMAD2	AHR
SMAD2	BCL2
SMAD2	CDKN1A
SMAD2	GLI1
SMAD3	AHR
SMAD3	ANGPTL4
SMAD3	APOC3
SMAD3	BAMBI
SMAD3	BGLAP
SMAD3	CDKN1A
SMAD3	COL7A1
SMAD3	EPO
SMAD3	FOXP3
SMAD3	FST
SMAD3	FSTL3
SMAD3	GLI2
SMAD3	LTBP4
SMAD3	MMP9
SMAD3	MXD1
SMAD3	MYC
SMAD3	POR
SMAD3	SMAD7
SMAD3	TERT
SMAD3	TGFB1
SMAD3	TNC
SMAD3	VDR
SMAD3	VEGFA
SMAD3	ZFP36
SMAD4	AHR
SMAD4	APOC3
SMAD4	BAMBI
SMAD4	BCL2
SMAD4	BGLAP
SMAD4	BTRC
SMAD4	CDKN1A
SMAD4	CDKN2B
SMAD4	COL7A1
SMAD4	DACH1
SMAD4	EPO
SMAD4	FBXO32
SMAD4	FSTL3
SMAD4	GLI1
SMAD4	HP
SMAD4	MYC
SMAD4	POR
SMAD4	RUNX1T1
SMAD4	SKIL
SMAD4	SMAD7
SMAD4	TGFB1
SMAD4	TNC
SMAD4	UCP2
SMAD4	ZFP36
SMAD7	CDK1
SMAD7	CDKN1A
SMAD7	CDKN2B
SMAD7	KRT14
SMAD7	MYC
SMAD7	TGFB1
SMAD7	TGFBR1
SMARCA1	CD44
SMARCA1	CDKN2A
SMARCA4	ABCG2
SMARCA4	CAD
SMARCA4	CCND1
SMARCA4	CD44
SMARCA4	CDH1
SMARCA4	CDKN1A
SMARCA4	CDKN2A
SMARCA4	MECOM
SMARCB1	CD44
SMARCB1	CDKN2A
SMURF2	KLF5
SNAI1	CDH1
SNAI1	CLDN3
SNAI1	CXADR
SNAI1	HBEGF
SNAI1	PEBP1
SNAI1	SNAI1
SNAI1	THBS1
SNAI1	VDR
SNAI2	CD44
SNAI2	CDH1
SNAI2	CXADR
SNAI2	CXCR4
SNAI2	HPGD
SNAI2	JAG1
SNAI2	LPAR2
SNAI2	MMP17
SNAI2	MMP9
SNAI2	POU5F1
SNAI2	UBE2D3
SNAI2	VDR
SNIP1	CCND1
SNIP1	MYC
SNW1	VDR
SOX2	ABCC3
SOX2	ABCC6
SOX2	ASXL1
SOX2	BMP4
SOX2	CCND1
SOX2	DKK1
SOX2	FGF4
SOX2	ISL1
SOX2	ITGA6
SOX2	L1TD1
SOX2	LHX3
SOX2	MKI67
SOX2	NTRK3
SOX2	PGA5
SOX2	PLAC1
SOX2	POU4F2
SOX2	SEMA6A
SOX2	VIM
SOX6	CCNA2
SOX6	CCND1
SOX6	CDK4
SOX6	CDKN1A
SOX6	CTNNB1
SOX6	TP53
SP2	CD14
SP2	DNMT3A
SP2	DNMT3B
SP2	MMP9
SP2	PAPSS2
SP4	ASS1
SP4	BIRC5
SP4	CCND1
SP4	KDR
SP4	PDE6B
SP4	YY1
SPIC	IL4
SRSF1	MYC
SSB	HAP1
SSB	LAMB1
STAT5	BCL6
STAT5B	BCL6
STAT5B	CCND1
STAT5B	CEL
STAT5B	ESR1
STAT5B	ESR2
STAT5B	IGF1
STAT6	ADRA2B
STAT6	ALOX15
STAT6	CCL11
STAT6	CCL17
STAT6	CCL26
STAT6	CISH
STAT6	CNR1
STAT6	COL1A2
STAT6	CXCL8
STAT6	CYP2E1
STAT6	CYSLTR1
STAT6	DUSP1
STAT6	EGLN3
STAT6	FCER2
STAT6	FOSB
STAT6	HSD3B2
STAT6	IL13
STAT6	IL1R1
STAT6	IL4
STAT6	IRF4
STAT6	ITGA2B
STAT6	ORMDL3
STAT6	PTGS2
STAT6	RHOA
STAT6	SELE
STAT6	SELP
STAT6	SIDT1
STAT6	SLC26A4
STAT6	SOCS1
STAT6	TLR4
SUGP1	IL1B
SUZ12	HOXA9
SUZ12	IGF2
SUZ12	SNAI2
TAF1	CDKN1A
TAF1	LRIG2
TAF1	SRC
TAF4	ATF7
TAF4	CDKN1A
TAF5	CDKN1A
TBL1X	MYC
TBR1	RELN
TBX2	CDKN1A
TBX2	CDKN2A
TBX20	FGF10
TBX3	CDKN1A
TBX3	CDKN2A
TCF12	CDH1
TCF19	CCNE1
TCF3	AICDA
TCF3	BBC3
TCF3	CD4
TCF3	CDH1
TCF3	CDKN1A
TCF3	CR2
TCF3	EXO1
TCF3	IL5RA
TCF3	INS
TCF3	MYC
TCF3	POU5F1
TCF3	RAG1
TCF4	ABCB1
TCF4	BCL2
TCF4	BIRC5
TCF4	CCND1
TCF4	CD44
TCF4	CLEC4C
TCF4	CNTNAP2
TCF4	DEFA5
TCF4	DEFA6
TCF4	FST
TCF4	HECA
TCF4	KLF4
TCF4	LGR5
TCF4	MYC
TCF4	NOTUM
TCF4	NRXN1
TCF4	PLD1
TCF4	PTEN
TCF4	SKP2
TCF4	VCAN
TCF4	VEGFA
TCF4	VIM
TCF4	WNT4
TCF7	SNAI2
TCF7L2	ABCB1
TCF7L2	ACVRL1
TCF7L2	BIRC5
TCF7L2	CTNNB1
TCF7L2	GLCE
TCF7L2	HECA
TCF7L2	WWC1
TCF7L2	PTGS2
TCF7L2	SNAI2
TCF7L2	STARD7
TEAD4	VEGFA
TFAP4	CDKN1A
TFAP4	CLCN5
TFAP4	MDM2
TFAP4	PPP2R2B
TFAP4	SALL2
TFCP2	FGA
TFCP2	GSK3B
TFCP2	SPP1
TFCP2	TF
TFCP2	TYMS
TFCP2	WT1
TFDP1	CCNE1
TFDP1	CDK1
TFDP1	DHFR
TFDP1	MYBL2
TFDP1	NRIP1
TFDP1	PCNA
TFDP1	RRM1
TFDP1	TP53
TFDP1	TYMS
TFDP3	E2F1
TFDP3	MAP1LC3B
TFPT	EAF1
TFPT	EAF2
THRA	CGA
THRB	CGA
THRB	POR
TLX1	ALDH1A1
TLX1	FHL1
TLX1	MYC
TLX1	NR4A3
TNFAIP3	SATB1
TOB1	IL2
TP53	ABCB1
TP53	AFP
TP53	AKT1
TP53	ALKBH2
TP53	ALOX5
TP53	ANKRD1
TP53	ANTXR1
TP53	APAF1
TP53	APCS
TP53	AQP3
TP53	ATF3
TP53	ADGRB1
TP53	BAX
TP53	BBC3
TP53	BCL2
TP53	BCL3
TP53	BDKRB2
TP53	BGLAP
TP53	BIRC5
TP53	BRCA1
TP53	BRCA2
TP53	BTG2
TP53	BTG3
TP53	CABLES1
TP53	CARM1
TP53	CASP1
TP53	CASP3
TP53	CCNA1
TP53	CCNA2
TP53	CCNB1
TP53	CCNB2
TP53	CCND1
TP53	CD82
TP53	CDK1
TP53	CDK2
TP53	CDK4
TP53	CDKN1A
TP53	CDKN1B
TP53	CHEK1
TP53	CHEK2
TP53	CHUK
TP53	CKM
TP53	CRYAB
TP53	CTNNB1
TP53	CTSD
TP53	CYFIP2
TP53	DDB1
TP53	DDB2
TP53	DKK1
TP53	DNMT1
TP53	DUSP1
TP53	E2F1
TP53	E2F3
TP53	E2F7
TP53	EGFR
TP53	ELF4
TP53	EPHA2
TP53	ESR1
TP53	EZH2
TP53	FDXR
TP53	FGF2
TP53	FLT1
TP53	FOXM1
TP53	FOXO3
TP53	FRMD5
TP53	FUS
TP53	GADD45A
TP53	GC
TP53	GDF15
TP53	GLI2
TP53	GML
TP53	GPNMB
TP53	GSTP1
TP53	HIPK2
TP53	HRAS
TP53	HSP90AB1
TP53	ID1
TP53	ID2
TP53	IER3
TP53	IFI16
TP53	IGF1R
TP53	IGFBP3
TP53	ING1
TP53	IPO7
TP53	KLF2
TP53	MAD1L1
TP53	MAP4
TP53	MCL1
TP53	MCM7
TP53	MDM2
TP53	MDM4
TP53	MGMT
TP53	MKI67
TP53	MYC
TP53	NKX3-1
TP53	NLRC4
TP53	NME1
TP53	OGG1
TP53	PAX5
TP53	PDGFRB
TP53	PERP
TP53	PIAS3
TP53	PLAGL1
TP53	PLK1
TP53	PLK3
TP53	PMAIP1
TP53	PML
TP53	POLD1
TP53	PTPA
TP53	PRC1
TP53	PRG3
TP53	PRKAB1
TP53	PTEN
TP53	PTTG1
TP53	RAD51B
TP53	RASSF1
TP53	RB1
TP53	RECQL4
TP53	REEP5
TP53	S100B
TP53	SFN
TP53	SIAH1
TP53	SIVA1
TP53	SLC2A1
TP53	SLC6A6
TP53	SMAD3
TP53	SSTR2
TP53	TBXAS1
TP53	TCEAL1
TP53	TCF7L2
TP53	TERT
TP53	THBS1
TP53	TNFRSF10A
TP53	TNFRSF10B
TP53	TP53
TP53	TP53I3
TP53	TP73
TP53	TRIM22
TP53	TYMS
TP53	UHRF1
TP53	UHRF1BP1
TP53	VCAN
TP53	VEGFA
TP53	WRN
TP53	XPC
TP53	XPO1
TP53BP1	BRCA1
TP63	BAX
TP63	BRCA1
TP63	CDKN1A
TP63	DDB2
TP63	DEC1
TP63	EVPL
TP63	FDXR
TP63	ID2
TP63	KLF4
TP63	SMARCD3
TP63	TCF4
TP63	VDR
TP63	XPC
TP63	ZNF750
TP73	AQP3
TP73	BAX
TP73	BBC3
TP73	BIRC5
TP73	CABLES1
TP73	CDK1
TP73	CDKN1A
TP73	E2F1
TP73	FDXR
TP73	MDM2
TP73	PMAIP1
TP73	TERT
TP73	VDR
TRAF6	TICAM1
TRAF6	VEGFA
TRIB3	ATF4
TRIB3	SMAD3
TRIM16	DES
TRIM16	E2F1
TRIM16	VIM
TRIM28	E2F3
TRIM28	E2F4
TRIM28	ID1
TRIM28	ZNF274
TSC22D3	CCND1
TSC22D3	CDKN1A
TSC22D3	FOXO1
TSC22D3	FOXO3
TSC22D3	FOXO4
TSG101	CEP55
TSG101	EGFR
TSG101	REG4
TTF2	TPO
TTF2	TSG101
UHRF1	ABCB1
UHRF1	RB1
UHRF1	TOP2A
UHRF1	VEGFA
UTF1	CDKN1B
VDR	ASAP2
VDR	BGLAP
VDR	BHLHE40
VDR	CALB1
VDR	CAMP
VDR	CD14
VDR	CDH1
VDR	CDKN1A
VDR	CDKN1B
VDR	CST5
VDR	CXCL8
VDR	CYP1A1
VDR	CYP24A1
VDR	CYP3A5
VDR	DDIT4
VDR	DKK4
VDR	EGFR
VDR	FOXP3
VDR	HLA-DRB1
VDR	HOXA10
VDR	IGFBP3
VDR	IL12B
VDR	IL2
VDR	IL6
VDR	NCOR1
VDR	PHB
VDR	PLD1
VDR	PODXL
VDR	PRL
VDR	PTH
VDR	SKP2
VDR	TLR10
VDR	TNFRSF21
VDR	TPT1
VDR	TRPV6
VDR	UCP1
VHL	ANGPT2
VHL	CA12
VHL	CA9
VHL	CCND1
VHL	CDKN1B
VHL	CDKN1C
VHL	COL4A2
VHL	CXCR4
VHL	DAB2
VHL	IGF1R
VHL	KLF10
VHL	NMU
VHL	SPARC
VHL	BHLHE40
VHL	TCF4
VHL	TFRC
VHL	TP53
VHL	VEGFA
WDR5	MYC
WHSC1	ID1
WT1	ABCB1
WT1	BCL2
WT1	CAMP
WT1	CCNE1
WT1	CD14
WT1	ADGRE5
WT1	CDC73
WT1	CDH1
WT1	CDKN1A
WT1	CIAO1
WT1	CKM
WT1	CX3CL1
WT1	CXXC5
WT1	DNMT3A
WT1	EGFR
WT1	EREG
WT1	HBEGF
WT1	HOXA10
WT1	IGF1
WT1	IGF1R
WT1	IGF2
WT1	IRF8
WT1	JUNB
WT1	MYC
WT1	MYCN
WT1	NDRG2
WT1	NOV
WT1	NPHS1
WT1	ODC1
WT1	PDGFA
WT1	PODXL
WT1	SMAD3
WT1	SNAI2
WT1	STIM1
WT1	TERT
WT1	THBS1
WT1	U2AF2
WT1	UBE2I
WT1	VDR
WT1	VEGFA
WT1	VEGFB
WT1	WTAP
WWP1	ERBB4
WWP1	SPART
WWP1	TGFBR1
WWTR1	ASNS
WWTR1	BAK1
WWTR1	BAX
WWTR1	IGFBP1
WWTR1	LTBR
WWTR1	SMAD3
XBP1	CXCL8
XBP1	DDIT3
XBP1	EDEM2
XBP1	ERN1
XBP1	ERP29
XBP1	ESR1
XBP1	GAD1
XBP1	HSPA1A
XBP1	HSPA5
XBP1	IL6
XBP1	NOS2
XBP1	PRNP
XBP1	PTGER4
XBP1	SOD2
XBP1	VEGFA
XBP1	WFS1
XBP1	ZHX2
XPC	CASP2
XPC	CPD
XPC	KIN
XPC	RNF111
YEATS4	TP53
YY1	ACTC1
YY1	ADORA2A
YY1	APC
YY1	APH1A
YY1	ATP2C1
YY1	BRCA1
YY1	CBX5
YY1	CCL13
YY1	CCR5
YY1	COL1A2
YY1	COX6A1
YY1	COX7C
YY1	CREBBP
YY1	CXCR4
YY1	CYP3A5
YY1	DEK
YY1	DNAJB4
YY1	EGFR
YY1	EPAS1
YY1	ERCC5
YY1	FCGR2B
YY1	FCGR3B
YY1	FMO3
YY1	GBP1
YY1	GDAP1
YY1	GNAS
YY1	HAS2
YY1	HBE1
YY1	HCFC1
YY1	HDAC1
YY1	HDAC2
YY1	HDAC3
YY1	HLA-DRA
YY1	HOXB13
YY1	HOXB7
YY1	HSD3B2
YY1	HSPA5
YY1	IL1B
YY1	IL4
YY1	IL5
YY1	INO80
YY1	IVL
YY1	KIR3DL1
YY1	LRIG2
YY1	LSS
YY1	MYC
YY1	NOS2
YY1	PCNA
YY1	PDIA6
YY1	PEG3
YY1	POSTN
YY1	PRDM2
YY1	SAP30
YY1	SLC26A3
YY1	SMAD7
YY1	SNRPN
YY1	SURF1
YY1	SURF2
YY1	TDO2
YY1	TF
YY1	TFRC
YY1	TNFRSF10B
YY1	TOP3A
YY1	TP53
YY1	TP73
YY1	TSIX
YY1	VEGFB
YY1	WDFY4
YY1	ZNF175
ZBTB14	FHL2
ZBTB16	BCL2
ZBTB16	BID
ZBTB16	CCNA2
ZBTB16	CRABP1
ZBTB16	CXCR4
ZBTB16	GFI1
ZBTB16	ID2
ZBTB16	LEF1
ZBTB17	CDKN1A
ZBTB17	CDKN2B
ZBTB2	ARF1
ZBTB2	CDKN1A
ZBTB2	MDM2
ZBTB2	TP53
ZBTB5	CDKN1A
ZBTB7A	CDKN2A
ZBTB7A	MYC
ZBTB7A	PFKP
ZBTB7A	PKM
ZBTB7A	SLC2A3
ZEB1	BCL6
ZEB1	CDH1
ZEB1	COL4A3
ZEB1	CXADR
ZEB1	EPCAM
ZEB1	GRHL2
ZEB1	ITGB4
ZEB1	LAMC2
ZEB1	PKP3
ZEB1	POU5F1
ZEB2	CDH1
ZEB2	CXADR
ZEB2	ITGA5
ZEB2	MEOX2
ZEB2	POU5F1
ZEB2	VIM
ZFHX3	AFP
ZFHX3	CDKN1A
ZFHX3	MUC5AC
ZFP36	CXCL8
ZFP36	ELAVL1
ZFP36	IL2
ZFP36	IL6
ZFP36	LATS2
ZFP36	SERPINB2
ZFP36	VEGFA
ZFP36L1	VEGFA
ZHX2	AFP
ZHX2	CCNA2
ZHX2	CCNE1
ZIC2	SLC13A4
ZIC2	TCF4
ZMYND11	IL6
ZNF143	BUB1B
ZNF143	ESCO2
ZNF143	PCYT1A
ZNF143	TALDO1
ZNF148	ADORA2A
ZNF148	CDKN2A
ZNF148	GAST
ZNF148	IRS2
ZNF148	ODC1
ZNF148	VIM
ZNF160	TLR4
ZNF175	NTF3
ZNF217	CDH1
ZNF224	ALDOA
ZNF224	VDR
ZNF24	CCND1
ZNF24	CTNNB1
ZNF24	MSLN
ZNF24	PDGFRB
ZNF24	VEGFA
ZNF267	MMP10
ZNF300	CDKN1A
ZNF300	CDKN1B
ZNF300	CXCL8
ZNF300	IL6
ZNF300	MYC
ZNF350	ATXN2
ZNF350	HMGA2
ZNF350	RBBP8
ZNF350	TRIM28
ZNF382	HMGA2
ZNF382	ID1
ZNF382	IKBKE
ZNF382	MYC
ZNF382	STAT5B
ZNF423	BRCA1
ZNF76	CDKN1A
ZNF76	PCYT1A
ZNF76	TALDO1
ZNRD1	ABCB1
ZNRD1	BCL2
