YBR112C	STA1
YBR112C	YAL063C
YBR112C	YAR050W
YBR112C	YDR172W
YBR112C	YER065C
YBR112C	YHR051W
YBR112C	YHR211W
YBR112C	YIL162W
YBR112C	YJR048W
YBR112C	YJR094C
YBR112C	YML058WA
YBR182C	YAL022C
YBR182C	YBL001C
YBR182C	YBL037W
YBR182C	YBL087C
YBR182C	YBL111C
YBR182C	YBR057C
YBR182C	YBR182CA
YBR182C	YBR183W
YBR182C	YCR073C
YBR182C	YCR073WA
YBR182C	YDR350C
YBR182C	YDR351W
YBR182C	YDR366C
YBR182C	YDR368W
YBR182C	YDR420W
YBR182C	YDR543C
YBR182C	YDR544C
YBR182C	YDR545W
YBR182C	YEL001C
YBR182C	YEL040W
YBR182C	YEL054C
YBR182C	YER001W
YBR182C	YER074W
YBR182C	YER188CA
YBR182C	YER189W
YBR182C	YGL115W
YBR182C	YGL259W
YBR182C	YGL261C
YBR182C	YGR282C
YBR182C	YHL027W
YBR182C	YHL034C
YBR182C	YHR080C
YBR182C	YHR081W
YBR182C	YHR091C
YBR182C	YHR193C
YBR182C	YHR194W
YBR182C	YIL002WA
YBR182C	YIL133C
YBR182C	YIL174W
YBR182C	YIL175W
YBR182C	YIR013C
YBR182C	YIR014W
YBR182C	YIR019C
YBR182C	YIR020C
YBR182C	YIR020WB
YBR182C	YIR021W
YBR182C	YJR044C
YBR182C	YKL096W
YBR182C	YKL163W
YBR182C	YKL164C
YBR182C	YKL186C
YBR182C	YKR102W
YBR182C	YKR105C
YBR182C	YKR106W
YBR182C	YLR162WA
YBR182C	YLR389C
YBR182C	YLR390W
YBR182C	YLR390WA
YBR182C	YLR392C
YBR182C	YLR393W
YBR182C	YLR394W
YBR182C	YLR463C
YBR182C	YLR465C
YBR182C	YLR467W
YBR182C	YML111W
YBR182C	YML132W
YBR182C	YML133C
YBR182C	YMR013WA
YBR182C	YMR014W
YBR182C	YMR165C
YBR182C	YNL236W
YBR182C	YNL288W
YBR182C	YNL336W
YBR182C	YNL337W
YBR182C	YNL338W
YBR182C	YNL339C
YBR182C	YOL121C
YBR182C	YOR138C
YBR182C	YOR140W
YBR182C	YOR178C
YBR182C	YOR236W
YBR182C	YOR267C
YBR182C	YOR268C
YBR182C	YOR269W
YBR182C	YPL018W
YBR182C	YPL019C
YBR182C	YPL059W
YBR182C	YPL198W
YBR182C	YPL249CA
YBR182C	YPL251W
YBR182C	YPL253C
YBR182C	YPR124W
YBR182C	YPR198W
YBR297W	YAL022C
YBR297W	YAL062W
YBR297W	YBR230C
YBR297W	YBR298C
YBR297W	YBR299W
YBR297W	YCR105W
YBR297W	YCR107W
YBR297W	YDL173W
YBR297W	YDL174C
YBR297W	YDR052C
YBR297W	YDR276C
YBR297W	YER018C
YBR297W	YER019W
YBR297W	YER134C
YBR297W	YER189W
YBR297W	YER190W
YBR297W	YFL066C
YBR297W	YFR017C
YBR297W	YHL050C
YBR297W	YIL101C
YBR297W	YJR044C
YBR297W	YLR099C
YBR297W	YLR100W
YBR297W	YLR397C
YBR297W	YMR135WA
YBR297W	YNL241C
YBR297W	YPL251W
YBR297W	YPL253C
YBR297W	YPR204W
YCL066W	STA1
YCL066W	STA2
YCL066W	STA3
YCL066W	YGL089C
YCL066W	YIL099W
YCL066W	YKL178C
YCL066W	YPL187W
YCL067C	YCL066W
YCL067C	YDR007W
YCL067C	YDR103W
YCL067C	YFL026W
YCL067C	YGL089C
YCL067C	YGR044C
YCL067C	YKL209C
YCL067C	YLR452C
YCL067C	YOR212W
YCL067C	YPL187W
YCR018C	YDR245W
YCR018C	YFR017C
YCR018C	YPL251W
YCR018C	YPL253C
YCR040W	YBL018C
YCR040W	YCR083W
YCR040W	YGL089C
YCR040W	YKL178C
YCR040W	YNL105W
YCR040W	YPL187W
YCR096C	YCR039C
YCR096C	YCR040W
YCR096C	YFL026W
YCR096C	YKL178C
YCR096C	YKL209C
YCR097W	STA1
YCR097W	STA2
YCR097W	STA3
YCR097W	YCL066W
YCR097W	YCR039C
YCR097W	YCR040W
YCR097W	YDR103W
YCR097W	YGR044C
YCR097W	YKL178C
YDL048C	YAL040C
YDL048C	YER189W
YDL048C	YER190W
YDL048C	YMR011W
YDL048C	YNL337W
YDL170W	YBL109W
YDL170W	YBL111C
YDL170W	YBL112C
YDL170W	YBL113C
YDL170W	YBR006W
YDL170W	YBR102C
YDL170W	YBR103W
YDL170W	YBR275C
YDL170W	YCR018CA
YDL170W	YCR019W
YDL170W	YCR039C
YDL170W	YCR040W
YDL170W	YCR041W
YDL170W	YCR105W
YDL170W	YDL068W
YDL170W	YDL071C
YDL170W	YDL154W
YDL170W	YDL210W
YDL170W	YDL239C
YDL170W	YDR084C
YDL170W	YDR129C
YDL170W	YDR282C
YDL170W	YDR544C
YDL170W	YDR545W
YDL170W	YER189W
YDL170W	YER190W
YDL170W	YGL001C
YDL170W	YGR019W
YDL170W	YHR091C
YDL170W	YJR044C
YDL170W	YKR102W
YDL170W	YLL065W
YDL170W	YLR463C
YDL170W	YLR465C
YDL170W	YLR467W
YDL170W	YMR193W
YDL170W	YMR258C
YDL170W	YNL241C
YDL170W	YNL337W
YDL170W	YNL338W
YDL170W	YNL339C
YDL170W	YPL251W
YDL170W	YPL253C
YDL170W	YPR036W
YDR043C	STA1
YDR043C	YAL017W
YDR043C	YAL018C
YDR043C	YAL022C
YDR043C	YAL060W
YDR043C	YAL063C
YDR043C	YAL064CA
YDR043C	YAL064W
YDR043C	YAR029W
YDR043C	YAR031W
YDR043C	YBL029CA
YDR043C	YBL029W
YDR043C	YBR018C
YDR043C	YBR019C
YDR043C	YBR020W
YDR043C	YBR157C
YDR043C	YBR177C
YDR043C	YCR018CA
YDR043C	YCR019W
YDR043C	YCR105W
YDR043C	YCR107W
YDR043C	YDL019C
YDR043C	YDL245C
YDR043C	YDL246C
YDR043C	YDR010C
YDR043C	YDR011W
YDR043C	YDR040C
YDR043C	YDR041W
YDR043C	YDR042C
YDR043C	YDR044W
YDR043C	YDR077W
YDR043C	YDR111C
YDR043C	YDR132C
YDR043C	YDR133C
YDR043C	YDR134C
YDR043C	YDR259C
YDR043C	YDR435C
YDR043C	YDR436W
YDR043C	YDR441C
YDR043C	YDR442W
YDR043C	YDR534C
YDR043C	YDR535C
YDR043C	YDR536W
YDR043C	YEL001C
YDR043C	YEL040W
YDR043C	YEL044W
YDR043C	YEL045C
YDR043C	YEL046C
YDR043C	YEL066W
YDR043C	YEL069C
YDR043C	YEL070W
YDR043C	YER001W
YDR043C	YER028C
YDR043C	YER045C
YDR043C	YER046W
YDR043C	YER048C
YDR043C	YER096W
YDR043C	YER145C
YDR043C	YER146W
YDR043C	YFR017C
YDR043C	YGL001C
YDR043C	YGL012W
YDR043C	YGL013C
YDR043C	YGL157W
YDR043C	YGR035C
YDR043C	YGR067C
YDR043C	YGR069W
YDR043C	YGR143W
YDR043C	YGR237C
YDR043C	YHL041W
YDR043C	YHR022C
YDR043C	YHR023W
YDR043C	YHR033W
YDR043C	YHR138C
YDR043C	YIL002WA
YDR043C	YIL056W
YDR043C	YIL097W
YDR043C	YIL098C
YDR043C	YIL099W
YDR043C	YIL101C
YDR043C	YIL118W
YDR043C	YIL119C
YDR043C	YIL170W
YDR043C	YIL171W
YDR043C	YIL172C
YDR043C	YIR013C
YDR043C	YIR014W
YDR043C	YIR019C
YDR043C	YIR020C
YDR043C	YIR020WB
YDR043C	YIR021W
YDR043C	YJL076W
YDR043C	YJL077C
YDR043C	YJL078C
YDR043C	YJL106W
YDR043C	YJL107C
YDR043C	YJL108C
YDR043C	YJL214W
YDR043C	YJL216C
YDR043C	YJL219W
YDR043C	YJL221C
YDR043C	YJR094C
YDR043C	YJR094WA
YDR043C	YJR158W
YDR043C	YJR159W
YDR043C	YKL043W
YDR043C	YKL044W
YDR043C	YKL096W
YDR043C	YKL109W
YDR043C	YKR066C
YDR043C	YKR067W
YDR043C	YKR075C
YDR043C	YKR102W
YDR043C	YLL011W
YDR043C	YLR012C
YDR043C	YLR013W
YDR043C	YLR121C
YDR043C	YLR187W
YDR043C	YLR410WA
YDR043C	YLR410WB
YDR043C	YLR413W
YDR043C	YML131W
YDR043C	YMR011W
YDR043C	YMR016C
YDR043C	YMR017W
YDR043C	YMR056C
YDR043C	YMR070W
YDR043C	YMR135C
YDR043C	YMR136W
YDR043C	YMR251WA
YDR043C	YMR258C
YDR043C	YMR319C
YDR043C	YNL087W
YDR043C	YNL231C
YDR043C	YNR060W
YDR043C	YNR070W
YDR043C	YOL084W
YDR043C	YOL085C
YDR043C	YOL122C
YDR043C	YOL156W
YDR043C	YOL157C
YDR043C	YOL158C
YDR043C	YOR028C
YDR043C	YOR030W
YDR043C	YOR049C
YDR043C	YOR050C
YDR043C	YOR136W
YDR043C	YOR138C
YDR043C	YOR140W
YDR043C	YOR153W
YDR043C	YOR178C
YDR043C	YOR179C
YDR043C	YOR306C
YDR043C	YOR313C
YDR043C	YOR315W
YDR043C	YPL058C
YDR043C	YPL230W
YDR043C	YPL251W
YDR043C	YPL253C
YDR043C	YPL265W
YDR043C	YPR013C
YDR043C	YPR061C
YDR043C	YPR062W
YDR043C	YPR156C
YDR043C	YPR157W
YDR146C	YAL017W
YDR146C	YAL018C
YDR146C	YAL022C
YDR146C	YAR009C
YDR146C	YBL108CA
YDR146C	YBL108W
YDR146C	YBL111C
YDR146C	YBR070C
YDR146C	YBR071W
YDR146C	YBR157C
YDR146C	YBR158W
YDR146C	YCR018C
YDR146C	YDL030W
YDR146C	YDL114W
YDR146C	YDL115C
YDR146C	YDL173W
YDR146C	YDL174C
YDR146C	YDL223C
YDR146C	YDL224C
YDR146C	YDR112W
YDR146C	YDR345C
YDR146C	YDR397C
YDR146C	YDR398W
YDR146C	YDR543C
YDR146C	YDR545W
YDR146C	YEL076WC
YDR146C	YEL077C
YDR146C	YER188CA
YDR146C	YER189W
YDR146C	YER190W
YDR146C	YFL013WA
YDR146C	YFL063W
YDR146C	YFL064C
YDR146C	YFL065C
YDR146C	YFR017C
YDR146C	YFR031CA
YDR146C	YGL108C
YDR146C	YGL139W
YDR146C	YGL140C
YDR146C	YGL226CA
YDR146C	YGL226W
YDR146C	YGR044C
YDR146C	YGR060W
YDR146C	YGR296W
YDR146C	YHR138C
YDR146C	YIL009W
YDR146C	YIL050W
YDR146C	YIL051C
YDR146C	YIL128W
YDR146C	YIL129C
YDR146C	YIL173W
YDR146C	YJL078C
YDR146C	YJL159W
YDR146C	YJL160C
YDR146C	YJL207C
YDR146C	YJL225C
YDR146C	YJR044C
YDR146C	YKL163W
YDR146C	YKL164C
YDR146C	YKL186C
YDR146C	YLR011W
YDR146C	YLR012C
YDR146C	YLR013W
YDR146C	YLR035CA
YDR146C	YLR105C
YDR146C	YLR162WA
YDR146C	YLR194C
YDR146C	YLR207W
YDR146C	YLR346C
YDR146C	YML111W
YDR146C	YML125C
YDR146C	YML131W
YDR146C	YMR135WA
YDR146C	YMR165C
YDR146C	YMR172CA
YDR146C	YMR173W
YDR146C	YMR173WA
YDR146C	YMR251WA
YDR146C	YMR261C
YDR146C	YNL145W
YDR146C	YNL146CA
YDR146C	YNL160W
YDR146C	YNL238W
YDR146C	YNL241C
YDR146C	YNL269W
YDR146C	YNL271C
YDR146C	YNL324W
YDR146C	YNL326C
YDR146C	YNL335W
YDR146C	YNL336W
YDR146C	YOR138C
YDR146C	YOR140W
YDR146C	YOR236W
YDR146C	YPL050C
YDR146C	YPL059W
YDR146C	YPL283C
YDR146C	YPR183W
YDR259C	YAL063C
YDR259C	YAR050W
YDR259C	YBL029CA
YDR259C	YBL029W
YDR259C	YBL030C
YDR259C	YBL087C
YDR259C	YBL109W
YDR259C	YBL111C
YDR259C	YBL112C
YDR259C	YBL113C
YDR259C	YBR025C
YDR259C	YCR018CA
YDR259C	YCR019W
YDR259C	YCR021C
YDR259C	YCR102C
YDR259C	YCR105W
YDR259C	YCR107W
YDR259C	YDL037C
YDR259C	YDL114W
YDR259C	YDL115C
YDR259C	YDL155W
YDR259C	YDL245C
YDR259C	YDL246C
YDR259C	YDR040C
YDR259C	YDR041W
YDR259C	YDR042C
YDR259C	YDR077W
YDR259C	YDR084C
YDR259C	YDR089W
YDR259C	YDR441C
YDR259C	YDR442W
YDR259C	YDR543C
YDR259C	YDR544C
YDR259C	YDR545W
YDR259C	YEL040W
YDR259C	YEL044W
YDR259C	YEL045C
YDR259C	YEL046C
YDR259C	YEL070W
YDR259C	YER045C
YDR259C	YER046W
YDR259C	YFL004W
YDR259C	YGL001C
YDR259C	YGL157W
YDR259C	YGR146C
YDR259C	YGR233C
YDR259C	YGR238C
YDR259C	YHL034C
YDR259C	YHR047C
YDR259C	YHR048W
YDR259C	YHR091C
YDR259C	YHR092C
YDR259C	YHR093W
YDR259C	YHR179W
YDR259C	YIL099W
YDR259C	YIL101C
YDR259C	YIL118W
YDR259C	YIL119C
YDR259C	YIL122W
YDR259C	YIL170W
YDR259C	YIL171W
YDR259C	YIL172C
YDR259C	YIR013C
YDR259C	YIR014W
YDR259C	YIR019C
YDR259C	YIR020C
YDR259C	YIR020WB
YDR259C	YIR021W
YDR259C	YIR021WA
YDR259C	YIR022W
YDR259C	YIR035C
YDR259C	YIR038C
YDR259C	YJL030W
YDR259C	YJL031C
YDR259C	YJL148W
YDR259C	YJL171C
YDR259C	YJL214W
YDR259C	YJL216C
YDR259C	YJL217W
YDR259C	YJL219W
YDR259C	YJL221C
YDR259C	YJR011C
YDR259C	YJR094C
YDR259C	YJR094WA
YDR259C	YJR145C
YDR259C	YJR146W
YDR259C	YJR158W
YDR259C	YJR159W
YDR259C	YKL043W
YDR259C	YKL044W
YDR259C	YKL109W
YDR259C	YKL110C
YDR259C	YKR102W
YDR259C	YLL052C
YDR259C	YLL053C
YDR259C	YLL065W
YDR259C	YLR023C
YDR259C	YLR074C
YDR259C	YLR075W
YDR259C	YLR081W
YDR259C	YLR105C
YDR259C	YLR121C
YDR259C	YLR125W
YDR259C	YLR294C
YDR259C	YLR295C
YDR259C	YLR296W
YDR259C	YLR297W
YDR259C	YLR412CA
YDR259C	YLR413W
YDR259C	YLR460C
YDR259C	YLR463C
YDR259C	YLR465C
YDR259C	YLR467W
YDR259C	YML115C
YDR259C	YML116W
YDR259C	YML131W
YDR259C	YMR013WA
YDR259C	YMR014W
YDR259C	YMR016C
YDR259C	YMR017W
YDR259C	YMR103C
YDR259C	YMR135C
YDR259C	YMR136W
YDR259C	YMR150C
YDR259C	YMR151W
YDR259C	YMR152W
YDR259C	YMR172CA
YDR259C	YMR173W
YDR259C	YMR173WA
YDR259C	YMR177W
YDR259C	YMR193W
YDR259C	YMR239C
YDR259C	YMR258C
YDR259C	YMR315W
YDR259C	YMR319C
YDR259C	YMR320W
YDR259C	YNL066W
YDR259C	YNL087W
YDR259C	YNL134C
YDR259C	YNL145W
YDR259C	YNL146CA
YDR259C	YNL178W
YDR259C	YNL180C
YDR259C	YNL241C
YDR259C	YNL288W
YDR259C	YNL337W
YDR259C	YNL338W
YDR259C	YNL339C
YDR259C	YNR060W
YDR259C	YOL121C
YDR259C	YOL151W
YDR259C	YOL156W
YDR259C	YOL157C
YDR259C	YOL158C
YDR259C	YOR028C
YDR259C	YOR029W
YDR259C	YOR030W
YDR259C	YOR047C
YDR259C	YOR049C
YDR259C	YOR050C
YDR259C	YOR178C
YDR259C	YOR179C
YDR259C	YOR236W
YDR259C	YOR284W
YDR259C	YOR313C
YDR259C	YOR315W
YDR259C	YOR318C
YDR259C	YOR319W
YDR259C	YPR013C
YDR259C	YPR063C
YDR259C	YPR065W
YDR259C	YPR126C
YDR259C	YPR127W
YDR259C	YPR148C
YDR259C	YPR202W
YDR259C	YPR203W
YDR423C	YAL005C
YDR423C	YBL008W
YDR423C	YBL008WA
YDR423C	YBR126C
YDR423C	YDL239C
YDR423C	YDR074W
YDR423C	YDR132C
YDR423C	YDR135C
YDR423C	YDR533C
YDR423C	YEL044W
YDR423C	YEL045C
YDR423C	YEL046C
YDR423C	YFL014W
YDR423C	YGR088W
YDR423C	YGR209C
YDR423C	YGR233C
YDR423C	YGR234W
YDR423C	YHR008C
YDR423C	YHR091C
YDR423C	YJL100W
YDR423C	YJL101C
YDR423C	YJR044C
YDR423C	YKL039W
YDR423C	YKL040C
YDR423C	YKL086W
YDR423C	YKL087C
YDR423C	YKL101W
YDR423C	YKL154W
YDR423C	YKL155C
YDR423C	YKR071C
YDR423C	YLL058W
YDR423C	YLL060C
YDR423C	YLL065W
YDR423C	YLL066C
YDR423C	YLR022C
YDR423C	YLR043C
YDR423C	YLR397C
YDR423C	YLR456W
YDR423C	YML116W
YDR423C	YMR038C
YDR423C	YMR261C
YDR423C	YOL052CA
YDR423C	YOL117W
YDR423C	YOR173W
YDR423C	YOR202W
YDR423C	YOR208W
YER028C	YCR018CA
YER028C	YCR019W
YER028C	YDL246C
YER028C	YEL070W
YER028C	YER189W
YER028C	YER190W
YER028C	YFR017C
YER028C	YJR158W
YER045C	YDR332W
YER045C	YPL078C
YER108C	STA2
YER108C	YAR050W
YER108C	YIR019C
YGL013C	YAL001C
YGL013C	YAL022C
YGL013C	YAR002W
YGL013C	YBL087C
YGL013C	YBL109W
YGL013C	YBL111C
YGL013C	YBL112C
YGL013C	YBL113C
YGL013C	YBR008C
YGL013C	YBR040W
YGL013C	YBR057C
YGL013C	YCL074W
YGL013C	YCR105W
YGL013C	YDL082W
YGL013C	YDL083C
YGL013C	YDL147W
YGL013C	YDL148C
YGL013C	YDL223C
YGL013C	YDR011W
YGL013C	YDR072C
YGL013C	YDR282C
YGL013C	YDR332W
YGL013C	YDR366C
YGL013C	YDR368W
YGL013C	YDR543C
YGL013C	YDR544C
YGL013C	YDR545W
YGL013C	YEL054C
YGL013C	YER074W
YGL013C	YER116C
YGL013C	YER117W
YGL013C	YER188CA
YGL013C	YER189W
YGL013C	YFR017C
YGL013C	YGL103W
YGL013C	YGL104C
YGL013C	YGR040W
YGL013C	YGR296W
YGL013C	YHL049C
YGL013C	YHR086WA
YGL013C	YHR087W
YGL013C	YHR091C
YGL013C	YHR193C
YGL013C	YHR194W
YGL013C	YHR197W
YGL013C	YIL002WA
YGL013C	YIL013C
YGL013C	YIL018W
YGL013C	YIL128W
YGL013C	YIL129C
YGL013C	YIL133C
YGL013C	YIL174W
YGL013C	YIL175W
YGL013C	YJL042W
YGL013C	YJL188C
YGL013C	YJL219W
YGL013C	YJR044C
YGL013C	YKL132C
YGL013C	YKL209C
YGL013C	YLL065W
YGL013C	YLL066C
YGL013C	YLR162WA
YGL013C	YLR207W
YGL013C	YLR462W
YGL013C	YLR463C
YGL013C	YLR464W
YGL013C	YLR465C
YGL013C	YLR466W
YGL013C	YLR467W
YGL013C	YML111W
YGL013C	YML132W
YGL013C	YML133C
YGL013C	YMR165C
YGL013C	YMR240C
YGL013C	YMR241W
YGL013C	YNL236W
YGL013C	YNL336W
YGL013C	YNL337W
YGL013C	YNL338W
YGL013C	YNL339C
YGL013C	YOL077WA
YGL013C	YOL078W
YGL013C	YOL080C
YGL013C	YOL156W
YGL013C	YOR138C
YGL013C	YOR140W
YGL013C	YOR153W
YGL013C	YOR267C
YGL013C	YOR268C
YGL013C	YOR269W
YGL013C	YOR318C
YGL013C	YOR319W
YGL013C	YOR381W
YGL013C	YPL018W
YGL013C	YPL019C
YGL013C	YPL143W
YGL013C	YPL249CA
YGL013C	YPL251W
YGL013C	YPL253C
YGL013C	YPL283C
YGL013C	YPR169W
YGL013C	YPR202W
YGL013C	YPR203W
YGL035C	MAL61
YGL035C	YBR019C
YGL035C	YBR020W
YGL035C	YBR050C
YGL035C	YBR101C
YGL035C	YBR126C
YGL035C	YCR073C
YGL035C	YCR073WA
YGL035C	YDL149W
YGL035C	YDL151C
YGL035C	YDL246C
YGL035C	YDR009W
YGL035C	YDR040C
YGL035C	YDR146C
YGL035C	YDR345C
YGL035C	YDR441C
YGL035C	YDR442W
YGL035C	YDR516C
YGL035C	YEL066W
YGL035C	YEL069C
YGL035C	YEL070W
YGL035C	YFL054C
YGL035C	YFR053C
YGL035C	YHR043C
YGL035C	YHR092C
YGL035C	YHR094C
YGL035C	YIL162W
YGL035C	YIL170W
YGL035C	YIL171W
YGL035C	YIL172C
YGL035C	YJL214W
YGL035C	YJL216C
YGL035C	YJL219W
YGL035C	YJL221C
YGL035C	YJR159W
YGL035C	YKL109W
YGL035C	YKR075C
YGL035C	YLL043W
YGL035C	YLR042C
YGL035C	YLR044C
YGL035C	YLR377C
YGL035C	YMR011W
YGL035C	YMR260C
YGL035C	YOL156W
YGL035C	YOL157C
YGL035C	YOR178C
YGL035C	YPL248C
YGL035C	YPR184W
YGL162W	YAL063C
YGL162W	YAL064W
YGL162W	YBL029W
YGL162W	YBL043W
YGL162W	YBR069C
YGL162W	YDL214C
YGL162W	YDL246C
YGL162W	YDR077W
YGL162W	YDR133C
YGL162W	YDR134C
YGL162W	YDR343C
YGL162W	YDR441C
YGL162W	YDR442W
YGL162W	YEL069C
YGL162W	YER045C
YGL162W	YER145C
YGL162W	YER146W
YGL162W	YGL001C
YGL162W	YGL158W
YGL162W	YGR067C
YGL162W	YGR069W
YGL162W	YHL027W
YGL162W	YHR080C
YGL162W	YHR081W
YGL162W	YHR094C
YGL162W	YHR095W
YGL162W	YIL012W
YGL162W	YIL013C
YGL162W	YIL099W
YGL162W	YIL119C
YGL162W	YIR020C
YGL162W	YJL105W
YGL162W	YJR150C
YGL162W	YJR158W
YGL162W	YKL062W
YGL162W	YKL096W
YGL162W	YKL109W
YGL162W	YKR075C
YGL162W	YML116W
YGL162W	YMR011W
YGL162W	YMR016C
YGL162W	YMR056C
YGL162W	YMR070W
YGL162W	YMR135C
YGL162W	YMR136W
YGL162W	YNL038W
YGL162W	YNL178W
YGL162W	YNL231C
YGL162W	YOR049C
YGL162W	YOR107W
YGL162W	YOR136W
YGL162W	YPL062W
YGL162W	YPL177C
YGL162W	YPL230W
YGL162W	YPR148C
YGL209W	YAR009C
YGL209W	YBR019C
YGL209W	YBR020W
YGL209W	YBR050C
YGL209W	YBR101C
YGL209W	YBR126C
YGL209W	YBR275C
YGL209W	YDL092W
YGL209W	YDL094C
YGL209W	YDL245C
YGL209W	YDR009W
YGL209W	YDR040C
YGL209W	YDR146C
YGL209W	YDR343C
YGL209W	YDR345C
YGL209W	YDR516C
YGL209W	YEL069C
YGL209W	YEL070W
YGL209W	YER134C
YGL209W	YFL054C
YGL209W	YGL035C
YGL209W	YHR043C
YGL209W	YHR092C
YGL209W	YHR094C
YGL209W	YIL162W
YGL209W	YJR010CA
YGL209W	YJR158W
YGL209W	YKL109W
YGL209W	YKR075C
YGL209W	YLL043W
YGL209W	YLR042C
YGL209W	YLR044C
YGL209W	YLR377C
YGL209W	YMR011W
YGL209W	YMR098C
YGL209W	YMR283C
YGL209W	YNL136W
YGL209W	YNL137C
YGL209W	YOL023W
YGL209W	YPL043W
YGL209W	YPL248C
YGR044C	YAL004W
YGR044C	YCR018C
YGR044C	YDR472W
YGR044C	YFR017C
YGR044C	YGL134W
YGR044C	YGL135W
YGR044C	YGL136C
YGR044C	YGL190C
YGR044C	YHL034C
YGR044C	YIL014CA
YGR044C	YIL014W
YGR044C	YJL045W
YGR044C	YJL148W
YGR044C	YJR094C
YGR044C	YKL132C
YGR044C	YLR065C
YGR044C	YLR066W
YGR044C	YLR105C
YGR044C	YLR367W
YGR044C	YLR368W
YGR044C	YML055W
YGR044C	YML056C
YGR044C	YML125C
YGR044C	YMR013C
YGR044C	YMR165C
YGR044C	YNL032W
YGR044C	YNL034W
YGR044C	YNL035C
YGR044C	YOR138C
YGR044C	YOR140W
YGR044C	YOR236W
YGR044C	YPL130W
YGR044C	YPL143W
YGR044C	YPL198W
YHL009C	YAR009C
YHL009C	YBL001C
YHL009C	YBR040W
YHL009C	YBR057C
YHL009C	YBR102C
YHL009C	YBR103W
YHL009C	YDL092W
YHL009C	YDL094C
YHL009C	YFR057W
YHL009C	YJR044C
YHL009C	YLR207W
YHL009C	YMR193W
YHL009C	YNL145W
YHL009C	YNL146CA
YHL027W	YAL004W
YHL027W	YAL063C
YHL027W	YAR050W
YHL027W	YBL029W
YHL027W	YBR072W
YHL027W	YCR018CA
YHL027W	YCR019W
YHL027W	YCR021C
YHL027W	YCR063W
YHL027W	YCR107W
YHL027W	YDL214C
YHL027W	YDL245C
YHL027W	YDL246C
YHL027W	YDR084C
YHL027W	YDR089W
YHL027W	YDR129C
YHL027W	YDR133C
YHL027W	YDR134C
YHL027W	YDR282C
YHL027W	YDR343C
YHL027W	YDR441C
YHL027W	YDR442W
YHL027W	YEL070W
YHL027W	YER045C
YHL027W	YGL001C
YHL027W	YHR088W
YHL027W	YIL099W
YHL027W	YIL119C
YHL027W	YIL170W
YHL027W	YIL171W
YHL027W	YIL172C
YHL027W	YIR020C
YHL027W	YJL106W
YHL027W	YJL203W
YHL027W	YJL204C
YHL027W	YJL219W
YHL027W	YJL221C
YHL027W	YJR011C
YHL027W	YJR094C
YHL027W	YJR158W
YHL027W	YLL011W
YHL027W	YLR011W
YHL027W	YLR121C
YHL027W	YLR413W
YHL027W	YML116W
YHL027W	YMR017W
YHL027W	YMR135C
YHL027W	YMR136W
YHL027W	YMR171C
YHL027W	YMR172CA
YHL027W	YMR172W
YHL027W	YMR173W
YHL027W	YMR173WA
YHL027W	YMR258C
YHL027W	YMR319C
YHL027W	YNL087W
YHL027W	YNL265C
YHL027W	YNL285W
YHL027W	YNR060W
YHL027W	YOL115W
YHL027W	YOL156W
YHL027W	YOL157C
YHL027W	YOR306C
YHL027W	YPL188W
YHL027W	YPR065W
YHL027W	YPR109W
YHR006W	YBR040W
YHR006W	YBR068C
YHR006W	YCR039C
YHR006W	YCR040W
YHR006W	YCR041W
YHR006W	YDR101C
YHR006W	YDR102C
YHR006W	YDR103W
YHR006W	YFL002WA
YHR006W	YFL017C
YHR006W	YLR374C
YHR124W	YBR063C
YHR124W	YCR037C
YHR124W	YDL034W
YHR124W	YDL036C
YHR124W	YDR084C
YHR124W	YGR004W
YHR124W	YGR093W
YHR124W	YGR166W
YHR124W	YJL203W
YHR124W	YJL204C
YHR124W	YMR004W
YHR124W	YMR258C
YHR124W	YOR313C
YHR124W	YPL188W
YIL101C	YAL040C
YIL101C	YBL029W
YIL101C	YBL043W
YIL101C	YBL095W
YIL101C	YBR025C
YIL101C	YBR057C
YIL101C	YBR182C
YIL101C	YBR183W
YIL101C	YCR021C
YIL101C	YCR105W
YIL101C	YCR107W
YIL101C	YDL246C
YIL101C	YDR077W
YIL101C	YDR309C
YIL101C	YDR441C
YIL101C	YDR442W
YIL101C	YDR543C
YIL101C	YDR544C
YIL101C	YDR545W
YIL101C	YER045C
YIL101C	YER189W
YIL101C	YER190W
YIL101C	YFL013WA
YIL101C	YGR035C
YIL101C	YGR296W
YIL101C	YHR050W
YIL101C	YHR091C
YIL101C	YIL099W
YIL101C	YIL119C
YIL101C	YIL170W
YIL101C	YIL171W
YIL101C	YIL172C
YIL101C	YIR020C
YIL101C	YJL219W
YIL101C	YJL221C
YIL101C	YJR094C
YIL101C	YJR145C
YIL101C	YJR146W
YIL101C	YJR158W
YIL101C	YJR159W
YIL101C	YKL044W
YIL101C	YLR042C
YIL101C	YLR463C
YIL101C	YLR465C
YIL101C	YLR467W
YIL101C	YML052W
YIL101C	YML053C
YIL101C	YMR135WA
YIL101C	YMR172CA
YIL101C	YMR173W
YIL101C	YMR173WA
YIL101C	YNL036W
YIL101C	YNL087W
YIL101C	YNL337W
YIL101C	YNL338W
YIL101C	YNL339C
YIL101C	YOL156W
YIL101C	YOL157C
YIL101C	YPR126C
YIL101C	YPR127W
YIR018W	YAL060W
YIR018W	YAR009C
YIR018W	YAR029W
YIR018W	YAR050W
YIR018W	YAR066W
YIR018W	YBL005WA
YIR018W	YBL043W
YIR018W	YBL109W
YIR018W	YBL111C
YIR018W	YBL112C
YIR018W	YBL113C
YIR018W	YBR007C
YIR018W	YBR057C
YIR018W	YBR101C
YIR018W	YBR117C
YIR018W	YBR202W
YIR018W	YCL032W
YIR018W	YCL033C
YIR018W	YCL065W
YIR018W	YCL066W
YIR018W	YCL067C
YIR018W	YCR022C
YIR018W	YCR039C
YIR018W	YCR040W
YIR018W	YCR041W
YIR018W	YCR105W
YIR018W	YCR107W
YIR018W	YDL082W
YIR018W	YDL083C
YIR018W	YDL114W
YIR018W	YDL115C
YIR018W	YDL224C
YIR018W	YDR204W
YIR018W	YDR271C
YIR018W	YDR272W
YIR018W	YDR300C
YIR018W	YDR301W
YIR018W	YDR423C
YIR018W	YDR449C
YIR018W	YDR450W
YIR018W	YDR543C
YIR018W	YDR544C
YIR018W	YDR545W
YIR018W	YEL074W
YIR018W	YEL075C
YIR018W	YEL076C
YIR018W	YEL076CA
YIR018W	YER065C
YIR018W	YER066W
YIR018W	YER075C
YIR018W	YER096W
YIR018W	YER116C
YIR018W	YER117W
YIR018W	YER162C
YIR018W	YER180C
YIR018W	YER188CA
YIR018W	YER189W
YIR018W	YER190W
YIR018W	YFL020C
YIR018W	YFL045C
YIR018W	YFL062W
YIR018W	YFL063W
YIR018W	YFL064C
YIR018W	YFL065C
YIR018W	YFR032C
YIR018W	YGL103W
YIR018W	YGL104C
YIR018W	YGR194C
YIR018W	YGR195W
YIR018W	YGR296W
YIR018W	YHL048W
YIR018W	YHL049C
YIR018W	YHR036W
YIR018W	YHR086WA
YIR018W	YHR087W
YIR018W	YHR091C
YIR018W	YIL018W
YIR018W	YIL066C
YIR018W	YIL128W
YIR018W	YIL129C
YIR018W	YIL133C
YIR018W	YIL174W
YIR018W	YIL175W
YIR018W	YIL177C
YIR018W	YJL042W
YIR018W	YJL106W
YIR018W	YJL107C
YIR018W	YJL188C
YIR018W	YJL189W
YIR018W	YJL190C
YIR018W	YJL225C
YIR018W	YJR044C
YIR018W	YKL019W
YIR018W	YKL020C
YIR018W	YKL100C
YIR018W	YKL101W
YIR018W	YKL102C
YIR018W	YKL124W
YIR018W	YKR091W
YIR018W	YLL065W
YIR018W	YLL066C
YIR018W	YLR035CA
YIR018W	YLR162WA
YIR018W	YLR244C
YIR018W	YLR268W
YIR018W	YLR357W
YIR018W	YLR397C
YIR018W	YLR460C
YIR018W	YLR461W
YIR018W	YLR462W
YIR018W	YLR463C
YIR018W	YLR464W
YIR018W	YLR465C
YIR018W	YLR466W
YIR018W	YLR467W
YIR018W	YML038C
YIR018W	YML070W
YIR018W	YML071C
YIR018W	YML097C
YIR018W	YML132W
YIR018W	YML133C
YIR018W	YMR056C
YIR018W	YMR082C
YIR018W	YMR083W
YIR018W	YMR135WA
YIR018W	YMR166C
YIR018W	YMR167W
YIR018W	YNL048W
YIR018W	YNL049C
YIR018W	YNL135C
YIR018W	YNL336W
YIR018W	YNL337W
YIR018W	YNL338W
YIR018W	YNL339C
YIR018W	YNR029C
YIR018W	YNR030W
YIR018W	YNR076W
YIR018W	YOL024W
YIR018W	YOR097C
YIR018W	YOR108W
YIR018W	YOR198C
YIR018W	YOR199W
YIR018W	YOR318C
YIR018W	YOR319W
YIR018W	YPL059W
YIR018W	YPL282C
YIR018W	YPL283C
YIR018W	YPR036W
YIR018W	YPR202W
YIR018W	YPR203W
YJL056C	YCL065W
YJL056C	YCL066W
YJL056C	YCL067C
YJL056C	YCR039C
YJL056C	YCR040W
YJL056C	YCR041W
YJL056C	YDR545W
YJL056C	YER188CA
YJL056C	YER189W
YJL056C	YGR084C
YJL056C	YHR145C
YJL056C	YHR193C
YJL056C	YHR194W
YJL056C	YJL055W
YJL056C	YJL188C
YJL056C	YML065W
YJL056C	YML066C
YJL056C	YNL253W
YJL056C	YNL254C
YJL056C	YNL336W
YJL056C	YNL337W
YJL056C	YNL339C
YJL110C	YBL109W
YJL110C	YBL111C
YJL110C	YBL112C
YJL110C	YBL113C
YJL110C	YBR166C
YJL110C	YCL065W
YJL110C	YCL066W
YJL110C	YCL067C
YJL110C	YCR018CA
YJL110C	YCR019W
YJL110C	YCR039C
YJL110C	YCR040W
YJL110C	YCR041W
YJL110C	YCR096C
YJL110C	YCR105W
YJL110C	YCR107W
YJL110C	YDL210W
YJL110C	YDR040C
YJL110C	YDR041W
YJL110C	YDR084C
YJL110C	YDR543C
YJL110C	YDR544C
YJL110C	YDR545W
YJL110C	YER189W
YJL110C	YER190W
YJL110C	YGL001C
YJL110C	YGL156W
YJL110C	YGR166W
YJL110C	YGR296W
YJL110C	YHR091C
YJL110C	YKL136W
YJL110C	YKR034W
YJL110C	YKR039W
YJL110C	YKR105C
YJL110C	YKR106W
YJL110C	YLL047W
YJL110C	YLL048C
YJL110C	YLL065W
YJL110C	YLR023C
YJL110C	YLR265C
YJL110C	YLR463C
YJL110C	YLR465C
YJL110C	YLR467W
YJL110C	YMR098C
YJL110C	YMR193W
YJL110C	YMR260C
YJL110C	YNL241C
YJL110C	YNL337W
YJL110C	YNL338W
YJL110C	YNL339C
YKL020C	YBL008W
YKL020C	YBR099C
YKL020C	YCR018CA
YKL020C	YCR019W
YKL020C	YCR096C
YKL020C	YDR040C
YKL020C	YDR041W
YKL020C	YDR084C
YKL020C	YFR002W
YKL020C	YGL001C
YKL020C	YJL203W
YKL020C	YJL204C
YKL020C	YJR011C
YKL020C	YLR023C
YKL020C	YMR193W
YKL020C	YMR258C
YKL020C	YOL115W
YKL032C	YAL064CA
YKL032C	YAL064W
YKL032C	YBL029CA
YKL032C	YBL029W
YKL032C	YBL087C
YKL032C	YBR007C
YKL032C	YDR084C
YKL032C	YDR441C
YKL032C	YDR442W
YKL032C	YDR472W
YKL032C	YIL111W
YKL032C	YIL118W
YKL032C	YIL119C
YKL032C	YJR100C
YKL032C	YJR101W
YKL032C	YJR160C
YKL032C	YKL043W
YKL032C	YKL044W
YKL032C	YKR075C
YKL032C	YKR076W
YKL032C	YLL041C
YKL032C	YLR167W
YKL032C	YLR287C
YKL032C	YMR177W
YKL032C	YMR260C
YKL032C	YOR023C
YKL032C	YOR024W
YKL032C	YOR025W
YKL032C	YOR313C
YKL032C	YOR315W
YKL038W	YDR345C
YKL038W	YER028C
YKL038W	YHR092C
YKL038W	YHR094C
YKL038W	YHR095W
YKL038W	YKR075C
YKL038W	YKR076W
YKL038W	YMR011W
YKL043W	YAL040C
YKL043W	YAL062W
YKL043W	YAL063C
YKL043W	YAL064CA
YKL043W	YAL064W
YKL043W	YAR050W
YKL043W	YBL029CA
YKL043W	YBL029W
YKL043W	YBL030C
YKL043W	YBL108CA
YKL043W	YBR068C
YKL043W	YBR069C
YKL043W	YBR112C
YKL043W	YBR157C
YKL043W	YBR158W
YKL043W	YDL034W
YKL043W	YDL036C
YKL043W	YDL047W
YKL043W	YDL245C
YKL043W	YDR010C
YKL043W	YDR011W
YKL043W	YDR261C
YKL043W	YDR309C
YKL043W	YDR343C
YKL043W	YDR345C
YKL043W	YEL039C
YKL043W	YEL040W
YKL043W	YEL066W
YKL043W	YEL069C
YKL043W	YEL070W
YKL043W	YEL074W
YKL043W	YEL075C
YKL043W	YEL076C
YKL043W	YEL076CA
YKL043W	YER033C
YKL043W	YER034W
YKL043W	YER045C
YKL043W	YER046W
YKL043W	YER145C
YKL043W	YER146W
YKL043W	YFL062W
YKL043W	YGR250C
YKL043W	YHL024W
YKL043W	YHR007C
YKL043W	YIL010W
YKL043W	YIL012W
YKL043W	YIL013C
YKL043W	YIL056W
YKL043W	YIL099W
YKL043W	YIL101C
YKL043W	YIL118W
YKL043W	YIL170W
YKL043W	YIL171W
YKL043W	YIL172C
YKL043W	YIL173W
YKL043W	YIL174W
YKL043W	YIL175W
YKL043W	YIL176C
YKL043W	YIR019C
YKL043W	YIR020C
YKL043W	YIR020WB
YKL043W	YIR021W
YKL043W	YJL105W
YKL043W	YJL217W
YKL043W	YJL219W
YKL043W	YJL221C
YKL043W	YJR094C
YKL043W	YJR094WA
YKL043W	YJR127C
YKL043W	YJR158W
YKL043W	YJR159W
YKL043W	YKL062W
YKL043W	YKL063C
YKL043W	YKL109W
YKL043W	YKL110C
YKL043W	YKR102W
YKL043W	YML115C
YKL043W	YML116W
YKL043W	YML131W
YKL043W	YMR011W
YKL043W	YMR016C
YKL043W	YMR017W
YKL043W	YMR018W
YKL043W	YMR020W
YKL043W	YMR135C
YKL043W	YMR136W
YKL043W	YMR319C
YKL043W	YNL178W
YKL043W	YNL180C
YKL043W	YOR028C
YKL043W	YOR030W
YKL043W	YOR107W
YKL043W	YOR179C
YKL043W	YOR275C
YKL043W	YOR276W
YKL043W	YOR355W
YKL043W	YPL177C
YKL043W	YPL230W
YKL043W	YPL265W
YKL043W	YPR013C
YKL043W	YPR202W
YKL043W	YPR203W
YKL062W	YAL005C
YKL062W	YAL062W
YKL062W	YBL108CA
YKL062W	YBL108W
YKL062W	YBL111C
YKL062W	YBR012C
YKL062W	YBR013C
YKL062W	YBR072W
YKL062W	YBR074W
YKL062W	YBR117C
YKL062W	YBR126C
YKL062W	YBR166C
YKL062W	YCR021C
YKL062W	YCR022C
YKL062W	YCR096C
YKL062W	YDR004W
YKL062W	YDR010C
YKL062W	YDR011W
YKL062W	YDR042C
YKL062W	YDR072C
YKL062W	YDR073W
YKL062W	YDR074W
YKL062W	YDR084C
YKL062W	YDR085C
YKL062W	YDR102C
YKL062W	YDR103W
YKL062W	YDR245W
YKL062W	YDR261C
YKL062W	YDR453C
YKL062W	YDR544C
YKL062W	YDR545W
YKL062W	YEL076WC
YKL062W	YEL077C
YKL062W	YER188CA
YKL062W	YER189W
YKL062W	YER190W
YKL062W	YFL014W
YKL062W	YFR031CA
YKL062W	YFR053C
YKL062W	YGR040W
YKL062W	YGR088W
YKL062W	YGR209C
YKL062W	YGR271W
YKL062W	YGR272C
YKL062W	YGR296W
YKL062W	YHR008C
YKL062W	YHR033W
YKL062W	YHR034C
YKL062W	YHR035W
YKL062W	YHR048W
YKL062W	YHR086WA
YKL062W	YHR087W
YKL062W	YHR088W
YKL062W	YHR091C
YKL062W	YIL050W
YKL062W	YIL051C
YKL062W	YIL066C
YKL062W	YIL162W
YKL062W	YIL173W
YKL062W	YIL174W
YKL062W	YIL175W
YKL062W	YIL176C
YKL062W	YIL177C
YKL062W	YJL098W
YKL062W	YJL188C
YKL062W	YJL225C
YKL062W	YJR011C
YKL062W	YKR054C
YKL062W	YKR055W
YKL062W	YKR066C
YKL062W	YKR067W
YKL062W	YLL063C
YKL062W	YLR162WA
YKL062W	YLR462W
YKL062W	YLR463C
YKL062W	YLR464W
YKL062W	YLR465C
YKL062W	YLR466W
YKL062W	YLR467W
YKL062W	YML007W
YKL062W	YML057W
YKL062W	YML115C
YKL062W	YML116W
YKL062W	YML125C
YKL062W	YML131W
YKL062W	YMR086CA
YKL062W	YMR087W
YKL062W	YMR098C
YKL062W	YMR105C
YKL062W	YMR119W
YKL062W	YMR119WA
YKL062W	YMR165C
YKL062W	YMR172CA
YKL062W	YMR173W
YKL062W	YMR173WA
YKL062W	YMR251WA
YKL062W	YMR315W
YKL062W	YNL134C
YKL062W	YNL135C
YKL062W	YNL160W
YKL062W	YNL241C
YKL062W	YNL336W
YKL062W	YNL337W
YKL062W	YNL339C
YKL062W	YOL052CA
YKL062W	YOR228C
YKL062W	YOR229W
YKL062W	YOR236W
YKL062W	YPL146C
YKL062W	YPL198W
YKL062W	YPL283C
YKL062W	YPR065W
YKL062W	YPR124W
YKL062W	YPR198W
YKL062W	YPR202W
YKL062W	YPR203W
YKL109W	YBL001C
YKL109W	YBL029CA
YKL109W	YBL029W
YKL109W	YBL030C
YKL109W	YBL044W
YKL109W	YBL045C
YKL109W	YBL111C
YKL109W	YBR099C
YKL109W	YCL065W
YKL109W	YCL066W
YKL109W	YCL067C
YKL109W	YCR039C
YKL109W	YCR040W
YKL109W	YCR041W
YKL109W	YDL104C
YKL109W	YDL181W
YKL109W	YDL205C
YKL109W	YDR298C
YKL109W	YDR299W
YKL109W	YDR543C
YKL109W	YDR544C
YKL109W	YDR545W
YKL109W	YEL001C
YKL109W	YER001W
YKL109W	YER188CA
YKL109W	YER189W
YKL109W	YGL001C
YKL109W	YGR166W
YKL109W	YGR272C
YKL109W	YGR296W
YKL109W	YHL049C
YKL109W	YHR008C
YKL109W	YHR051W
YKL109W	YHR091C
YKL109W	YHR145C
YKL109W	YHR193C
YKL109W	YHR194W
YKL109W	YIL002WA
YKL109W	YIL174W
YKL109W	YIL175W
YKL109W	YJL058C
YKL109W	YJL059W
YKL109W	YJR048W
YKL109W	YJR121W
YKL109W	YKL141W
YKL109W	YLL065W
YKL109W	YLL066C
YKL109W	YLR294C
YKL109W	YLR295C
YKL109W	YLR296W
YKL109W	YLR297W
YKL109W	YLR463C
YKL109W	YLR465C
YKL109W	YLR467W
YKL109W	YNL054WA
YKL109W	YNL054WB
YKL109W	YNL055C
YKL109W	YNL336W
YKL109W	YNL337W
YKL109W	YNL338W
YKL109W	YNL339C
YKL109W	YOL077WA
YKL109W	YOR256C
YKL109W	YOR257W
YKL109W	YOR375C
YKL109W	YPL270W
YKL109W	YPL271W
YKL109W	YPL272C
YKL109W	YPL283C
YKL109W	YPR020W
YKL109W	YPR190C
YKL109W	YPR191W
YKR034W	YAL025C
YKR034W	YBL018C
YKR034W	YBL109W
YKR034W	YBL111C
YKR034W	YBL112C
YKR034W	YBL113C
YKR034W	YBR006W
YKR034W	YBR057C
YKR034W	YBR166C
YKR034W	YBR208C
YKR034W	YCR039C
YKR034W	YCR040W
YKR034W	YCR041W
YKR034W	YCR105W
YKR034W	YDL210W
YKR034W	YDR042C
YKR034W	YDR084C
YKR034W	YDR543C
YKR034W	YDR544C
YKR034W	YDR545W
YKR034W	YER189W
YKR034W	YER190W
YKR034W	YGR019W
YKR034W	YHL016C
YKR034W	YHR091C
YKR034W	YIR028W
YKR034W	YJL110C
YKR034W	YKL049C
YKR034W	YKR039W
YKR034W	YLR082C
YKR034W	YMR086CA
YKR034W	YMR087W
YKR034W	YMR257C
YKR034W	YNL337W
YKR034W	YNL338W
YKR034W	YNL339C
YKR034W	YOL023W
YKR034W	YOL042W
YKR034W	YOL043C
YKR034W	YOR174W
YKR034W	YOR318C
YKR034W	YOR319W
YKR034W	YOR375C
YKR064W	YHR048W
YKR064W	YJR158W
YKR064W	YMR315W
YLR013W	YBL109W
YLR013W	YBL111C
YLR013W	YBL112C
YLR013W	YBL113C
YLR013W	YCL065W
YLR013W	YCL066W
YLR013W	YCL067C
YLR013W	YCL074W
YLR013W	YCR039C
YLR013W	YCR040W
YLR013W	YCR041W
YLR013W	YDL082W
YLR013W	YDL083C
YLR013W	YDL114W
YLR013W	YDL115C
YLR013W	YDR449C
YLR013W	YDR450W
YLR013W	YDR543C
YLR013W	YDR544C
YLR013W	YDR545W
YLR013W	YEL074W
YLR013W	YEL075C
YLR013W	YEL076C
YLR013W	YEL076CA
YLR013W	YER188CA
YLR013W	YER189W
YLR013W	YFL062W
YLR013W	YFL063W
YLR013W	YFL064C
YLR013W	YFL065C
YLR013W	YGR296W
YLR013W	YHL048W
YLR013W	YHL049C
YLR013W	YHR091C
YLR013W	YIL018W
YLR013W	YIL174W
YLR013W	YIL175W
YLR013W	YIL177C
YLR013W	YJL189W
YLR013W	YJL190C
YLR013W	YJL225C
YLR013W	YJR161C
YLR013W	YLR462W
YLR013W	YLR463C
YLR013W	YLR464W
YLR013W	YLR465C
YLR013W	YLR466W
YLR013W	YLR467W
YLR013W	YML132W
YLR013W	YML133C
YLR013W	YNL336W
YLR013W	YNL337W
YLR013W	YNL338W
YLR013W	YNL339C
YLR013W	YPL283C
YLR013W	YPR202W
YLR013W	YPR203W
YLR098C	YCL065W
YLR098C	YCL066W
YLR098C	YCL067C
YLR098C	YCR039C
YLR098C	YCR040W
YLR098C	YCR041W
YLR098C	YER047C
YLR098C	YER189W
YLR098C	YER190W
YLR098C	YGL171W
YLR098C	YGR084C
YLR098C	YHL005C
YLR098C	YHL006C
YLR098C	YHR022C
YLR098C	YHR023W
YLR098C	YIL002WA
YLR098C	YIL084C
YLR098C	YJR133W
YLR098C	YMR080C
YLR098C	YMR119W
YLR098C	YMR119WA
YLR098C	YMR135WA
YLR098C	YNL296W
YLR098C	YPR032W
YLR098C	YPR144C
YLR451W	YBR068C
YLR451W	YCL018W
YLR451W	YCR018CA
YLR451W	YCR019W
YLR451W	YDL181W
YLR451W	YDR042C
YLR451W	YDR077W
YLR451W	YER073W
YLR451W	YER188CA
YLR451W	YER189W
YLR451W	YER190W
YLR451W	YFR032C
YLR451W	YGL001C
YLR451W	YGL009C
YLR451W	YGR190C
YLR451W	YGR271CA
YLR451W	YHR175W
YLR451W	YHR218W
YLR451W	YJL008C
YLR451W	YJL148W
YLR451W	YJR001W
YLR451W	YJR100C
YLR451W	YKL038W
YLR451W	YKL120W
YLR451W	YLR154C
YLR451W	YLR162WA
YLR451W	YLR354C
YLR451W	YLR368W
YLR451W	YML070W
YLR451W	YML071C
YLR451W	YMR014W
YLR451W	YNL231C
YLR451W	YNL288W
YLR451W	YNL336W
YLR451W	YNL337W
YLR451W	YNL339C
YLR451W	YOL013WB
YLR451W	YOL121C
YLR451W	YOR001W
YLR451W	YOR011WA
YLR451W	YOR108W
YLR451W	YOR236W
YLR451W	YOR375C
YLR451W	YPL198W
YLR451W	YPR108WA
YLR451W	YPR109W
YLR451W	YPR144C
YML007W	YAL005C
YML007W	YBR099C
YML007W	YCR018CA
YML007W	YCR019W
YML007W	YCR102C
YML007W	YDL183C
YML007W	YDR010C
YML007W	YDR011W
YML007W	YDR040C
YML007W	YDR041W
YML007W	YDR074W
YML007W	YDR084C
YML007W	YDR132C
YML007W	YDR135C
YML007W	YDR259C
YML007W	YDR261C
YML007W	YDR308C
YML007W	YDR453C
YML007W	YDR533C
YML007W	YEL044W
YML007W	YEL045C
YML007W	YEL046C
YML007W	YER048C
YML007W	YFL014W
YML007W	YFL026W
YML007W	YFL055W
YML007W	YFR017C
YML007W	YGL117W
YML007W	YGL135W
YML007W	YGL136C
YML007W	YGR060W
YML007W	YGR088W
YML007W	YGR209C
YML007W	YGR233C
YML007W	YGR234W
YML007W	YHR008C
YML007W	YHR047C
YML007W	YHR048W
YML007W	YHR179W
YML007W	YJL047CA
YML007W	YJL098W
YML007W	YJL100W
YML007W	YJL101C
YML007W	YJL203W
YML007W	YJL204C
YML007W	YKL019W
YML007W	YKL020C
YML007W	YKL086W
YML007W	YKL087C
YML007W	YKR054C
YML007W	YKR055W
YML007W	YKR066C
YML007W	YKR071C
YML007W	YLL058W
YML007W	YLL060C
YML007W	YLR043C
YML007W	YLR074C
YML007W	YLR075W
YML007W	YLR105C
YML007W	YLR354C
YML007W	YLR367W
YML007W	YLR460C
YML007W	YLR461W
YML007W	YML115C
YML007W	YML116W
YML007W	YML131W
YML007W	YMR038C
YML007W	YMR172CA
YML007W	YMR173W
YML007W	YMR173WA
YML007W	YMR177W
YML007W	YMR193W
YML007W	YMR258C
YML007W	YNL087W
YML007W	YNL134C
YML007W	YNL241C
YML007W	YOL052CA
YML007W	YOL115W
YML007W	YOL117W
YML007W	YOL118C
YML007W	YOL151W
YML007W	YOR202W
YML007W	YOR208W
YML007W	YOR236W
YML007W	YOR313C
YML007W	YOR315W
YML007W	YPR063C
YML007W	YPR065W
YML051W	YBR018C
YML051W	YBR019C
YML051W	YBR020W
YML051W	YDR282C
YML081W	YCR018CA
YML081W	YCR019W
YML081W	YDR042C
YML081W	YJL148W
YML081W	YOR153W
YML081W	YOR236W
YML099C	YAR050W
YML099C	YBL074C
YML099C	YDL068W
YML099C	YDL071C
YML099C	YDR084C
YML099C	YFR057W
YML099C	YHR179W
YML099C	YHR193C
YML099C	YHR194W
YML099C	YHR195W
YML099C	YKL107W
YML099C	YMR056C
YML099C	YMR086CA
YML099C	YMR087W
YML099C	YOR304W
YML099C	YPL177C
YML099C	YPL265W
YML113W	YCR096C
YML113W	YDR084C
YML113W	YDR543C
YML113W	YDR544C
YML113W	YDR545W
YML113W	YER189W
YML113W	YER190W
YML113W	YGL001C
YML113W	YGR296W
YML113W	YHR091C
YML113W	YJL203W
YML113W	YJL204C
YML113W	YJR011C
YML113W	YLR463C
YML113W	YLR465C
YML113W	YLR467W
YML113W	YNL337W
YML113W	YNL338W
YML113W	YNL339C
YML113W	YPL283C
YMR016C	YAL061W
YMR016C	YAL063C
YMR016C	YAR009C
YMR016C	YBL029W
YMR016C	YBL043W
YMR016C	YBL044W
YMR016C	YBL045C
YMR016C	YBR202W
YMR016C	YCR018CA
YMR016C	YCR019W
YMR016C	YCR024C
YMR016C	YCR037C
YMR016C	YCR107W
YMR016C	YDL205C
YMR016C	YDL245C
YMR016C	YDL246C
YMR016C	YDR040C
YMR016C	YDR041W
YMR016C	YDR077W
YMR016C	YDR259C
YMR016C	YDR309C
YMR016C	YDR343C
YMR016C	YDR441C
YMR016C	YDR442W
YMR016C	YDR516C
YMR016C	YDR517W
YMR016C	YDR544C
YMR016C	YDR545W
YMR016C	YEL011W
YMR016C	YEL040W
YMR016C	YEL069C
YMR016C	YEL070W
YMR016C	YEL074W
YMR016C	YEL075C
YMR016C	YER001W
YMR016C	YER028C
YMR016C	YER033C
YMR016C	YER034W
YMR016C	YER045C
YMR016C	YFR053C
YMR016C	YFR057W
YMR016C	YGL158W
YMR016C	YGL167C
YMR016C	YGL225W
YMR016C	YGL259W
YMR016C	YGR087C
YMR016C	YGR088W
YMR016C	YGR113W
YMR016C	YGR146C
YMR016C	YGR238C
YMR016C	YGR244C
YMR016C	YGR286C
YMR016C	YHL015W
YMR016C	YHL016C
YMR016C	YHL024W
YMR016C	YHL045W
YMR016C	YHL046C
YMR016C	YHL048W
YMR016C	YHL049C
YMR016C	YHL050C
YMR016C	YHR013C
YMR016C	YHR047C
YMR016C	YHR048W
YMR016C	YHR054C
YMR016C	YHR073W
YMR016C	YHR113W
YMR016C	YHR138C
YMR016C	YHR201C
YMR016C	YHR202W
YMR016C	YIL099W
YMR016C	YIL118W
YMR016C	YIL119C
YMR016C	YIL171W
YMR016C	YIL172C
YMR016C	YIL173W
YMR016C	YIL177C
YMR016C	YIR020C
YMR016C	YIR028W
YMR016C	YJL011C
YMR016C	YJL105W
YMR016C	YJL219W
YMR016C	YJL221C
YMR016C	YJL225C
YMR016C	YJR094C
YMR016C	YJR094WA
YMR016C	YJR102C
YMR016C	YJR103W
YMR016C	YJR127C
YMR016C	YJR158W
YMR016C	YJR159W
YMR016C	YKL044W
YMR016C	YKL062W
YMR016C	YKL109W
YMR016C	YKL110C
YMR016C	YKL124W
YMR016C	YKL164C
YMR016C	YKR102W
YMR016C	YKR105C
YMR016C	YKR106W
YMR016C	YLL065W
YMR016C	YLL066C
YMR016C	YLR023C
YMR016C	YLR035CA
YMR016C	YLR342W
YMR016C	YLR460C
YMR016C	YLR461W
YMR016C	YLR462W
YMR016C	YML132W
YMR016C	YML133C
YMR016C	YMR017W
YMR016C	YMR056C
YMR016C	YMR135C
YMR016C	YMR136W
YMR016C	YMR193W
YMR016C	YMR205C
YMR016C	YMR206W
YMR016C	YMR321C
YMR016C	YNL018C
YMR016C	YNL034W
YMR016C	YNL035C
YMR016C	YNL087W
YMR016C	YNL150W
YMR016C	YNL151C
YMR016C	YNL178W
YMR016C	YNL288W
YMR016C	YNL336W
YMR016C	YNL337W
YMR016C	YNL338W
YMR016C	YNL339C
YMR016C	YNR076W
YMR016C	YOL132W
YMR016C	YOL151W
YMR016C	YOR019W
YMR016C	YOR020C
YMR016C	YOR032C
YMR016C	YOR050C
YMR016C	YOR107W
YMR016C	YOR138C
YMR016C	YOR153W
YMR016C	YOR173W
YMR016C	YOR178C
YMR016C	YOR317W
YMR016C	YOR352W
YMR016C	YPL058C
YMR016C	YPL282C
YMR016C	YPL283C
YMR016C	YPR013C
YMR016C	YPR036W
YMR021C	YAL022C
YMR021C	YAR009C
YMR021C	YBR297W
YMR021C	YDL030W
YMR021C	YER145C
YMR021C	YER146W
YMR021C	YGL097W
YMR021C	YGL135W
YMR021C	YGL136C
YMR021C	YGR088W
YMR021C	YGR136W
YMR021C	YGR137W
YMR021C	YGR255C
YMR021C	YHR193C
YMR021C	YHR194W
YMR021C	YJL148W
YMR021C	YJR049C
YMR021C	YJR050W
YMR021C	YJR100C
YMR021C	YJR101W
YMR021C	YLR035CA
YMR021C	YLR397C
YMR021C	YLR410WA
YMR021C	YLR410WB
YMR021C	YLR411W
YMR021C	YMR319C
YMR021C	YMR320W
YMR021C	YNL097C
YMR021C	YPL018W
YMR021C	YPL019C
YMR021C	YPL177C
YMR021C	YPL198W
YMR021C	YPL251W
YMR021C	YPL253C
YMR021C	YPR108WA
YMR021C	YPR109W
YMR021C	YPR123C
YMR021C	YPR124W
YMR021C	YPR125W
YMR070W	YAR050W
YMR070W	YBL074C
YMR070W	YBR012C
YMR070W	YBR013C
YMR070W	YCL018W
YMR070W	YCR021C
YMR070W	YDL245C
YMR070W	YDR077W
YMR070W	YEL070W
YMR070W	YFL020C
YMR070W	YHL015W
YMR070W	YHL016C
YMR070W	YIL014W
YMR070W	YIL099W
YMR070W	YIL119C
YMR070W	YIL162W
YMR070W	YIR019C
YMR070W	YIR020C
YMR070W	YIR020WB
YMR070W	YIR021W
YMR070W	YJL011C
YMR070W	YJR047C
YMR070W	YJR048W
YMR070W	YJR158W
YMR070W	YJR159W
YMR070W	YKL120W
YMR070W	YKR003W
YMR070W	YLR397C
YMR070W	YLR452C
YMR070W	YMR106C
YMR070W	YNL036W
YMR070W	YOL084W
YMR070W	YOL085C
YMR070W	YOR315W
YMR070W	YPR072W
YMR070W	YPR141C
YMR182C	YBL111C
YMR182C	YDR543C
YMR182C	YDR545W
YMR182C	YER188CA
YMR182C	YER189W
YMR182C	YHR091C
YMR182C	YIL174W
YMR182C	YIL175W
YMR182C	YNL336W
YMR182C	YNL337W
YMR182C	YNL338W
YMR182C	YNL339C
YMR182C	YPL283C
YNL167C	YBL029CA
YNL167C	YBL029W
YNL167C	YDR040C
YNL167C	YDR077W
YNL167C	YDR534C
YNL167C	YDR535C
YNL167C	YDR536W
YNL167C	YGL006WA
YNL167C	YGL007CA
YNL167C	YHL041W
YNL167C	YHR033W
YNL167C	YHR049W
YNL167C	YIL162W
YNL167C	YKL096W
YNL167C	YMR016C
YNL167C	YMR017W
YNL167C	YMR070W
YNL167C	YMR172CA
YNL167C	YMR173W
YNL167C	YMR173WA
YNL167C	YOR202W
YNL167C	YOR316CA
YNL167C	YOR317W
YNL167C	YOR318C
YNL167C	YOR319W
YNL167C	YPR013C
YOL089C	YBL074C
YOL089C	YCR096C
YOL089C	YCR097W
YOL089C	YCR102C
YOL089C	YCR102WA
YOL089C	YCR104W
YOL089C	YCR108C
YOL089C	YDL068W
YOL089C	YDL071C
YOL089C	YDR042C
YOL089C	YDR084C
YOL089C	YEL001C
YOL089C	YER001W
YOL089C	YER048C
YOL089C	YER134C
YOL089C	YGL001C
YOL089C	YGL097W
YOL089C	YGR271CA
YOL089C	YGR271W
YOL089C	YHR218W
YOL089C	YJL008C
YOL089C	YJR011C
YOL089C	YJR013W
YOL089C	YKL062W
YOL089C	YKL063C
YOL089C	YLR154C
YOL089C	YLR460C
YOL089C	YLR461W
YOL089C	YMR118C
YOL089C	YMR258C
YOL089C	YNL038W
YOL089C	YNL134C
YOL089C	YNL336W
YOL089C	YNL337W
YOL089C	YNL339C
YOL089C	YOL084W
YOL089C	YOL085C
YOL089C	YOR001W
YOL089C	YPR072W
YOL089C	YPR198W
YOL116W	STA1
YOL116W	STA2
YOL116W	STA3
YOL116W	YFL014W
YOL116W	YIR019C
YOL116W	YNL028W
YOR028C	YAL037CA
YOR028C	YAL037W
YOR028C	YAL063C
YOR028C	YBL029CA
YOR028C	YBL029W
YOR028C	YBL030C
YOR028C	YBL043W
YOR028C	YBR007C
YOR028C	YBR008C
YOR028C	YBR070C
YOR028C	YBR071W
YOR028C	YBR072W
YOR028C	YBR157C
YOR028C	YBR158W
YOR028C	YBR201W
YOR028C	YBR208C
YOR028C	YBR295W
YOR028C	YCR021C
YOR028C	YCR102C
YOR028C	YDL037C
YOR028C	YDL129W
YOR028C	YDL214C
YOR028C	YDR042C
YOR028C	YDR077W
YOR028C	YDR089W
YOR028C	YDR259C
YOR028C	YDR300C
YOR028C	YDR301W
YOR028C	YDR338C
YOR028C	YDR343C
YOR028C	YDR345C
YOR028C	YDR441C
YOR028C	YDR442W
YOR028C	YDR504C
YOR028C	YDR505C
YOR028C	YDR533C
YOR028C	YEL011W
YOR028C	YEL044W
YOR028C	YEL045C
YOR028C	YEL046C
YOR028C	YEL052W
YOR028C	YEL053C
YOR028C	YER028C
YOR028C	YER045C
YOR028C	YER046W
YOR028C	YER073W
YOR028C	YFL004W
YOR028C	YFR016C
YOR028C	YGL006WA
YOR028C	YGL007CA
YOR028C	YGR035C
YOR028C	YGR035WA
YOR028C	YGR145W
YOR028C	YGR178C
YOR028C	YGR209C
YOR028C	YGR233C
YOR028C	YGR238C
YOR028C	YGR250C
YOR028C	YHL034C
YOR028C	YHL041W
YOR028C	YHL044W
YOR028C	YHL045W
YOR028C	YHL046C
YOR028C	YHR047C
YOR028C	YHR048W
YOR028C	YHR049W
YOR028C	YHR128W
YOR028C	YHR179W
YOR028C	YIL045W
YOR028C	YIL118W
YOR028C	YIL119C
YOR028C	YIL170W
YOR028C	YIL171W
YOR028C	YIL172C
YOR028C	YIR001C
YOR028C	YIR019C
YOR028C	YIR020C
YOR028C	YIR020WB
YOR028C	YIR021W
YOR028C	YJL028W
YOR028C	YJL029C
YOR028C	YJL030W
YOR028C	YJL031C
YOR028C	YJL076W
YOR028C	YJL077C
YOR028C	YJL171C
YOR028C	YJL219W
YOR028C	YJL221C
YOR028C	YJR011C
YOR028C	YJR013W
YOR028C	YJR061W
YOR028C	YJR083C
YOR028C	YJR084W
YOR028C	YJR094C
YOR028C	YJR094WA
YOR028C	YJR102C
YOR028C	YJR103W
YOR028C	YJR133W
YOR028C	YJR145C
YOR028C	YJR146W
YOR028C	YJR154W
YOR028C	YJR158W
YOR028C	YKL039W
YOR028C	YKL040C
YOR028C	YKL043W
YOR028C	YKL044W
YOR028C	YKL086W
YOR028C	YKL087C
YOR028C	YKL101W
YOR028C	YKL107W
YOR028C	YKL109W
YOR028C	YKL110C
YOR028C	YKL132C
YOR028C	YKR039W
YOR028C	YKR066C
YOR028C	YKR067W
YOR028C	YKR102W
YOR028C	YLL006WA
YOR028C	YLL011W
YOR028C	YLL052C
YOR028C	YLL053C
YOR028C	YLL061W
YOR028C	YLL062C
YOR028C	YLR001C
YOR028C	YLR021W
YOR028C	YLR044C
YOR028C	YLR074C
YOR028C	YLR075W
YOR028C	YLR081W
YOR028C	YLR121C
YOR028C	YLR125W
YOR028C	YLR264CA
YOR028C	YLR332W
YOR028C	YLR412CA
YOR028C	YLR413W
YOR028C	YLR460C
YOR028C	YML115C
YOR028C	YML116W
YOR028C	YML131W
YOR028C	YMR038C
YOR028C	YMR081C
YOR028C	YMR082C
YOR028C	YMR083W
YOR028C	YMR089C
YOR028C	YMR090W
YOR028C	YMR171C
YOR028C	YMR172CA
YOR028C	YMR172W
YOR028C	YMR173W
YOR028C	YMR173WA
YOR028C	YMR177W
YOR028C	YMR283C
YOR028C	YMR319C
YOR028C	YNL039W
YOR028C	YNL087W
YOR028C	YNL145W
YOR028C	YNL146CA
YOR028C	YNL178W
YOR028C	YNL180C
YOR028C	YNR060W
YOR028C	YOL052CA
YOR028C	YOL116W
YOR028C	YOL133W
YOR028C	YOL135C
YOR028C	YOL151W
YOR028C	YOL156W
YOR028C	YOL157C
YOR028C	YOR019W
YOR028C	YOR029W
YOR028C	YOR047C
YOR028C	YOR049C
YOR028C	YOR178C
YOR028C	YOR306C
YOR028C	YOR311C
YOR028C	YOR313C
YOR028C	YOR315W
YOR028C	YOR316CA
YOR028C	YOR317W
YOR028C	YOR381W
YOR028C	YPL062W
YOR028C	YPL165C
YOR028C	YPR013C
YOR028C	YPR014C
YOR028C	YPR022C
YOR028C	YPR063C
YOR028C	YPR065W
YOR028C	YPR124W
YOR028C	YPR184W
YOR032C	YBL074C
YOR032C	YDR042C
YOR032C	YEL002C
YOR032C	YGL001C
YOR032C	YHR006W
YOR032C	YLR035C
YOR032C	YOR001W
YOR113W	YAL037CA
YOR113W	YAL037W
YOR113W	YAL040C
YOR113W	YAR009C
YOR113W	YBL029CA
YOR113W	YBL029W
YOR113W	YBL074C
YOR113W	YDL037C
YOR113W	YDL245C
YOR113W	YDR042C
YOR113W	YDR259C
YOR113W	YDR472W
YOR113W	YHL041W
YOR113W	YIL099W
YOR113W	YIL101C
YOR113W	YIR019C
YOR113W	YIR020C
YOR113W	YIR020WB
YOR113W	YIR021W
YOR113W	YJL148W
YOR113W	YLR023C
YOR113W	YML007W
YOR113W	YNR050C
YOR113W	YOL121C
YOR113W	YPR013C
YOR140W	YIL162W
YPL089C	YBR057C
YPL089C	YBR157C
YPL089C	YBR158W
YPL089C	YCR018CA
YPL089C	YCR019W
YPL089C	YDL245C
YPL089C	YDL246C
YPL089C	YDR072C
YPL089C	YDR073W
YPL089C	YDR077W
YPL089C	YDR085C
YPL089C	YDR309C
YPL089C	YDR417C
YPL089C	YDR419W
YPL089C	YDR524C
YPL089C	YDR524WA
YPL089C	YDR525W
YPL089C	YEL001C
YPL089C	YEL040W
YPL089C	YER001W
YPL089C	YGL158W
YPL089C	YGL259W
YPL089C	YGL261C
YPL089C	YHL034C
YPL089C	YHL041W
YPL089C	YHR143WA
YPL089C	YHR193C
YPL089C	YHR194W
YPL089C	YIL122W
YPL089C	YJL106W
YPL089C	YJL107C
YPL089C	YJL108C
YPL089C	YJL148W
YPL089C	YJL159W
YPL089C	YJL160C
YPL089C	YJR158W
YPL089C	YJR159W
YPL089C	YKL096W
YPL089C	YKR091W
YPL089C	YLR154C
YPL089C	YLR332W
YPL089C	YLR342W
YPL089C	YLR390WA
YPL089C	YLR463C
YPL089C	YLR465C
YPL089C	YLR467W
YPL089C	YMR013C
YPL089C	YMR013WA
YPL089C	YMR014W
YPL089C	YNL066W
YPL089C	YNL288W
YPL089C	YNR050C
YPL089C	YOR313C
YPL089C	YOR315W
YPL089C	YOR355W
YPL177C	YBL029CA
YPL177C	YBL029W
YPL177C	YBL043W
YPL177C	YBR291C
YPL177C	YBR293W
YPL177C	YDL245C
YPL177C	YDL246C
YPL177C	YDR077W
YPL177C	YDR259C
YPL177C	YDR441C
YPL177C	YDR442W
YPL177C	YEL040W
YPL177C	YEL070W
YPL177C	YFR005C
YPL177C	YFR006W
YPL177C	YIL099W
YPL177C	YIL101C
YPL177C	YIL118W
YPL177C	YIL119C
YPL177C	YIR019C
YPL177C	YIR020C
YPL177C	YIR020WB
YPL177C	YIR021W
YPL177C	YJR100C
YPL177C	YJR101W
YPL177C	YJR158W
YPL177C	YJR159W
YPL177C	YNL288W
YPL177C	YOR178C
YPL177C	YPL198W
YPL230W	YGL206C
YPL248C	MEL1
YPL248C	YAL049C
YPL248C	YAR002CA
YPL248C	YAR002W
YPL248C	YAR003W
YPL248C	YBL109W
YPL248C	YBL111C
YPL248C	YBL112C
YPL248C	YBL113C
YPL248C	YBR018C
YPL248C	YBR019C
YPL248C	YBR020W
YPL248C	YBR021W
YPL248C	YBR022W
YPL248C	YBR057C
YPL248C	YCL065W
YPL248C	YCL066W
YPL248C	YCL067C
YPL248C	YCR105W
YPL248C	YCR107W
YPL248C	YDL034W
YPL248C	YDL036C
YPL248C	YDL149W
YPL248C	YDL151C
YPL248C	YDL154W
YPL248C	YDR005C
YPL248C	YDR006C
YPL248C	YDR007W
YPL248C	YDR008C
YPL248C	YDR009W
YPL248C	YDR010C
YPL248C	YDR011W
YPL248C	YDR085C
YPL248C	YDR491C
YPL248C	YDR493W
YPL248C	YDR544C
YPL248C	YDR545W
YPL248C	YEL056W
YPL248C	YEL057C
YPL248C	YER188CA
YPL248C	YER189W
YPL248C	YER190W
YPL248C	YGL134W
YPL248C	YGR102C
YPL248C	YGR103W
YPL248C	YGR172C
YPL248C	YGR173W
YPL248C	YGR296W
YPL248C	YHR091C
YPL248C	YJL008C
YPL248C	YJR044C
YPL248C	YJR048W
YPL248C	YLL065W
YPL248C	YLL066C
YPL248C	YLR076C
YPL248C	YLR077W
YPL248C	YLR080W
YPL248C	YLR081W
YPL248C	YLR082C
YPL248C	YLR357W
YPL248C	YLR397C
YPL248C	YML051W
YPL248C	YML052W
YPL248C	YML053C
YPL248C	YMR086CA
YPL248C	YMR087W
YPL248C	YMR105C
YPL248C	YMR135WA
YPL248C	YNL336W
YPL248C	YNL337W
YPL248C	YNL339C
YPL248C	YNR081W
YPL248C	YOR119C
YPL248C	YOR120W
YPL248C	YOR138C
YPL248C	YOR140W
YPR065W	YAR009C
YPR065W	YBL029CA
YPR065W	YBL029W
YPR065W	YBL045C
YPR065W	YBL109W
YPR065W	YBL111C
YPR065W	YBL112C
YPR065W	YBL113C
YPR065W	YBR069C
YPR065W	YBR158W
YPR065W	YBR230C
YPR065W	YCR102C
YPR065W	YCR105W
YPR065W	YCR107W
YPR065W	YDL155W
YPR065W	YDL245C
YPR065W	YDL246C
YPR065W	YDR042C
YPR065W	YDR044W
YPR065W	YDR077W
YPR065W	YDR259C
YPR065W	YDR441C
YPR065W	YDR442W
YPR065W	YDR543C
YPR065W	YDR544C
YPR065W	YDR545W
YPR065W	YEL039C
YPR065W	YEL040W
YPR065W	YEL070W
YPR065W	YER007CA
YPR065W	YER065C
YPR065W	YER073W
YPR065W	YGL005C
YPR065W	YGL012W
YPR065W	YGL013C
YPR065W	YGL097W
YPR065W	YGL117W
YPR065W	YGL134W
YPR065W	YGL135W
YPR065W	YGL136C
YPR065W	YGL162W
YPR065W	YGR091W
YPR065W	YGR146C
YPR065W	YGR255C
YPR065W	YHR007C
YPR065W	YHR048W
YPR065W	YHR091C
YPR065W	YHR193C
YPR065W	YHR194W
YPR065W	YIL014CA
YPR065W	YIL014W
YPR065W	YIL056W
YPR065W	YIL099W
YPR065W	YIL101C
YPR065W	YIL111W
YPR065W	YIL118W
YPR065W	YIL119C
YPR065W	YIR019C
YPR065W	YIR020C
YPR065W	YIR020WB
YPR065W	YIR021W
YPR065W	YJL045W
YPR065W	YJL148W
YPR065W	YJL219W
YPR065W	YJL221C
YPR065W	YJR047C
YPR065W	YJR100C
YPR065W	YJR101W
YPR065W	YJR158W
YPR065W	YJR159W
YPR065W	YKL109W
YPR065W	YKL110C
YPR065W	YLL065W
YPR065W	YLR450W
YPR065W	YLR463C
YPR065W	YLR465C
YPR065W	YLR467W
YPR065W	YML055W
YPR065W	YML056C
YPR065W	YML071C
YPR065W	YML102W
YPR065W	YML103C
YPR065W	YMR013WA
YPR065W	YMR014W
YPR065W	YMR016C
YPR065W	YMR017W
YPR065W	YMR103C
YPR065W	YMR135C
YPR065W	YMR136W
YPR065W	YMR149W
YPR065W	YMR150C
YPR065W	YMR151W
YPR065W	YMR152W
YPR065W	YMR239C
YPR065W	YMR315W
YPR065W	YMR319C
YPR065W	YNL036W
YPR065W	YNL097C
YPR065W	YNL134C
YPR065W	YNL288W
YPR065W	YNL337W
YPR065W	YNL338W
YPR065W	YNL339C
YPR065W	YOL025W
YPR065W	YOL026C
YPR065W	YOL077WA
YPR065W	YOL078W
YPR065W	YOL080C
YPR065W	YOL121C
YPR065W	YOL156W
YPR065W	YOL157C
YPR065W	YOR032C
YPR065W	YOR178C
YPR065W	YOR223W
YPR065W	YOR236W
YPR065W	YOR313C
YPR065W	YOR315W
YPR065W	YOR318C
YPR065W	YOR319W
YPR065W	YPL130W
YPR065W	YPL230W
YPR065W	YPL265W
YPR065W	YPR013C
YPR065W	YPR108WA
YPR065W	YPR109W
YPR065W	YPR126C
YPR065W	YPR127W
YPR196W	YDR543C
YPR196W	YER189W
YPR196W	YER190W
YPR196W	YNL337W
YPR199C	YAL017W
YPR199C	YAL018C
YPR199C	YAL062W
YPR199C	YBR040W
YPR199C	YCR039C
YPR199C	YCR040W
YPR199C	YCR041W
YPR199C	YCR096C
YPR199C	YCR107W
YPR199C	YDR052C
YPR199C	YER007CA
YPR199C	YGR190C
YPR199C	YHR195W
YPR199C	YJR044C
YPR199C	YLR022C
YPR199C	YLR082C
YPR199C	YLR397C
YPR199C	YML048WA
YPR199C	YMR086CA
YPR199C	YMR087W
YPR199C	YMR135WA
YPR199C	YMR257C
