YBL103C	YAL062W
YBL103C	YCR018CA
YBL103C	YCR019W
YBL103C	YCR020CA
YBL103C	YCR095C
YBL103C	YCR096C
YBL103C	YCR097W
YBL103C	YCR105W
YBL103C	YCR107W
YBL103C	YDL066W
YBL103C	YDL067C
YBL103C	YDL182W
YBL103C	YDR040C
YBL103C	YDR041W
YBL103C	YDR042C
YBL103C	YDR067C
YBL103C	YDR068W
YBL103C	YDR077W
YBL103C	YDR078C
YBL103C	YDR079W
YBL103C	YDR084C
YBL103C	YDR127W
YBL103C	YDR179C
YBL103C	YDR179WA
YBL103C	YDR210WD
YBL103C	YDR317W
YBL103C	YDR482C
YBL103C	YDR483W
YBL103C	YDR508C
YBL103C	YDR510W
YBL103C	YDR522C
YBL103C	YEL010W
YBL103C	YEL050C
YBL103C	YEL071W
YBL103C	YER002W
YBL103C	YER013W
YBL103C	YER044CA
YBL103C	YER069W
YBL103C	YGL255W
YBL103C	YGR050C
YBL103C	YGR071C
YBL103C	YGR072W
YBL103C	YGR142W
YBL103C	YGR218W
YBL103C	YGR271CA
YBL103C	YGR272C
YBL103C	YHR018C
YBL103C	YHR161C
YBL103C	YHR162W
YBL103C	YIR029W
YBL103C	YJL088W
YBL103C	YJR011C
YBL103C	YJR109C
YBL103C	YJR110W
YBL103C	YJR148W
YBL103C	YKL071W
YBL103C	YKR004C
YBL103C	YLL004W
YBL103C	YLL005C
YBL103C	YLL015W
YBL103C	YLR049C
YBL103C	YLR082C
YBL103C	YLR130C
YBL103C	YLR266C
YBL103C	YLR267W
YBL103C	YLR302C
YBL103C	YLR304C
YBL103C	YMR098C
YBL103C	YMR178W
YBL103C	YMR193W
YBL103C	YMR227C
YBL103C	YMR228W
YBL103C	YNL001W
YBL103C	YNL002C
YBL103C	YNL036W
YBL103C	YNL037C
YBL103C	YNL134C
YBL103C	YNR001C
YBL103C	YOL159C
YBL103C	YOR302W
YBL103C	YOR303W
YBL103C	YPR038W
YBL103C	YPR039W
YBL103C	YPR040W
YBL103C	YPR198W
YBR240C	YBR093C
YBR240C	YBR094W
YBR240C	YCR018CA
YBR240C	YCR019W
YBR240C	YCR020CA
YBR240C	YDR048C
YBR240C	YDR179C
YBR240C	YDR179WA
YBR240C	YDR439W
YBR240C	YDR473C
YBR240C	YEL050C
YBR240C	YER060WA
YBR240C	YGL001C
YBR240C	YGR071C
YBR240C	YGR072W
YBR240C	YGR283C
YBR240C	YHR179W
YBR240C	YJL088W
YBR240C	YJR011C
YBR240C	YKR093W
YBR240C	YMR050C
YBR240C	YMR051C
YCR040W	YBL018C
YCR040W	YKL178C
YCR096C	YCR039C
YCR096C	YCR040W
YCR096C	YKL178C
YCR097W	YCR039C
YCR097W	YCR040W
YCR097W	YDR103W
YCR097W	YKL178C
YCR106W	YBR167C
YCR106W	YBR168W
YCR106W	YCR105W
YCR106W	YCR107W
YCR106W	YDR084C
YCR106W	YDR210WD
YCR106W	YEL004W
YCR106W	YEL005C
YCR106W	YER049W
YCR106W	YFL023W
YCR106W	YFL024C
YCR106W	YKL077W
YCR106W	YKL177W
YCR106W	YKL179C
YCR106W	YMR125W
YCR106W	YNL232W
YCR106W	YNL241C
YCR106W	YOL125W
YCR106W	YOL126C
YCR106W	YPR158WA
YCR106W	YPR158WB
YDL106C	YAR015W
YDL106C	YBR048W
YDL106C	YBR085CA
YDL106C	YBR093C
YDL106C	YBR248C
YDL106C	YCL030C
YDL106C	YCR107W
YDL106C	YDL058W
YDL106C	YDL059C
YDL106C	YDR033W
YDL106C	YDR077W
YDL106C	YDR144C
YDL106C	YDR145W
YDL106C	YDR278C
YDL106C	YDR354W
YDL106C	YDR408C
YDL106C	YDR486C
YDL106C	YER013W
YDL106C	YGL001C
YDL106C	YGL234W
YDL106C	YGL255W
YDL106C	YGR061C
YDL106C	YGR192C
YDL106C	YGR204W
YDL106C	YJR011C
YDL106C	YKL103C
YDL106C	YLL015W
YDL106C	YLL025W
YDL106C	YLR046C
YDL106C	YLR152C
YDL106C	YLR359W
YDL106C	YLR428C
YDL106C	YLR430W
YDL106C	YLR439W
YDL106C	YMR120C
YDL106C	YMR300C
YDL106C	YNL027W
YDL106C	YNL036W
YDL106C	YNL037C
YDL106C	YNL220W
YDL106C	YNL241C
YDL106C	YOL119C
YDL106C	YOR128C
YDL106C	YOR337W
YDL106C	YPR194C
YDL106C	YPR196W
YDL170W	YBL109W
YDL170W	YBL112C
YDL170W	YBL113C
YDL170W	YBR006W
YDL170W	YCR018CA
YDL170W	YCR019W
YDL170W	YCR039C
YDL170W	YCR040W
YDL170W	YCR041W
YDL170W	YCR105W
YDL170W	YDL068W
YDL170W	YDL071C
YDL170W	YDL210W
YDL170W	YDL239C
YDL170W	YDR084C
YDL170W	YDR210WD
YDL170W	YDR544C
YDL170W	YDR545W
YDL170W	YER189W
YDL170W	YER190W
YDL170W	YGL001C
YDL170W	YGR019W
YDL170W	YHR156C
YDL170W	YHR157W
YDL170W	YIR029W
YDL170W	YMR193W
YDL170W	YMR258C
YDL170W	YNL241C
YDL170W	YNL337W
YDL170W	YNL339C
YDL170W	YNR068C
YDR081C	YDR042C
YDR081C	YDR317W
YDR081C	YDR463W
YDR081C	YLL025W
YDR081C	YLR022C
YDR081C	YLR046C
YDR253C	YAL012W
YDR253C	YBR048W
YDR253C	YCR081W
YDR253C	YDL058W
YDR253C	YDL059C
YDR253C	YDR077W
YDR253C	YDR544C
YDR253C	YDR545W
YDR253C	YEL072W
YDR253C	YER007CA
YDR253C	YER049W
YDR253C	YER091C
YDR253C	YER092W
YDR253C	YER189W
YDR253C	YER190W
YDR253C	YFR030W
YDR253C	YGL184C
YDR253C	YGL254W
YDR253C	YGL255W
YDR253C	YGR055W
YDR253C	YGR204W
YDR253C	YIR017C
YDR253C	YJL060W
YDR253C	YJR010W
YDR253C	YJR137C
YDR253C	YJR138W
YDR253C	YKL001C
YDR253C	YLR092W
YDR253C	YLR174W
YDR253C	YLR179C
YDR253C	YLR180W
YDR253C	YLR301W
YDR253C	YLR303W
YDR253C	YLR428C
YDR253C	YLR430W
YDR253C	YNL277W
YDR253C	YOL064C
YDR253C	YPR158WA
YDR253C	YPR158WB
YDR253C	YPR167C
YDR253C	YPR168W
YDR423C	YAL005C
YDR423C	YBR126C
YDR423C	YDL239C
YDR423C	YDR074W
YDR423C	YDR132C
YDR423C	YDR135C
YDR423C	YEL044W
YDR423C	YEL045C
YDR423C	YEL046C
YDR423C	YFL014W
YDR423C	YGR209C
YDR423C	YGR234W
YDR423C	YHR008C
YDR423C	YJL100W
YDR423C	YJL101C
YDR423C	YKL071W
YDR423C	YKL086W
YDR423C	YKL087C
YDR423C	YKL103C
YDR423C	YKR052C
YDR423C	YLR022C
YDR423C	YLR108C
YDR423C	YLR109W
YDR423C	YML116W
YDR423C	YOL119C
YDR463W	YBL104C
YDR463W	YBR043C
YDR463W	YBR068C
YDR463W	YBR167C
YDR463W	YBR168W
YDR463W	YBR248C
YDR463W	YCL012W
YDR463W	YCL014W
YDR463W	YCL018W
YDR463W	YCL024W
YDR463W	YCR018CA
YDR463W	YCR019W
YDR463W	YCR095C
YDR463W	YCR096C
YDR463W	YDL152W
YDR463W	YDL181W
YDR463W	YDL182W
YDR463W	YDR042C
YDR463W	YDR046C
YDR463W	YDR047W
YDR463W	YDR048C
YDR463W	YDR067C
YDR463W	YDR068W
YDR463W	YDR078C
YDR463W	YDR079W
YDR463W	YDR084C
YDR463W	YDR098CA
YDR463W	YDR098CB
YDR463W	YDR102C
YDR463W	YDR103W
YDR463W	YDR179C
YDR463W	YDR179WA
YDR463W	YDR473C
YDR463W	YDR508C
YDR463W	YDR510W
YDR463W	YEL044W
YDR463W	YEL045C
YDR463W	YEL046C
YDR463W	YER013W
YDR463W	YGL001C
YDR463W	YGR055W
YDR463W	YGR071C
YDR463W	YGR072W
YDR463W	YGR218W
YDR463W	YGR283C
YDR463W	YHR156C
YDR463W	YHR157W
YDR463W	YIR034C
YDR463W	YJL085W
YDR463W	YJL139C
YDR463W	YJR011C
YDR463W	YKR004C
YDR463W	YLL004W
YDR463W	YLL005C
YDR463W	YLR094C
YDR463W	YLR261C
YDR463W	YLR262C
YDR463W	YLR302C
YDR463W	YLR428C
YDR463W	YLR430W
YDR463W	YMR227C
YDR463W	YMR228W
YDR463W	YNR049C
YDR463W	YOL057W
YDR463W	YOL058W
YDR463W	YOL125W
YDR463W	YOL126C
YDR463W	YOL159C
YDR463W	YPL216W
YDR463W	YPL217C
YDR463W	YPL265W
YEL009C	YBL103C
YEL009C	YBR043C
YEL009C	YBR046C
YEL009C	YBR047W
YEL009C	YBR068C
YEL009C	YBR144C
YEL009C	YBR145W
YEL009C	YBR248C
YEL009C	YBR249C
YEL009C	YBR250W
YEL009C	YBR254C
YEL009C	YBR255W
YEL009C	YCL030C
YEL009C	YDL066W
YEL009C	YDL067C
YEL009C	YDL170W
YEL009C	YDL171C
YEL009C	YDL182W
YEL009C	YDL198C
YEL009C	YDR084C
YEL009C	YDR127W
YEL009C	YDR258C
YEL009C	YDR341C
YEL009C	YDR354W
YEL009C	YDR486C
YEL009C	YDR508C
YEL009C	YDR510W
YEL009C	YEL062W
YEL009C	YEL063C
YEL009C	YER040W
YEL009C	YER055C
YEL009C	YER069W
YEL009C	YER086W
YEL009C	YER089C
YEL009C	YER090W
YEL009C	YER175C
YEL009C	YER176W
YEL009C	YFL021W
YEL009C	YGL125W
YEL009C	YGL184C
YEL009C	YGL186C
YEL009C	YGR204W
YEL009C	YGR271CA
YEL009C	YHR018C
YEL009C	YHR029C
YEL009C	YHR161C
YEL009C	YHR162W
YEL009C	YIR034C
YEL009C	YJL088W
YEL009C	YJL210W
YEL009C	YJL212C
YEL009C	YJR016C
YEL009C	YJR018W
YEL009C	YJR109C
YEL009C	YJR110W
YEL009C	YKL016C
YEL009C	YKL103C
YEL009C	YLL004W
YEL009C	YLL005C
YEL009C	YLR047C
YEL009C	YLR048W
YEL009C	YLR049C
YEL009C	YLR152C
YEL009C	YLR266C
YEL009C	YLR267W
YEL009C	YLR355C
YEL009C	YLR356W
YEL009C	YLR451W
YEL009C	YML116W
YEL009C	YMR108W
YEL009C	YMR188C
YEL009C	YMR189W
YEL009C	YMR195W
YEL009C	YMR300C
YEL009C	YNL036W
YEL009C	YNL037C
YEL009C	YNL103W
YEL009C	YNL104C
YEL009C	YNL175C
YEL009C	YNL239W
YEL009C	YNL240C
YEL009C	YOL058W
YEL009C	YOL064C
YEL009C	YOL119C
YEL009C	YOL140W
YEL009C	YOR108W
YEL009C	YOR221C
YEL009C	YOR222W
YEL009C	YOR302W
YEL009C	YOR303W
YEL009C	YOR337W
YEL009C	YPL111W
YEL009C	YPL250C
YEL009C	YPR038W
YEL009C	YPR039W
YEL009C	YPR040W
YEL009C	YPR145W
YEL009C	YPR167C
YEL009C	YPR168W
YER028C	YBR229C
YER028C	YCR018CA
YER028C	YCR019W
YER028C	YER189W
YER028C	YER190W
YER040W	YBR208C
YER040W	YCL030C
YER040W	YCR018CA
YER040W	YCR019W
YER040W	YDL066W
YER040W	YDL067C
YER040W	YDL170W
YER040W	YDL171C
YER040W	YDL198C
YER040W	YDL210W
YER040W	YDR040C
YER040W	YDR041W
YER040W	YDR077W
YER040W	YDR090C
YER040W	YDR210W
YER040W	YDR278C
YER040W	YDR508C
YER040W	YDR510W
YER040W	YDR522C
YER040W	YEL004W
YER040W	YEL005C
YER040W	YEL007W
YER040W	YEL009C
YER040W	YEL063C
YER040W	YER002W
YER040W	YER175C
YER040W	YER176W
YER040W	YER189W
YER040W	YER190W
YER040W	YFL021W
YER040W	YGL001C
YER040W	YGL254W
YER040W	YGL255W
YER040W	YGR019W
YER040W	YGR234W
YER040W	YHL016C
YER040W	YHR018C
YER040W	YHR029C
YER040W	YHR037W
YER040W	YHR193C
YER040W	YHR194W
YER040W	YIR005W
YER040W	YIR027C
YER040W	YIR028W
YER040W	YIR029W
YER040W	YIR031C
YER040W	YIR032C
YER040W	YIR033W
YER040W	YJL088W
YER040W	YJL110C
YER040W	YJL172W
YER040W	YJL173C
YER040W	YJR109C
YER040W	YJR110W
YER040W	YJR148W
YER040W	YJR152W
YER040W	YKL103C
YER040W	YKR034W
YER040W	YKR039W
YER040W	YKR093W
YER040W	YLL025W
YER040W	YLL033W
YER040W	YLL034C
YER040W	YLR023C
YER040W	YLR047C
YER040W	YLR048W
YER040W	YLR130C
YER040W	YLR142W
YER040W	YLR257W
YER040W	YLR439W
YER040W	YMR088C
YER040W	YMR193W
YER040W	YNL142W
YER040W	YNL143C
YER040W	YNR068C
YER040W	YOL058W
YER040W	YOL119C
YER040W	YOL159C
YER040W	YOR348C
YER040W	YOR375C
YER040W	YPL111W
YER040W	YPL265W
YER040W	YPR038W
YER040W	YPR039W
YER040W	YPR040W
YER040W	YPR144C
YER040W	YPR145W
YER040W	YPR194C
YER169W	YBL059W
YER169W	YBL075C
YER169W	YBR126C
YER169W	YCR105W
YER169W	YCR107W
YER169W	YDR067C
YER169W	YDR068W
YER169W	YDR084C
YER169W	YDR210WD
YER169W	YDR245W
YER169W	YDR473C
YER169W	YDR484W
YER169W	YER013W
YER169W	YER177W
YER169W	YJR045C
YER169W	YJR046W
YER169W	YLL015W
YER169W	YLL033W
YER169W	YLL034C
YER169W	YLR082C
YER169W	YLR302C
YER169W	YLR439W
YER169W	YML101C
YER169W	YML102CA
YER169W	YNL241C
YFL021W	YAL012W
YFL021W	YBL104C
YFL021W	YCR018CA
YFL021W	YCR019W
YFL021W	YCR096C
YFL021W	YDL237W
YFL021W	YDL238C
YFL021W	YDR040C
YFL021W	YDR041W
YFL021W	YDR042C
YFL021W	YDR067C
YFL021W	YDR068W
YFL021W	YDR078C
YFL021W	YDR079W
YFL021W	YDR084C
YFL021W	YDR144C
YFL021W	YDR145W
YFL021W	YDR210W
YFL021W	YDR210WD
YFL021W	YDR317W
YFL021W	YDR473C
YFL021W	YDR495C
YFL021W	YDR522C
YFL021W	YEL062W
YFL021W	YEL063C
YFL021W	YER002W
YFL021W	YER044CA
YFL021W	YFL023W
YFL021W	YFL024C
YFL021W	YGL001C
YFL021W	YGR071C
YFL021W	YGR072W
YFL021W	YGR218W
YFL021W	YGR271W
YFL021W	YHR029C
YFL021W	YHR156C
YFL021W	YHR157W
YFL021W	YHR179W
YFL021W	YIR005W
YFL021W	YIR029W
YFL021W	YJL085W
YFL021W	YJL088W
YFL021W	YJL110C
YFL021W	YJL210W
YFL021W	YJL212C
YFL021W	YJR011C
YFL021W	YJR109C
YFL021W	YJR110W
YFL021W	YKR093W
YFL021W	YKR098C
YFL021W	YKR099W
YFL021W	YLR023C
YFL021W	YLR047C
YFL021W	YLR048W
YFL021W	YLR261C
YFL021W	YLR262C
YFL021W	YLR302C
YFL021W	YML098W
YFL021W	YML099C
YFL021W	YMR098C
YFL021W	YMR178W
YFL021W	YMR193W
YFL021W	YMR227C
YFL021W	YMR228W
YFL021W	YMR258C
YFL021W	YNL001W
YFL021W	YNL002C
YFL021W	YNL038W
YFL021W	YNL142W
YFL021W	YNL143C
YFL021W	YNR049C
YFL021W	YOL159C
YFL021W	YPL216W
YFL021W	YPL217C
YGL254W	YDL206W
YGL254W	YDR179C
YGL254W	YDR179WA
YGL254W	YGR271CA
YGL254W	YPL018W
YGL254W	YPL019C
YGL254W	YPL123C
YHR006W	YBR068C
YHR006W	YCR039C
YHR006W	YCR040W
YHR006W	YCR041W
YHR006W	YDR048C
YHR006W	YDR102C
YHR006W	YDR103W
YIL036W	YBR167C
YIL036W	YBR168W
YIL036W	YBR229C
YIL036W	YDR067C
YIL036W	YDR068W
YIL036W	YER189W
YIL036W	YER190W
YIL036W	YGR040W
YIL036W	YKL077W
YIL036W	YKL177W
YIL036W	YKL179C
YIL036W	YMR125W
YIR017C	YCR081W
YIR017C	YDR144C
YIR017C	YDR145W
YIR017C	YFR030W
YIR017C	YIL038C
YIR017C	YJR010W
YIR017C	YKL001C
YIR017C	YLR023C
YIR017C	YMR126C
YIR017C	YPR167C
YIR023W	YBR006W
YIR023W	YBR043C
YIR023W	YBR068C
YIR023W	YBR195C
YIR023W	YBR208C
YIR023W	YCL012W
YIR023W	YCL014W
YIR023W	YCL018W
YIR023W	YCL024W
YIR023W	YDL170W
YIR023W	YDL171C
YIR023W	YDL210W
YIR023W	YDL237W
YIR023W	YDL238C
YIR023W	YDR042C
YIR023W	YDR046C
YIR023W	YDR047W
YIR023W	YDR065W
YIR023W	YDR090C
YIR023W	YDR098CA
YIR023W	YDR098CB
YIR023W	YDR099W
YIR023W	YDR508C
YIR023W	YDR510W
YIR023W	YEL007W
YIR023W	YEL044W
YIR023W	YEL045C
YIR023W	YEL046C
YIR023W	YEL062W
YIR023W	YEL063C
YIR023W	YEL071W
YIR023W	YER013W
YIR023W	YFL021W
YIR023W	YGR019W
YIR023W	YGR055W
YIR023W	YGR154C
YIR023W	YGR155W
YIR023W	YHL016C
YIR023W	YIR027C
YIR023W	YIR028W
YIR023W	YIR029W
YIR023W	YIR031C
YIR023W	YIR032C
YIR023W	YIR033W
YIR023W	YJL088W
YIR023W	YJL133W
YIR023W	YJL172W
YIR023W	YJL173C
YIR023W	YJL210W
YIR023W	YJL212C
YIR023W	YJR109C
YIR023W	YJR110W
YIR023W	YJR148W
YIR023W	YJR152W
YIR023W	YKL103C
YIR023W	YKL118W
YIR023W	YKR039W
YIR023W	YKR093W
YIR023W	YLR094C
YIR023W	YLR139C
YIR023W	YLR142W
YIR023W	YLR257W
YIR023W	YLR304C
YIR023W	YMR088C
YIR023W	YMR098C
YIR023W	YMR195W
YIR023W	YNL142W
YIR023W	YNL143C
YIR023W	YOL058W
YIR023W	YOL119C
YIR023W	YOL125W
YIR023W	YOL126C
YIR023W	YOR221C
YIR023W	YOR222W
YIR023W	YOR344C
YIR023W	YOR375C
YIR023W	YPL123C
YIR023W	YPL265W
YIR023W	YPR038W
YIR023W	YPR039W
YIR023W	YPR040W
YIR023W	YPR124W
YIR023W	YPR144C
YIR023W	YPR145W
YIR023W	YPR194C
YJL056C	YCR039C
YJL056C	YCR040W
YJL056C	YCR041W
YJL056C	YDR545W
YJL056C	YER189W
YJL056C	YGL255W
YJL056C	YGR084C
YJL056C	YHR193C
YJL056C	YHR194W
YJL056C	YLR130C
YJL056C	YNL337W
YJL056C	YNL339C
YJL089W	YCR018CA
YJL089W	YCR019W
YJL089W	YDR317W
YJL089W	YDR522C
YJL089W	YER189W
YJL089W	YER190W
YJL089W	YGL230C
YJL089W	YKR098C
YJL089W	YKR099W
YJL089W	YLR428C
YJL089W	YLR430W
YJL089W	YMR086CA
YJL089W	YMR087W
YJL089W	YMR258C
YJL089W	YOL125W
YJL089W	YOL126C
YJL110C	YBL109W
YJL110C	YBL112C
YJL110C	YBL113C
YJL110C	YBR166C
YJL110C	YCR018CA
YJL110C	YCR019W
YJL110C	YCR039C
YJL110C	YCR040W
YJL110C	YCR041W
YJL110C	YCR096C
YJL110C	YCR105W
YJL110C	YCR107W
YJL110C	YDL210W
YJL110C	YDR040C
YJL110C	YDR041W
YJL110C	YDR084C
YJL110C	YDR544C
YJL110C	YDR545W
YJL110C	YER002W
YJL110C	YER189W
YJL110C	YER190W
YJL110C	YGL001C
YJL110C	YIL038C
YJL110C	YKR034W
YJL110C	YKR039W
YJL110C	YLR023C
YJL110C	YMR098C
YJL110C	YMR193W
YJL110C	YNL241C
YJL110C	YNL337W
YJL110C	YNL339C
YJR060W	YAL012W
YJR060W	YBR039W
YJR060W	YBR144C
YJR060W	YBR145W
YJR060W	YBR248C
YJR060W	YBR249C
YJR060W	YBR250W
YJR060W	YCR087CA
YJR060W	YCR088W
YJR060W	YCR106W
YJR060W	YDL051W
YJR060W	YDL052C
YJR060W	YDL058W
YJR060W	YDL059C
YJR060W	YDL120W
YJR060W	YDL121C
YJR060W	YDR160W
YJR060W	YDR439W
YJR060W	YDR482C
YJR060W	YDR483W
YJR060W	YDR508C
YJR060W	YDR510W
YJR060W	YEL044W
YJR060W	YEL045C
YJR060W	YEL046C
YJR060W	YER055C
YJR060W	YER060WA
YJR060W	YER091C
YJR060W	YER092W
YJR060W	YER114C
YJR060W	YER177W
YJR060W	YFL023W
YJR060W	YFL024C
YJR060W	YFR030W
YJR060W	YFR033C
YJR060W	YGL125W
YJR060W	YGL252C
YJR060W	YGR032W
YJR060W	YGR154C
YJR060W	YGR155W
YJR060W	YGR204W
YJR060W	YGR223C
YJR060W	YGR224W
YJR060W	YHR041C
YJR060W	YHR042W
YJR060W	YHR089C
YJR060W	YIR006C
YJR060W	YIR017C
YJR060W	YJL060W
YJR060W	YJL100W
YJR060W	YJL101C
YJR060W	YJL133W
YJR060W	YJR009C
YJR060W	YJR010W
YJR060W	YJR137C
YJR060W	YJR138W
YJR060W	YJR139C
YJR060W	YKL016C
YJR060W	YKR057W
YJR060W	YLR033W
YJR060W	YLR092W
YJR060W	YLR139C
YJR060W	YLR142W
YJR060W	YLR174W
YJR060W	YLR266C
YJR060W	YLR267W
YJR060W	YLR301W
YJR060W	YLR303W
YJR060W	YMR037C
YJR060W	YMR195W
YJR060W	YMR196W
YJR060W	YMR301C
YJR060W	YNL036W
YJR060W	YNL037C
YJR060W	YNL103W
YJR060W	YNL104C
YJR060W	YNL175C
YJR060W	YNL220W
YJR060W	YNL221C
YJR060W	YNL232W
YJR060W	YNL277W
YJR060W	YNR051C
YJR060W	YOL064C
YJR060W	YOR038C
YJR060W	YOR039W
YJR060W	YOR163W
YJR060W	YOR302W
YJR060W	YOR303W
YJR060W	YOR344C
YJR060W	YPL018W
YJR060W	YPL019C
YJR060W	YPL170W
YJR060W	YPL171C
YJR060W	YPL204W
YJR060W	YPL206C
YJR060W	YPL250C
YJR060W	YPR072W
YJR060W	YPR167C
YJR060W	YPR200C
YJR060W	YPR201W
YKL020C	YBR099C
YKL020C	YCR018CA
YKL020C	YCR019W
YKL020C	YCR096C
YKL020C	YDR040C
YKL020C	YDR041W
YKL020C	YDR084C
YKL020C	YDR210WD
YKL020C	YDR495C
YKL020C	YGL001C
YKL020C	YJL175W
YKL020C	YJR011C
YKL020C	YLR023C
YKL020C	YLR047C
YKL020C	YLR048W
YKL020C	YMR193W
YKL020C	YMR258C
YKL020C	YNL001W
YKL020C	YNL002C
YKL062W	YAL003W
YKL062W	YAL005C
YKL062W	YAL062W
YKL062W	YBL059W
YKL062W	YBL075C
YKL062W	YBL104C
YKL062W	YBR126C
YKL062W	YBR166C
YKL062W	YBR167C
YKL062W	YBR168W
YKL062W	YBR243C
YKL062W	YBR244W
YKL062W	YCL040W
YKL062W	YCR096C
YKL062W	YDL180W
YKL062W	YDL182W
YKL062W	YDL192W
YKL062W	YDL237W
YKL062W	YDL238C
YKL062W	YDR042C
YKL062W	YDR067C
YKL062W	YDR068W
YKL062W	YDR074W
YKL062W	YDR084C
YKL062W	YDR098CA
YKL062W	YDR098CB
YKL062W	YDR102C
YKL062W	YDR103W
YKL062W	YDR144C
YKL062W	YDR145W
YKL062W	YDR210WD
YKL062W	YDR245W
YKL062W	YDR258C
YKL062W	YDR353W
YKL062W	YDR354W
YKL062W	YDR455C
YKL062W	YDR457W
YKL062W	YDR484W
YKL062W	YDR544C
YKL062W	YDR545W
YKL062W	YEL010W
YKL062W	YER013W
YKL062W	YER044CA
YKL062W	YER062C
YKL062W	YER103W
YKL062W	YER189W
YKL062W	YER190W
YKL062W	YFL014W
YKL062W	YFR053C
YKL062W	YGR032W
YKL062W	YGR040W
YKL062W	YGR050C
YKL062W	YGR071C
YKL062W	YGR072W
YKL062W	YGR089W
YKL062W	YGR142W
YKL062W	YGR192C
YKL062W	YGR209C
YKL062W	YGR218W
YKL062W	YGR271W
YKL062W	YGR272C
YKL062W	YGR283C
YKL062W	YHL038C
YKL062W	YHR008C
YKL062W	YHR088W
YKL062W	YHR104W
YKL062W	YHR156C
YKL062W	YHR157W
YKL062W	YIL066C
YKL062W	YJR011C
YKL062W	YJR118C
YKL062W	YKL071W
YKL062W	YKL085W
YKL062W	YKR052C
YKL062W	YKR054C
YKL062W	YKR055W
YKL062W	YLL024C
YKL062W	YLL026W
YKL062W	YLR053C
YKL062W	YLR108C
YKL062W	YLR109W
YKL062W	YLR277C
YKL062W	YLR302C
YKL062W	YLR439W
YKL062W	YML007W
YKL062W	YML101C
YKL062W	YML102CA
YKL062W	YML116W
YKL062W	YMR050C
YKL062W	YMR051C
YKL062W	YMR086CA
YKL062W	YMR087W
YKL062W	YMR098C
YKL062W	YMR105C
YKL062W	YMR119W
YKL062W	YMR119WA
YKL062W	YMR169C
YKL062W	YMR170C
YKL062W	YMR178W
YKL062W	YMR227C
YKL062W	YMR228W
YKL062W	YNL001W
YKL062W	YNL002C
YKL062W	YNL006W
YKL062W	YNL007C
YKL062W	YNL134C
YKL062W	YNL241C
YKL062W	YNL337W
YKL062W	YNL339C
YKL062W	YOL159C
YKL062W	YOR018W
YKL062W	YOR226C
YKL062W	YOR227W
YKL062W	YOR236W
YKL062W	YPL123C
YKL062W	YPL170W
YKL062W	YPL171C
YKL062W	YPR124W
YKL062W	YPR198W
YKR034W	YBL018C
YKR034W	YBL059W
YKR034W	YBL109W
YKR034W	YBL112C
YKR034W	YBL113C
YKR034W	YBR006W
YKR034W	YBR166C
YKR034W	YBR208C
YKR034W	YCR039C
YKR034W	YCR040W
YKR034W	YCR041W
YKR034W	YCR105W
YKR034W	YDL206W
YKR034W	YDL210W
YKR034W	YDR042C
YKR034W	YDR067C
YKR034W	YDR068W
YKR034W	YDR084C
YKR034W	YDR127W
YKR034W	YDR473C
YKR034W	YDR544C
YKR034W	YDR545W
YKR034W	YEL063C
YKR034W	YER189W
YKR034W	YER190W
YKR034W	YFL021W
YKR034W	YGR019W
YKR034W	YHL016C
YKR034W	YHR037W
YKR034W	YHR156C
YKR034W	YHR157W
YKR034W	YIR028W
YKR034W	YIR029W
YKR034W	YIR031C
YKR034W	YIR032C
YKR034W	YJL110C
YKR034W	YKR039W
YKR034W	YLR082C
YKR034W	YLR142W
YKR034W	YLR439W
YKR034W	YMR086CA
YKR034W	YMR087W
YKR034W	YMR257C
YKR034W	YNL337W
YKR034W	YNL339C
YKR034W	YOR348C
YKR034W	YOR375C
YKR099W	YAL060W
YKR099W	YAR015W
YKR099W	YBR086C
YKR099W	YBR087W
YKR099W	YBR099C
YKR099W	YBR248C
YKR099W	YCL030C
YKR099W	YCR020CA
YKR099W	YDR084C
YKR099W	YDR408C
YKR099W	YER055C
YKR099W	YER091C
YKR099W	YER091CA
YKR099W	YER092W
YKR099W	YGL184C
YKR099W	YGL186C
YKR099W	YGL234W
YKR099W	YGR061C
YKR099W	YGR204W
YKR099W	YKL177W
YKR099W	YKL179C
YKR099W	YLR359W
YKR099W	YMR120C
YKR099W	YMR188C
YKR099W	YMR189W
YKR099W	YMR300C
YKR099W	YNL220W
YKR099W	YOR128C
YKR099W	YPL018W
YKR099W	YPL019C
YLR451W	YBR048W
YLR451W	YBR068C
YLR451W	YCL018W
YLR451W	YCR018CA
YLR451W	YCR019W
YLR451W	YCR020CA
YLR451W	YDL181W
YLR451W	YDR042C
YLR451W	YDR046C
YLR451W	YDR077W
YLR451W	YDR278C
YLR451W	YER086W
YLR451W	YER189W
YLR451W	YER190W
YLR451W	YGL001C
YLR451W	YGR190C
YLR451W	YGR271CA
YLR451W	YHR218W
YLR451W	YJL191W
YLR451W	YJL192C
YLR451W	YJR016C
YLR451W	YJR018W
YLR451W	YKL118W
YLR451W	YLL004W
YLR451W	YLL005C
YLR451W	YLR154C
YLR451W	YLR355C
YLR451W	YLR356W
YLR451W	YLR368W
YLR451W	YMR108W
YLR451W	YNL103W
YLR451W	YNL104C
YLR451W	YNL337W
YLR451W	YNL339C
YLR451W	YOL121C
YLR451W	YOR001W
YLR451W	YOR108W
YLR451W	YOR226C
YLR451W	YOR227W
YLR451W	YOR236W
YLR451W	YOR375C
YLR451W	YPR144C
YML007W	YAL005C
YML007W	YAL012W
YML007W	YBR099C
YML007W	YCR018CA
YML007W	YCR019W
YML007W	YDL182W
YML007W	YDR040C
YML007W	YDR041W
YML007W	YDR074W
YML007W	YDR084C
YML007W	YDR132C
YML007W	YDR135C
YML007W	YEL044W
YML007W	YEL045C
YML007W	YEL046C
YML007W	YER048C
YML007W	YFL014W
YML007W	YGR209C
YML007W	YGR234W
YML007W	YHR008C
YML007W	YHR179W
YML007W	YJL100W
YML007W	YJL101C
YML007W	YJR109C
YML007W	YJR110W
YML007W	YKL020C
YML007W	YKL086W
YML007W	YKL087C
YML007W	YKR052C
YML007W	YKR054C
YML007W	YKR055W
YML007W	YLR108C
YML007W	YLR109W
YML007W	YLR302C
YML007W	YLR439W
YML007W	YML116W
YML007W	YMR193W
YML007W	YMR258C
YML007W	YNL134C
YML007W	YNL241C
YML007W	YOL119C
YML007W	YOR236W
YML081W	YCR018CA
YML081W	YCR019W
YML081W	YDR042C
YML081W	YDR278C
YML081W	YOR236W
YML099C	YBL074C
YML099C	YBR086C
YML099C	YBR087W
YML099C	YBR093C
YML099C	YBR094W
YML099C	YDL068W
YML099C	YDL071C
YML099C	YDL152W
YML099C	YDR084C
YML099C	YDR522C
YML099C	YER069W
YML099C	YFL023W
YML099C	YFL024C
YML099C	YHR179W
YML099C	YHR193C
YML099C	YHR194W
YML099C	YJL085W
YML099C	YJL088W
YML099C	YLR438W
YML099C	YML098W
YML099C	YMR086CA
YML099C	YMR087W
YML099C	YOL057W
YML099C	YOL058W
YML099C	YOL140W
YML099C	YOR302W
YML099C	YOR303W
YML099C	YPL111W
YML099C	YPL265W
YML113W	YCR096C
YML113W	YDR084C
YML113W	YDR544C
YML113W	YDR545W
YML113W	YER189W
YML113W	YER190W
YML113W	YGL001C
YML113W	YGR071C
YML113W	YGR072W
YML113W	YJR011C
YML113W	YNL337W
YML113W	YNL339C
YMR037C	YAL003W
YMR037C	YAL005C
YMR037C	YAL060W
YMR037C	YAL062W
YMR037C	YBL059W
YMR037C	YBL075C
YMR037C	YBR085CA
YMR037C	YBR126C
YMR037C	YBR166C
YMR037C	YBR167C
YMR037C	YBR168W
YMR037C	YBR243C
YMR037C	YBR244W
YMR037C	YCL040W
YMR037C	YCR096C
YMR037C	YDL180W
YMR037C	YDL182W
YMR037C	YDR033W
YMR037C	YDR042C
YMR037C	YDR067C
YMR037C	YDR068W
YMR037C	YDR074W
YMR037C	YDR078C
YMR037C	YDR079W
YMR037C	YDR084C
YMR037C	YDR098CA
YMR037C	YDR098CB
YMR037C	YDR102C
YMR037C	YDR103W
YMR037C	YDR132C
YMR037C	YDR210WD
YMR037C	YDR258C
YMR037C	YDR353W
YMR037C	YDR354W
YMR037C	YDR455C
YMR037C	YDR457W
YMR037C	YDR484W
YMR037C	YEL007W
YMR037C	YEL010W
YMR037C	YER013W
YMR037C	YER044CA
YMR037C	YER062C
YMR037C	YER103W
YMR037C	YER177W
YMR037C	YFL014W
YMR037C	YFR053C
YMR037C	YGR050C
YMR037C	YGR071C
YMR037C	YGR072W
YMR037C	YGR089W
YMR037C	YGR142W
YMR037C	YGR192C
YMR037C	YGR209C
YMR037C	YGR272C
YMR037C	YHL038C
YMR037C	YHR008C
YMR037C	YHR088W
YMR037C	YHR104W
YMR037C	YHR156C
YMR037C	YHR157W
YMR037C	YIL066C
YMR037C	YJR011C
YMR037C	YJR045C
YMR037C	YJR046W
YMR037C	YJR118C
YMR037C	YKL060C
YMR037C	YKL062W
YMR037C	YKL071W
YMR037C	YKL085W
YMR037C	YKL086W
YMR037C	YKL087C
YMR037C	YKR052C
YMR037C	YKR054C
YMR037C	YKR055W
YMR037C	YLL024C
YMR037C	YLL026W
YMR037C	YLR053C
YMR037C	YLR108C
YMR037C	YLR109W
YMR037C	YLR277C
YMR037C	YLR302C
YMR037C	YML007W
YMR037C	YML101C
YMR037C	YML102CA
YMR037C	YML116W
YMR037C	YMR086CA
YMR037C	YMR087W
YMR037C	YMR105C
YMR037C	YMR169C
YMR037C	YMR170C
YMR037C	YMR178W
YMR037C	YMR227C
YMR037C	YMR228W
YMR037C	YNL001W
YMR037C	YNL002C
YMR037C	YNL006W
YMR037C	YNL007C
YMR037C	YNL134C
YMR037C	YOL159C
YMR037C	YOR018W
YMR037C	YOR226C
YMR037C	YOR227W
YMR037C	YOR344C
YMR037C	YPL123C
YMR037C	YPR124W
YMR037C	YPR198W
YMR042W	YCR018CA
YMR042W	YCR019W
YMR042W	YDR048C
YMR042W	YDR210WD
YMR042W	YEL050C
YMR042W	YEL071W
YMR042W	YER048C
YMR042W	YER069W
YMR042W	YFL023W
YMR042W	YFL024C
YMR042W	YJL088W
YMR042W	YJL175W
YMR042W	YLR438W
YMR042W	YNL050C
YMR042W	YOL058W
YMR042W	YOL140W
YMR042W	YOR302W
YMR042W	YOR303W
YMR042W	YPL111W
YMR042W	YPL265W
YNL027W	YDR040C
YNL027W	YGR032W
YNL103W	YAL012W
YNL103W	YDL181W
YNL103W	YDR065W
YNL103W	YER091C
YNL103W	YER092W
YNL103W	YFR030W
YNL103W	YGL184C
YNL103W	YGR055W
YNL103W	YGR084C
YNL103W	YGR204W
YNL103W	YIR017C
YNL103W	YJR010W
YNL103W	YKL001C
YNL103W	YLL004W
YNL103W	YLL005C
YNL103W	YLL025W
YNL103W	YLL033W
YNL103W	YLL034C
YNL103W	YLR092W
YNL103W	YLR179C
YNL103W	YLR180W
YNL103W	YLR301W
YNL103W	YLR303W
YNL103W	YLR368W
YNL103W	YNL220W
YNL103W	YNL221C
YNL103W	YNL277W
YNL103W	YNL277WA
YNL103W	YNR049C
YNL103W	YOL121C
YNL103W	YOR236W
YNL103W	YPR167C
YOL028C	YAL012W
YOL028C	YBR046C
YOL028C	YBR047W
YOL028C	YBR068C
YOL028C	YBR254C
YOL028C	YBR255W
YOL028C	YCR018CA
YOL028C	YCR019W
YOL028C	YDL120W
YOL028C	YDL121C
YOL028C	YDL239C
YOL028C	YDR040C
YOL028C	YDR041W
YOL028C	YDR042C
YOL028C	YDR084C
YOL028C	YDR132C
YOL028C	YDR135C
YOL028C	YDR278C
YOL028C	YDR317W
YOL028C	YDR341C
YOL028C	YDR486C
YOL028C	YEL050C
YOL028C	YER089C
YOL028C	YER090W
YOL028C	YFR033C
YOL028C	YGL252C
YOL028C	YGR209C
YOL028C	YGR223C
YOL028C	YGR224W
YOL028C	YGR234W
YOL028C	YHR008C
YOL028C	YHR029C
YOL028C	YHR179W
YOL028C	YIR005W
YOL028C	YIR031C
YOL028C	YJL088W
YOL028C	YJL100W
YOL028C	YJL101C
YOL028C	YJR109C
YOL028C	YJR110W
YOL028C	YKL071W
YOL028C	YKL086W
YOL028C	YKL087C
YOL028C	YKL103C
YOL028C	YKR052C
YOL028C	YKR098C
YOL028C	YKR099W
YOL028C	YLR022C
YOL028C	YLR023C
YOL028C	YLR047C
YOL028C	YLR048W
YOL028C	YLR049C
YOL028C	YLR108C
YOL028C	YLR109W
YOL028C	YML116W
YOL028C	YMR119W
YOL028C	YMR119WA
YOL028C	YMR193W
YOL028C	YMR258C
YOL028C	YNL134C
YOL028C	YNL239W
YOL028C	YNL240C
YOL028C	YNL260C
YOL028C	YOL058W
YOL028C	YOL119C
YOL028C	YOR163W
YOL028C	YOR226C
YOL028C	YOR227W
YOL028C	YPL170W
YOL028C	YPL171C
YOL028C	YPR167C
YOL028C	YPR168W
YOL028C	YPR200C
YOL028C	YPR201W
YOL067C	YBR167C
YOL067C	YBR168W
YOL067C	YCR018CA
YOL067C	YCR019W
YOL067C	YCR096C
YOL067C	YDL192W
YOL067C	YDR042C
YOL067C	YDR084C
YOL067C	YDR210WD
YOL067C	YEL010W
YOL067C	YEL071W
YOL067C	YER013W
YOL067C	YGL254W
YOL067C	YGR071C
YOL067C	YGR072W
YOL067C	YGR271W
YOL067C	YGR272C
YOL067C	YHR156C
YOL067C	YHR157W
YOL067C	YJR011C
YOL067C	YKL071W
YOL067C	YLR053C
YOL067C	YLR261C
YOL067C	YLR262C
YOL067C	YLR277C
YOL067C	YLR302C
YOL067C	YLR304C
YOL067C	YMR098C
YOL067C	YMR126C
YOL067C	YMR178W
YOL067C	YMR227C
YOL067C	YMR228W
YOL067C	YNL001W
YOL067C	YNL002C
YOL067C	YNL037C
YOL067C	YNR001C
YOL067C	YNR049C
YOL067C	YOL159C
YOL067C	YPR198W
YOL089C	YBL074C
YOL089C	YCR096C
YOL089C	YCR097W
YOL089C	YDL068W
YOL089C	YDL071C
YOL089C	YDR042C
YOL089C	YDR084C
YOL089C	YDR098CA
YOL089C	YDR098CB
YOL089C	YDR099W
YOL089C	YER048C
YOL089C	YGL001C
YOL089C	YGR071C
YOL089C	YGR072W
YOL089C	YGR218W
YOL089C	YGR271CA
YOL089C	YGR271W
YOL089C	YHR218W
YOL089C	YJR011C
YOL089C	YKL062W
YOL089C	YLR154C
YOL089C	YMR258C
YOL089C	YNL038W
YOL089C	YNL050C
YOL089C	YNL134C
YOL089C	YNL337W
YOL089C	YNL339C
YOL089C	YOL159C
YOL089C	YOR001W
YOL089C	YPR072W
YOL089C	YPR198W
YOR032C	YBL074C
YOR032C	YBR133C
YOR032C	YBR135W
YOR032C	YDR042C
YOR032C	YDR522C
YOR032C	YEL050C
YOR032C	YGL001C
YOR032C	YHR005CA
YOR032C	YHR006W
YOR032C	YJR139C
YOR032C	YOR001W
YOR344C	YAL060W
YOR344C	YBR039W
YOR344C	YBR133C
YOR344C	YBR135W
YOR344C	YBR144C
YOR344C	YBR145W
YOR344C	YBR195C
YOR344C	YCR087CA
YOR344C	YCR088W
YOR344C	YDL051W
YOR344C	YDL052C
YOR344C	YDL120W
YOR344C	YDL121C
YOR344C	YDR042C
YOR344C	YDR160W
YOR344C	YER060WA
YOR344C	YER114C
YOR344C	YER177W
YOR344C	YFR030W
YOR344C	YGL001C
YOR344C	YGL230C
YOR344C	YGR192C
YOR344C	YGR223C
YOR344C	YGR224W
YOR344C	YHR005CA
YOR344C	YHR006W
YOR344C	YHR041C
YOR344C	YHR042W
YOR344C	YHR089C
YOR344C	YIR006C
YOR344C	YJL139C
YOR344C	YJR009C
YOR344C	YJR137C
YOR344C	YJR138W
YOR344C	YJR139C
YOR344C	YKL016C
YOR344C	YKL060C
YOR344C	YKR057W
YOR344C	YLL015W
YOR344C	YLR033W
YOR344C	YMR037C
YOR344C	YMR196W
YOR344C	YMR301C
YOR344C	YNL232W
YOR344C	YNL260C
YOR344C	YNR051C
YOR344C	YOL064C
YOR344C	YOR038C
YOR344C	YOR039W
YOR344C	YPL204W
YOR344C	YPL206C
YPL038W	YAL012W
YPL038W	YBL074C
YPL038W	YDR042C
YPL038W	YDR522C
YPL038W	YEL072W
YPL038W	YEL073C
YPL038W	YER091C
YPL038W	YER091CA
YPL038W	YER092W
YPL038W	YGL184C
YPL038W	YGL254W
YPL038W	YGL255W
YPL038W	YGR204W
YPL038W	YHR193C
YPL038W	YHR194W
YPL038W	YIR017C
YPL038W	YJL191W
YPL038W	YJL192C
YPL038W	YJL210W
YPL038W	YJL212C
YPL038W	YJR137C
YPL038W	YJR138W
YPL038W	YLL004W
YPL038W	YLL005C
YPL038W	YLL033W
YPL038W	YLL034C
YPL038W	YLR027C
YPL038W	YLR130C
YPL038W	YLR179C
YPL038W	YLR180W
YPL038W	YLR439W
YPL038W	YNL277W
YPL038W	YNL277WA
YPL038W	YOL121C
YPL038W	YPR167C
YPL038W	YPR168W
YPR196W	YER189W
YPR196W	YER190W
YPR196W	YNL337W
YPR199C	YAL062W
YPR199C	YCR039C
YPR199C	YCR040W
YPR199C	YCR041W
YPR199C	YCR096C
YPR199C	YCR107W
YPR199C	YDR210WD
YPR199C	YDR317W
YPR199C	YER007CA
YPR199C	YGR190C
YPR199C	YLR022C
YPR199C	YLR082C
YPR199C	YMR086CA
YPR199C	YMR087W
YPR199C	YMR257C
