Aebp2	Jarid2
Aebp2	Snai2
Aes	Ihh
Alx4	Fgf10
Ankrd1	Myl2
Ankrd1	Nppa
Apbb1	Lrp1
Apbb1	Notch1
Apc	Ctnnb1
Apc	Tcf4
Arid5b	Sox9
Arx	Kdm5c
Arx	Shh
Ascl1	Bub1
Ascl1	Dll3
Ascl1	Dll4
Ascl1	Hes5
Ascl1	Pdgfra
Ascl1	Rnd3
Ascl1	Tph2
Atf4	Bglap3
Atf4	Cdkn1a
Atf4	Cdkn1b
Atf4	Ddr2
Atf4	Fgf15
Atf4	Fgf2
Atf4	Hspa5
Atf4	Ihh
Atf4	Sphk2
Atf6	Hspa5
Atf6	Wbp1
Atoh1	Barhl1
Atoh1	Hes6
Barx2	Acta2
Barx2	L1cam
Barx2	Pax1
Bcl11a	Frzb
Bcl6b	Rbpj
Bmp4	Chst11
Bmp6	Mycn
Brca2	Cdkn1a
Cbfa2t3	Epb42
Cbx6	Ccne1
Cdx1	Ccl25
Cdx1	Cdx2
Cdx2	Ccl25
Cdx2	Cdh17
Cdx2	Cdx1
Cdx2	Cdx4
Cdx2	Heph
Cdx2	Kitl
Cdx2	Mgam
Cdx2	Nanog
Cdx2	Pou5f1
Cdx2	Shh
Cdx2	Xist
Cdx4	Hoxa9
Chd7	Gli3
Chd7	Jag1
Chd7	Mycn
Chd7	Sox4
Cnot7	Tob1
Cops5	Hand2
Ctnnb1	Atoh1
Ctnnb1	Axin2
Ctnnb1	Bglap
Ctnnb1	Bglap2
Ctnnb1	Birc5
Ctnnb1	Bmp4
Ctnnb1	Ccl7
Ctnnb1	Ccnd1
Ctnnb1	Ccne1
Ctnnb1	Cdh1
Ctnnb1	Cdx1
Ctnnb1	Cdx2
Ctnnb1	Cdx4
Ctnnb1	Cyp19a1
Ctnnb1	Ephb2
Ctnnb1	Fgf8
Ctnnb1	Fgfbp1
Ctnnb1	Vegfd
Ctnnb1	Foxa2
Ctnnb1	Foxj1
Ctnnb1	Gast
Ctnnb1	Gja1
Ctnnb1	Glul
Ctnnb1	Grem2
Ctnnb1	Ihh
Ctnnb1	Isl1
Ctnnb1	Lect2
Ctnnb1	Lef1
Ctnnb1	Met
Ctnnb1	Mitf
Ctnnb1	Mmp7
Ctnnb1	Mycn
Ctnnb1	Myf5
Ctnnb1	Nanog
Ctnnb1	Neurog1
Ctnnb1	Nr0b1
Ctnnb1	Otx2
Ctnnb1	Pdgfra
Ctnnb1	Pitx2
Ctnnb1	Rapsn
Ctnnb1	Runx2
Ctnnb1	Smc3
Ctnnb1	Tbx3
Ctnnb1	Tcf4
Ctnnb1	Twist1
Ctnnb1	Wisp1
Ctnnb1	Wnt1
Cux2	Cdkn1b
Dach1	Ccnd1
Dach1	Cdkn1b
Dach1	Klf4
Dach1	Lin28a
Dach1	Nanog
Dach1	Sox2
Dach2	Myog
Dlx1	Arx
Dlx2	Amelx
Dlx2	Arx
Dlx2	Dlx6
Dlx2	Foxj1
Dlx2	Nrp2
Dlx2	Pagr1a
Dlx3	Bglap
Dlx3	Dspp
Dlx3	Hsd3b6
Dlx3	Pgf
Dlx3	Runx2
Dlx5	Alpl
Dlx5	Dspp
Dlx5	Gbx2
Dlx5	Ibsp
Dlx5	Runx2
Dlx5	Sp7
Dlx5	Wnt5a
Dmbx1	Otx1
Dmbx1	Otx2
Dmrt1	Sox2
Dmrt2	Myf5
Dnajc2	Id1
Dnmt3a	Dpp6
Dnmt3a	Nanog
Dnmt3a	Pou5f1
Dnmt3a	Rb1
Dnmt3a	Vtn
Dnmt3b	Nanog
Dnmt3b	Pou5f1
Dnmt3b	Vtn
Dtx1	Smarcc1
Ehmt1	Ccnd1
Ehmt2	Ccnd1
Ehmt2	Cdkn1a
Ehmt2	Pou5f1
Ehmt2	Wnt10a
Elf4	Bglap
Elf4	Dlx5
Elf4	Mab21l1
Elf4	Msx2
Elp2	Pou5f1
Elp3	Pou5f1
Emx2	Alx1
Emx2	Pax6
Eomes	Mesp1
Eomes	Prf1
Eomes	Sox2
Epc1	Tagln
Esrrb	Nanog
Esrrb	Nr0b1
Esrrb	Usp17le
Esrrg	Mir127
Esrrg	Nr0b1
Esrrg	Yy1
Etv2	Lmo2
Etv2	Sox9
Etv2	Tek
Eya1	Atoh1
Ezh2	Bad
Ezh2	Ccna2
Ezh2	Dkk1
Ezh2	Hey2
Ezh2	Nanog
Ezh2	Neurog1
Ezh2	Unc5b
Foxa1	Afp
Foxa1	Cbx5
Foxa1	Gcg
Foxa1	Muc2
Foxa1	Pdx1
Foxa1	Scgb1a1
Foxa1	Sftpa1
Foxa1	Sftpb
Foxa1	Sftpc
Foxa1	Sftpd
Foxa2	Ascl1
Foxa2	Birc2
Foxa2	Cbx5
Foxa2	Ccl11
Foxa2	Cdc73
Foxa2	Cul2
Foxa2	Ferd3l
Foxa2	G6pc2
Foxa2	Gcg
Foxa2	Gli2
Foxa2	Hadh
Foxa2	Hcrt
Foxa2	Helt
Foxa2	Hhex
Foxa2	Hmgcs2
Foxa2	Il13
Foxa2	Il33
Foxa2	Lcn5
Foxa2	Lmx1a
Foxa2	Lmx1b
Foxa2	Map1b
Foxa2	Mchr1
Foxa2	Msx1
Foxa2	Muc2
Foxa2	Otx1
Foxa2	Otx2
Foxa2	Pdx1
Foxa2	Pgf
Foxa2	Reg3g
Foxa2	Sox17
Foxa2	Sox2
Foxa2	St18
Foxa2	Tbx1
Foxa2	Tle4
Foxa2	Vtn
Foxa2	Wnt7b
Foxa3	Cdx2
Foxc1	Cxcl12
Foxc1	Cxcr4
Foxc1	Dll4
Foxc1	Hey2
Foxc1	Msx2
Foxc1	Runx2
Foxc1	Snai1
Foxc1	Tbx1
Foxc2	Cxcr4
Foxc2	Dll4
Foxc2	Gja4
Foxc2	Hand1
Foxc2	Hey2
Foxc2	Tbx1
Foxj1	Amelx
Foxj1	Foxa1
Foxj3	Mef2c
Foxl1	Ccnd1
Foxl1	Wnt3a
Foxl1	Wnt7b
Foxm1	Axin2
Foxm1	Brip1
Foxm1	Cdh1
Foxm1	Lama4
Foxm1	Mycn
Foxm1	Nfkb2
Foxm1	Pou5f1
Foxm1	Prrc2a
Foxm1	Scgb1a1
Foxm1	Sftpb
Foxm1	Sftpc
Foxm1	Snai1
Foxm1	Snai2
Foxm1	Sox2
Foxn1	Dsg4
Foxn1	Notch1
Foxn4	Dll4
Foxp2	Scgb1a1
Foxp2	Sftpc
Foxp2	Nkx2-1
Foxq1	Cdh1
Foxq1	Mylk
Gata4	Adora1
Gata4	Ankrd1
Gata4	Bmp4
Gata4	Dmrt1
Gata4	Hexim1
Gata4	Hhex
Gata4	Hspa5
Gata4	Id2
Gata4	Ifi204
Gata4	Lhx9
Gata4	Lrrc10
Gata4	Mef2c
Gata4	Myog
Gata4	Nkx2-5
Gata4	Nppa
Gata4	Nppb
Gata4	Spdef
Gata6	Cdx2
Gata6	Mylk
Gata6	Nkx2-1
Gata6	Ppp1r14a
Gata6	Rbpjl
Gata6	Sftpa1
Gata6	Sftpc
Gata6	Shh
Gata6	Spdef
Gata6	Tnnc1
Gata6	Ttf1
Gata6	Wnt7b
Gbx2	Lhx9
Gbx2	Lmo3
Gbx2	Otx2
Gbx2	Robo1
Gbx2	Shh
Gli1	Cdh1
Gli1	Foxm1
Gli1	Has2
Gli1	Nhlh1
Gli1	Pdgfra
Gli1	Pvr
Gli1	Runx2
Gli2	Ascl1
Gli2	Fgf15
Gli2	Fkbp8
Gli2	Foxe1
Gli2	Gli1
Gli2	Hes1
Gli2	Ifitm5
Gli2	Myf5
Gli2	Ndp
Gli2	Pax3
Gli2	Ptch1
Gli2	Shh
Gli2	Sox8
Gli3	Fgf8
Gli3	Gli1
Gli3	Gli2
Gli3	Has2
Gli3	Myf5
Gli3	Nkx6-1
Gli3	Pitrm1
Gli3	Pvr
Gli3	Shh
Glis2	Ins2
Gtf2a2	Bglap
Gtf2i	Ccl7
Gtf2i	Ccnd1
Gtf2i	Cfdp1
Gtf2i	Csrp2
Gtf2i	Dlk1
Gtf2i	Folr1
Gtf2i	Hspa5
Gtf2i	Id1
Gtf2i	Nsd1
Gtf2i	Sec23a
Gtf2i	Tgfb2
Gtf2ird1	Ccl7
Gtf2ird1	Csrp2
Gtf2ird1	Dlk1
Gtf2ird1	Folr1
Gtf2ird1	Tgfb2
Hand2	Dlx5
Hand2	Dlx6
Hand2	Msx1
Hand2	Runx2
Hbp1	Myod1
Hbp1	Myog
Hcfc1	Rb1
Hdac4	Runx2
Hes1	Ascl1
Hes1	Cdkn1b
Hes1	Coro1a
Hes1	Htr1a
Hes1	Map2
Hes6	Hes1
Hes6	Htr1a
Hes7	Lfng
Hes7	Mesp2
Hexim1	Ccnd1
Hey1	Gata4
Hey1	Gata6
Hey1	Id1
Hey1	Nppa
Hey1	Olig2
Hey1	Runx2
Hey2	Gata4
Hey2	Gata6
Hey2	Mmp10
Hey2	Nppa
Heyl	Nppa
Hhex	Esm1
Hic1	Atoh1
Hivep2	Bglap2
Hmga2	Cdh1
Hmga2	Mia
Hmga2	Nkx2-5
Hmga2	Snai1
Hmga2	Snai2
Hmga2	Twist1
Hmgb2	Runx2
Hmgn3	Slc2a2
Hoxa11	Myod1
Hoxa2	Meox1
Hoxa2	Pcp4
Hoxa2	Runx2
Hoxa2	Six2
Hoxa9	Lmo2
Hoxa9	Sox4
Hoxb4	Cd34
Hoxb4	Ptprc
Hoxb4	Sox4
Hoxb8	Acta2
Hoxb8	Mylk
Hoxb8	Tagln
Hoxc13	Dsg4
Hoxc13	Foxq1
Hoxd13	Bmp4
Hoxd13	Runx2
Hr	Dlx3
Id1	Alpl
Id1	Bglap2
Id1	Cdkn1a
Id1	Myod1
Id1	Runx2
Id2	Alpl
Id2	Bglap2
Id2	Ccna2
Id2	Tcf3
Id2	Runx2
Id2	Tpt1
Id2	Zbtb16
Id3	Alpl
Id3	Bglap2
Id3	Notch1
Id3	Runx2
Id3	Smarcc1
Ifi204	Bglap2
Insm1	Lmx1b
Insm1	Pet1
Insm1	Tph2
Irx3	Gja1
Isl1	Arx
Isl1	Fgf10
Isl1	Mef2c
Isl1	Msx1
Isl1	Pbx1
Isl1	Pou4f2
Isl1	Tbx5
Jarid2	Ccnd1
Jarid2	Notch1
Jazf1	Mef2c
Jazf1	Myf6
Kat2b	Gata4
Kat2b	Mef2c
Kat2b	Myod1
Kat5	Col2a1
Kat5	Nppa
Kat5	Pax6
Kat5	Sox9
Kat5	Tpt1
Kdm6b	Eomes
Klf11	Ins2
Klf4	Agrp
Klf4	Bglap2
Klf4	Cdh1
Klf4	Dmp1
Klf4	Dspp
Klf4	Lefty1
Klf4	Muc5ac
Klf4	Nanog
Klf4	Rlim
Klf4	Slurp1
Klf4	Snai2
Klf4	Sprr2a1
Klf4	Tsix
Lbx1	Lmx1a
Lbx1	Pax3
Lbx1	Satb2
Ldb1	Arx
Ldb1	Epb42
Ldb1	Fgf10
Ldb1	Glp1r
Ldb1	Lhx6
Ldb1	Mafa
Ldb1	Nlrp2
Ldb1	Tcf3
Ldb2	Fgf10
Lef1	COX2
Lef1	Ccl7
Lef1	Cdh1
Lef1	Cdx4
Lef1	Col11a1
Lef1	Col2a1
Lef1	Ctnnb1
Lef1	Dkk1
Lef1	Dll1
Lef1	Dsg4
Lef1	Fgf18
Lef1	Foxj1
Lef1	Hes7
Lef1	Il13
Lef1	Mesp1
Lef1	Mmp7
Lef1	Msx2
Lef1	Neurog1
Lef1	Ovol1
Lef1	Pou5f1
Lef1	Runx2
Lef1	Tcf3
Lef1	Zbtb16
Lhx9	Rig1
Lmo2	Epb42
Lmo2	Gypa
Lmo7	Myf5
Lmo7	Myod1
Lmo7	Pax3
Lmx1b	Fgf8
Lmx1b	Nphs2
Lmx1b	Pax2
Lmx1b	Pet1
Lmx1b	Tph2
Lmx1b	Wnt1
Maf	Cryaa
Maf	Cryab
Maf	Gcg
Maf	Maf
Maf	Pdx1
Mafa	G6pc2
Mafa	Glp1r
Mafa	Ins2
Mafa	Nkx6-1
Mafa	Pcsk1
Mafa	Pdx1
Mafa	Slc2a2
Mef2c	Ampd1
Mef2c	Bglap
Mef2c	Bglap2
Mef2c	Calr
Mef2c	Capn2
Mef2c	Ckm
Mef2c	Des
Mef2c	Dlx5
Mef2c	Dlx6
Mef2c	Frzb
Mef2c	Hand2
Mef2c	Hdac4
Mef2c	Myh4
Mef2c	Myog
Mef2c	Myom1
Mef2c	Myom2
Mef2c	Myom3
Mef2c	Rgr
Mef2c	Runx2
Mef2c	Sfrp2
Mef2c	Sp7
Men1	Axin2
Men1	Ezh2
Men1	Gbx2
Men1	Gli1
Men1	Hoxa9
Men1	Mafa
Men1	Suv39h1
Men1	Yap1
Meox1	Nkx3-2
Meox1	Pax3
Meox1	Tbx18
Meox1	Uncx
Meox2	Myf5
Mitf	Best1
Mitf	Cdkn1a
Mitf	Clcn7
Mitf	Dct
Mitf	Dkk3
Mitf	Fgf15
Mitf	Gpr143
Mitf	Itga4
Mitf	Met
Mitf	Ostm1
Mitf	Pax4
Mitf	Pax6
Mitf	Pmel
Mitf	Sdc1
Mitf	Slc2a2
Mitf	Slc45a2
Mitf	Tbx2
Mitf	Trpm1
Mitf	Tyr
Mitf	Tyrp1
Mkl1	Id3
Mkl1	Srf
Mkl1	Tagln
Mkx	Myod1
Mkx	Scx
Mkx	Tgfb2
Msc	Gata4
Msc	Gjd3
Msx1	Atoh1
Msx1	Bmp4
Msx1	Fgf3
Msx1	Myocd
Msx1	Pax3
Msx1	Ptch1
Msx1	Shh
Msx1	Srf
Msx1	Stra8
Msx1	Tagln
Msx2	Alpl
Msx2	Atoh1
Msx2	Bglap
Msx2	Bglap2
Msx2	Dkk1
Msx2	Dlx2
Msx2	Dlx5
Msx2	Dspp
Msx2	Enpp1
Msx2	Ihh
Msx2	Lss
Msx2	Mepe
Msx2	Myocd
Msx2	Runx2
Msx2	Sp7
Msx2	Srf
Msx2	Tagln
Mtf2	Shh
Mycn	Igfbp2
Mycn	Igfbp6
Mycn	Otx2
Mycn	Smad4
Myef2	Myl2
Myf5	Ccnd3
Myf5	Cdkn1a
Myf5	Des
Myf5	Myf6
Myf5	Myh7b
Myf5	Myod1
Myf5	Myog
Myf5	Rb1
Myf5	Sp7
Myf6	Ampd1
Myf6	Ccnd3
Myf6	Cdkn1a
Myf6	Des
Myf6	Myog
Myf6	Rb1
Myf6	Reck
Myocd	Acta2
Myocd	Mylk
Myocd	Tagln
Myocd	Tgfb1i1
Myod1	Acacb
Myod1	Acta2
Myod1	Actc1
Myod1	Atp6v1e1
Myod1	Atp9a
Myod1	Atxn3
Myod1	Barx2
Myod1	Bmp5
Myod1	Ccnd1
Myod1	Ccnd3
Myod1	Cdc6
Myod1	Cdh15
Myod1	Cdkn1a
Myod1	Cdo1
Myod1	Cdon
Myod1	Ckm
Myod1	Dcx
Myod1	Des
Myod1	Ifi204
Myod1	Inpp5k
Myod1	Itga7
Myod1	Maf
Myod1	Myf6
Myod1	Myf5
Myod1	Myh7b
Myod1	Myl1
Myod1	Myl2
Myod1	Myl6
Myod1	Myog
Myod1	Rb1
Myod1	Reck
Myod1	Sdc1
Myod1	Selenow
Myod1	Sgca
Myod1	Sgcg
Myod1	Smarca4
Myod1	Smtnl1
Myod1	Snai2
Myod1	Sp7
Myod1	Zbtb18
Myog	Art1
Myog	Barx2
Myog	Ccnd3
Myog	Cdkn1a
Myog	Des
Myog	Itga7
Myog	Myef2
Myog	Myf6
Myog	Myh7b
Myog	Myl1
Myog	Myod1
Myog	Pax7
Myog	Rb1
Nanog	Bglap2
Nanog	Cdx2
Nanog	Dkk1
Nanog	Eras
Nanog	Esrrb
Nanog	Gata6
Nanog	Idh1
Nanog	Lin28a
Nanog	Mir290a
Nanog	Mir295
Nanog	Mir302a
Nanog	Nr0b1
Nanog	Snai1
Nanog	Tcf3
Nanog	Xist
Nanog	Zfp42
Nanog	Zfp57
Nanog	Zfp819
Ncoa1	Cdkn1a
Ncoa1	Gata4
Ncoa1	Mef2c
Ncoa1	Psat1
Ncoa1	Twist1
Ncoa1	Usp17le
Ncoa3	Klf4
Ncoa3	Nanog
Ncoa3	Nr0b1
Ncoa3	Tbx3
Neurod1	Atoh1
Neurod1	G6pc2
Neurod1	Ins2
Neurod1	Insm2
Neurod1	Nnat
Neurod1	Pax6
Neurod1	Pdx1
Neurod1	Rnd2
Neurod1	Sct
Neurod1	St18
Neurog1	Atoh1
Neurog1	Dll3
Neurog2	Dll3
Neurog2	Eomes
Neurog2	Epha5
Neurog2	Neurod1
Neurog2	Rnd2
Neurog2	Sema3c
Neurog3	Atoh8
Neurog3	Vsx2
Neurog3	Insm1
Neurog3	Insm2
Neurog3	Neurod1
Neurog3	Pax4
Nfib	Col2a1
Nfic	Col1a1
Nfic	Dspp
Nfic	Klf4
Nfic	Pdgfra
Nfix	Ckm
Nfkb2	Ccnd1
Nfkb2	Dmp1
Nfkb2	Hes1
Nfkb2	Relb
Nfkb2	Snd1
Nkx2-1	Foxj1
Nkx2-1	Hcrtr2
Nkx2-1	Prdm13
Nkx2-1	Scgb1a1
Nkx2-1	Sftpb
Nkx2-1	Sftpc
Nkx2-1	Shh
Nkx2-1	Sox17
Nkx2-1	Wnt7b
Nkx2-2	Arx
Nkx2-2	Neurod1
Nkx2-2	Pdgfra
Nkx2-2	Pdx1
Nkx2-2	Pet1
Nkx2-5	Adora1
Nkx2-5	Calr
Nkx2-5	Csl
Nkx2-5	Etv2
Nkx2-5	Fgf10
Nkx2-5	Gjc1
Nkx2-5	Hand1
Nkx2-5	Hexim1
Nkx2-5	Id2
Nkx2-5	Ifi204
Nkx2-5	Jarid2
Nkx2-5	Lrrc10
Nkx2-5	Mef2c
Nkx2-5	Mov10l1
Nkx2-5	Msx2
Nkx2-5	Mycn
Nkx2-5	Myl2
Nkx2-5	Myocd
Nkx2-5	Nppa
Nkx2-5	Nppb
Nkx2-5	Pitx2
Nkx2-5	Tbx5
Nkx2-5	Tll1
Nkx2-5	Tlx2
Nkx3-1	Acta2
Nkx3-1	Actg2
Nkx3-2	Pax3
Nkx3-2	Runx2
Nkx6-1	Mafa
Nono	Col2a1
Nono	Mia
Notch1	Ccnd1
Notch1	Ccne1
Notch1	Cdkn1a
Notch1	Ctnnb1
Notch1	Dll4
Notch1	Dtx1
Notch1	Efnb2
Notch1	Hes5
Notch1	Hey1
Notch1	Hey2
Notch1	Nrarp
Notch1	Pax7
Notch1	Rbpj
Notch1	Runx2
Notch1	Scgb3a2
Notch1	Smarcc1
Notch1	Sox9
Notch1	Sp7
Notch1	Tcf3
Notch2	Gzmb
Notch2	Hes1
Notch2	Notch3
Notch2	Tcf3
Notch3	Hes5
Notch3	Nrarp
Notch3	Ptcra
Notch4	Dlk1
Notch4	Hes1
Notch4	Hey1
Nr0b1	Cyp19a1
Nr0b1	Esrrg
Nr0b1	Pou5f1
Nr0b1	Rlf
Nr1d2	Gja1
Nr2e1	Atn1
Nr2f1	Calr
Nr2f1	Fabp7
Nr2f1	Pou5f1
Nr2f1	Rnd2
Nr5a2	Ccnd1
Nr5a2	Ccne1
Nr5a2	Cyp19a1
Nr5a2	Kiss1
Nr5a2	Kras
Nr5a2	Nanog
Nr5a2	Nr0b1
Nr5a2	Pou5f1
Nr5a2	Ptf1a
Nr5a2	Slc10a2
Nr5a2	Slc51a
Nr5a2	Slc51b
Nupr1	Ccna2
Nupr1	Gcg
Nupr1	Paxip1
Nupr1	Tcf19
Olig2	Pdgfra
Olig2	Sox10
Onecut1	Foxa2
Onecut1	Foxf1
Onecut1	Mafa
Onecut1	Neurog3
Onecut1	Onecut3
Onecut1	Pdx1
Onecut1	Slc2a2
Otx2	Fgf15
Otx2	Nkx2-2
Otx2	Tyr
Otx2	Tyrp1
Ovol1	Ovol2
Pax1	Nkx3-2
Pax1	Pdgfra
Pax2	Ccnd1
Pax2	Emx2
Pax2	Eya1
Pax2	Gbx2
Pax2	Gcg
Pax2	Neurog2
Pax2	Pax6
Pax2	Pou3f3
Pax2	Ret
Pax2	Robo3
Pax2	Sfrp2
Pax3	Dct
Pax3	Dmrt2
Pax3	Hes1
Pax3	Itm2a
Pax3	Lbx2
Pax3	Lef1
Pax3	Met
Pax3	Mitf
Pax3	Msx2
Pax3	Myf5
Pax3	Myod1
Pax3	Neurog2
Pax3	Pou3f2
Pax3	Spry1
Pax3	St8sia2
Pax3	Tgfb2
Pax3	Tyrp1
Pax3	Wnt1
Pax4	Ins2
Pax4	Mnx1
Pax4	Pax6
Pax4	Pdx1
Pax6	Atoh7
Pax6	Bcl9
Pax6	Bcl9l
Pax6	Cdk6
Pax6	Cdkn1b
Pax6	Cryaa
Pax6	Cryab
Pax6	Dkk3
Pax6	Fgf15
Pax6	G6pc2
Pax6	Gcg
Pax6	Hoxd4
Pax6	Mab21l2
Pax6	Maf
Pax6	Mafa
Pax6	Met
Pax6	Neurog1
Pax6	Neurog2
Pax6	Nr2e1
Pax6	Odf2
Pax6	Pax2
Pax6	Pcsk1
Pax6	Pcsk2
Pax6	Pdx1
Pax6	Plagl1
Pax6	Rlbp1
Pax6	Sfrp2
Pax6	Shh
Pax6	Shroom3
Pax6	Six3
Pax6	Sost
Pax6	Sox2
Pax6	Sp8
Pax6	Tcf4
Pax6	Tgfb2
Pax6	Trim11
Pax6	Vsx2
Pax6	Wnt7b
Pax7	Id3
Pax7	Myf5
Pax7	Myod1
Pax7	Nfix
Pax7	Pax3
Pax9	Bmp4
Pbx1	Alx1
Pbx1	Cdh1
Pbx1	Dcc
Pbx1	Fgf10
Pbx1	Myog
Pbx1	Pax3
Pbx1	Pax6
Pbx1	Pbx1
Pdx1	Fam3b
Pdx1	Gcg
Pdx1	Ins2
Pdx1	Neurog3
Pdx1	Nr5a2
Pdx1	Pax4
Pdx1	Slc2a2
Pdx1	St18
Pdx1	Tshz1
Peg3	Zim1
Phf2	Sox9
Pias1	Nkx2-2
Pitx2	Amelx
Pitx2	Bmp4
Pitx2	Depdc1b
Pitx2	Dlx2
Pitx2	Foxj1
Pitx2	Gad1
Pitx2	Gata4
Pitx2	Isl1
Pitx2	Lef1
Pitx2	Mef2c
Pitx2	Mga
Pitx2	Myf5
Pitx2	Myod1
Pitx2	Plod1
Pitx2	Tbx1
Pitx2	Tbx15
Pitx2	Tbx2
Pitx2	Tbx4
Pitx2	Tbx5
Pitx2	Tbx6
Pitx2	Tpt1
Pnn	Cdx2
Pou3f2	Nes
Pou3f2	Otx2
Pou3f2	Pax3
Pou3f3	Otx2
Pou3f4	Epha4
Pou3f4	Otx2
Pou4f2	Eomes
Pou5f1	Cdkn1a
Pou5f1	Cdx2
Pou5f1	Fgf4
Pou5f1	Fgf8
Pou5f1	Gata6
Pou5f1	Hst1
Pou5f1	Kif2a
Pou5f1	Lefty1
Pou5f1	Mesp1
Pou5f1	Mir302a
Pou5f1	Myod1
Pou5f1	Nanog
Pou5f1	Nr0b1
Pou5f1	Pax2
Pou5f1	Pou5f1
Pou5f1	Rif1
Pou5f1	Sema6a
Pou5f1	Sox2
Pou5f1	Stk40
Pou5f1	Tet2
Pou5f1	Tpt1
Pou5f1	Utf1
Pou5f1	Xist
Pou5f1	Zfp42
Pou5f1	Zfp819
Prdm13	Ascl1
Prdm13	Tlx1
Prdm13	Tlx3
Prdm16	Rbl1
Prdm5	Col1a1
Prox1	Calcrl
Prox1	Ccne1
Prox1	Crygd
Prox1	Flt4
Prox1	Nkx2-5
Prox1	Notch1
Prox1	Olig2
Prox1	Rgs4
Prox1	Twist1
Ptf1a	Atoh7
Ptf1a	Neurog2
Ptf1a	Nr5a2
Ptf1a	Prdm13
Pthlh	Ccnd1
Pygo2	Pax6
Rax	Otx2
Rb1	Bglap2
Rb1	Birc5
Rb1	Tdgf1
Rb1	Ccnd1
Rb1	Cdkn1a
Rb1	H2-Ea-ps
Rb1	Robo3
Rbl1	Alpl
Rbl1	Fgf2
Rbl1	Hes1
Rbl1	Mycn
Rbpj	Ascl1
Rbpj	Birc5
Rbpj	Cdh2
Rbpj	Cdkn1a
Rbpj	Hes1
Rbpj	Hoxd1
Rbpj	Lfng
Rbpj	Olig2
Rbpj	Plcg2
Rbpj	Rlim
Rbpj	Sox9
Rbpj	Tyrobp
Relb	Birc2
Relb	Ccnd1
Relb	Hes1
Rnf2	Fezf2
Rnf2	Hoxb4
Rnf2	Hoxb6
Rnf2	Hoxb8
Rnf2	Sox2
Rnf2	Zfp42
Runx2	Alpl
Runx2	Asrgl1
Runx2	Atf6
Runx2	Axin2
Runx2	Bglap
Runx2	Bglap2
Runx2	COX2
Runx2	Col1a1
Runx2	Col2a1
Runx2	Crebzf
Runx2	Cyp19a1
Runx2	Ddx5
Runx2	Dkk1
Runx2	Dspp
Runx2	Elanee
Runx2	Enpp1
Runx2	Fgr18
Runx2	Fgf18
Runx2	Fgf3
Runx2	Gdf10
Runx2	Gja3
Runx2	Hbegf
Runx2	Hes1
Runx2	Ibsp
Runx2	Ifi204
Runx2	Ihh
Runx2	Lef1
Runx2	Lgals3
Runx2	Mcm3
Runx2	Olfr17
Runx2	Osr1
Runx2	Panx3
Runx2	Shox2
Runx2	Smad6
Runx2	Sox5
Runx2	Sox6
Runx2	Sox9
Runx2	Sp7
Runx2	Tg
Runx2	Zfp64
Sall1	Kif26b
Sall4	Hoxa9
Sall4	Pou5f1
Sall4	Sall4
Satb2	Upf3b
Scx	Col2a1
Sertad1	Tfdp1
Shh	Gli1
Shox2	Bmp4
Shox2	Hcn4
Shox2	Nkx2-5
Sim2	Myod1
Sim2	Otp
Sirt5	Hmgcs2
Six1	Atoh1
Six1	Ccna2
Six1	Ccnd1
Six1	Mtor
Six1	Myf5
Six1	Myod1
Six1	Myog
Six1	Neurod1
Six1	Neurog1
Six1	Pax2
Six1	Sall1
Six1	Six2
Six2	Fgf8
Six2	Gdnf
Six2	Osr1
Six2	Zeb2
Six3	Crygd
Six3	Pax6
Six3	Shh
Six3	Wnt1
Six3	Wnt8b
Six6	Cdkn1b
Skil	Adam12
Skil	Afp
Skil	Tpt1
Smad1	Cdkn1a
Smad1	Col1a1
Smad1	Col2a1
Smad1	Col4a1
Smad1	Col4a2
Smad1	Creld2
Smad1	Dsg4
Smad1	Hey1
Smad1	Hhex
Smad1	Id2
Smad1	Id3
Smad1	Ifi204
Smad1	Msx2
Smad1	Nkx2-5
Smad1	Ovol2
Smad1	Runx2
Smad1	Smad6
Smad1	Tbx20
Smad1	Tlx2
Smad1	Tnfrsf11b
Smad4	Afp
Smad4	Cdh1
Smad4	Cdkn1a
Smad4	Cldn3
Smad4	Col2a1
Smad4	Dsg4
Smad4	Gast
Smad4	Hhex
Smad4	Id2
Smad4	Id3
Smad4	Ifi204
Smad4	Mmp7
Smad4	Muc5ac
Smad4	Nkx2-1
Smad4	Nkx2-5
Smad4	Ocln
Smad4	Skil
Smad4	Snai1
Smad4	Sstr2
Smad4	Tlx2
Smad5	Col2a1
Smad5	Creld2
Smad5	Dsg4
Smad5	Id2
Smad5	Id3
Smad5	Ifi204
Smad5	Ovol2
Smad5	Smad6
Smad5	Nr2e1
Smad6	Cdk6
Smad6	Id1
Smarca2	Calm1
Smarca2	Ccna2
Smarca2	Cd44
Smarca2	Cdh1
Smarca2	Tmem50a
Smarca4	Adamts1
Smarca4	Calm1
Smarca4	Cd44
Smarca4	Cdh1
Smarca4	Cdkn1a
Smarca4	Epb42
Smarca4	Mitf
Smarca4	Myog
Smarca4	Nanog
Smarca4	Pou5f1
Smarca4	Sall4
Smarca4	Sftpb
Smarca4	Sox2
Smarca4	Tbx5
Smarcc1	Nanog
Smarcc1	Psat1
Smarce1	Nanog
Smyd1	Hand2
Snai1	Cdh1
Snai1	Cdx2
Snai1	Cldn3
Snai1	Col2a1
Snai1	Ctnnb1
Snai1	Id1
Snai1	Itgb4
Snai1	Kit
Snai1	Lin28a
Snai1	Llgl2
Snai1	Mir290a
Snai1	Mir295
Snai1	Nanog
Snai1	Nr5a2
Snai1	Ocln
Snai1	Runx2
Snai1	Snai1
Snai1	Tcl1
Snai1	Tfcp2l1
Snai1	Tjp1
Snai1	Mmp15
Snai2	Cdh1
Snai2	Cdx2
Snai2	Col2a1
Snai2	Ctnnb1
Snai2	Dsg2
Snai2	Lpar2
Snai2	Ocln
Snai2	Tjp1
Sox10	Aatk
Sox10	Dct
Sox10	Dhh
Sox10	Hes5
Sox10	L1cam
Sox10	Mitf
Sox10	Olig2
Sox10	Ret
Sox10	Sufu
Sox10	Tyr
Sox17	Macc1
Sox17	Ccnd1
Sox17	Cer1
Sox17	Ctnnb1
Sox17	Foxa2
Sox17	Foxj1
Sox17	Lama1
Sox17	Lef1
Sox17	Nepn
Sox17	Sftpc
Sox18	Prox1
Sox2	Atoh1
Sox2	Birc5
Sox2	Ccnd1
Sox2	Cdkn1b
Sox2	Fgf4
Sox2	Gli3
Sox2	Jag1
Sox2	Lef1
Sox2	Lefty1
Sox2	Ly6a
Sox2	Mir302a
Sox2	Mycn
Sox2	Nanog
Sox2	Neurod1
Sox2	Neurog1
Sox2	Nkx2-1
Sox2	Nr2e1
Sox2	Pou5f1
Sox2	Sema6a
Sox2	Shh
Sox2	Six3
Sox2	Sox2
Sox2	Utf1
Sox2	Xist
Sox2	Zscan10
Sox2	Zfp819
Sox21	Hes5
Sox4	Cald1
Sox4	Ctnnb1
Sox4	Ezh2
Sox4	Mecom
Sox4	Tcf4
Sox5	Catsper1
Sox5	Ifi204
Sox5	Nfkbib
Sox5	Pthlh
Sox5	Sox10
Sox5	Spag6
Sox6	Ccnd1
Sox6	Fgf3
Sox6	Pthlh
Sox7	Fgf3
Sox7	Lama1
Sox7	Sox4
Sox8	Col1a1
Sox8	Sox10
Sox8	Sox9
Sox9	Best1
Sox9	Catsper1
Sox9	Cdh1
Sox9	Cdkn1a
Sox9	Col2a1
Sox9	Ctgf
Sox9	Ctnnb1
Sox9	Etv2
Sox9	Furin
Sox9	Lxn
Sox9	Matn1
Sox9	Mia
Sox9	Neurog3
Sox9	Nkx3-2
Sox9	Pax3
Sox9	Pdx1
Sox9	Pik3ca
Sox9	Pthlh
Sox9	Ret
Sox9	Sgca
Sox9	Sox10
Sox9	Vnn1
Sox9	Wwp2
Sp5	Cdkn1a
Sp7	Bglap
Sp7	Bglap2
Sp7	Col5a1
Sp7	Col5a3
Sp7	Ctnnb1
Sp7	Dkk1
Sp7	Dmp1
Sp7	Dspp
Sp7	Gja3
Sp7	Ibsp
Sp7	Ifitm5
Sp7	Mir93
Sp7	Sp7
Sp7	Satb2
Sp7	Sost
Sp8	Fgf10
Sp8	Fgf8
Sp8	Nr2f1
Sp9	Fgf8
Spdef	Birc5
Spdef	Cdkn1a
Spdef	Foxj1
Spdef	Scgb1a1
Spdef	Sftpc
Spdef	Sox17
Spen	Col2a1
Srf	Acta2
Srf	Actg2
Srf	Aqp2
Srf	Barx2
Srf	Ckm
Srf	Ctgf
Srf	Hmgxb4
Srf	Kcnmb1
Srf	Myh11
Srf	Mylk
Srf	Myod1
Srf	Nppa
Srf	Tagln
Srf	Tgfb1i1
Srrt	Sox2
Sry	Sox9
Sufu	Gli2
Sufu	Gli3
Suz12	Cdh1
Suz12	Dkk1
Suz12	Mir200b
Taf4b	Zbtb16
Taf4b	Ret
Taf4b	Stra8
Tal1	Ccnd1
Tal1	Epb42
Tal1	Kit
Tal1	Myog
Tal1	Smad6
Tal1	Tcf3
Tax1bp3	Myod1
Tbx1	C1qbp
Tbx1	Fgf10
Tbx1	Fgf8
Tbx1	Flt4
Tbx1	Mef2c
Tbx1	Pitx2
Tbx1	Ripply3
Tbx1	Ywhae
Tbx18	Snai2
Tbx2	Cdkn1a
Tbx2	Cdkn1b
Tbx2	Gja1
Tbx2	Gja3
Tbx2	Grem1
Tbx2	Mycn
Tbx2	Nppa
Tbx2	Tyrp1
Tbx20	Mef2c
Tbx20	Nkx2-5
Tbx20	Nppa
Tbx20	Tbx2
Tbx3	Bglap
Tbx3	Cdkn1a
Tbx3	Gja1
Tbx3	Gja5
Tbx3	Ibsp
Tbx3	Nppa
Tbx3	Onecut1
Tbx3	Runx2
Tbx3	Sp7
Tbx4	Shox2
Tbx5	Atp2a2
Tbx5	Fgf10
Tbx5	Id2
Tbx5	Ifi204
Tbx5	Nppa
Tbx6	Dll1
Tbx6	Hes7
Tbx6	Mesp2
Tbx6	Myf5
Tcf12	Acta2
Tcf12	Cldn4
Tcf12	Id2
Tcf12	Myog
Tcf12	Ptcra
Tcf12	Smarcc1
Tcf12	Tcra
Tcf19	Ccne1
Tcf3	Acta2
Tcf3	Atxn3
Tcf3	Ccl21a
Tcf3	Ccl21b
Tcf3	Ccl21c
Tcf3	Ccnd3
Tcf3	Cd19
Tcf3	Cd5
Tcf3	Cdh1
Tcf3	Cdkn1a
Tcf3	Ckm
Tcf3	Cldn4
Tcf3	Col2a1
Tcf3	Epb42
Tcf3	Esrrb
Tcf3	Id1
Tcf3	Insm1
Tcf3	Kit
Tcf3	Lef1
Tcf3	Mir302a
Tcf3	Myl2
Tcf3	Nanog
Tcf3	Neurog1
Tcf3	Notch1
Tcf3	Nr5a2
Tcf3	Ptcra
Tcf3	Smarcc1
Tcf3	Tcl1
Tcf3	Tcra
Tcf3	Tpt1
Tcf3	Ube2i
Tcf3	Ung
Tcf4	Notum
Tcf4	Acta2
Tcf4	Cd44
Tcf4	Cdh1
Tcf4	Cdx2
Tcf4	Cops5
Tcf4	Fgf18
Tcf4	Id2
Tcf4	Id3
Tcf4	Mitf
Tcf4	Smc3
Tcf4	Sstr2
Tcf7l2	Cd44
Tcf7l2	Cdx1
Tcf7l2	Myod1
Tfap2c	Cdk6
Tfap2c	Cdkn1a
Tfap2c	Dmrt1
Tfap2c	Dnmt3b
Tfap2c	Dnmt3l
Tfap2c	Fgf4
Tfap2c	Hsd3b6
Tfap2c	Kit
Tfap2c	Klf4
Tfap2c	Nanos3
Tfap2c	Sfrp1
Tfdp1	Ccnd1
Tfdp1	Cdkn1a
Tfdp1	Tcf3
Tgfb1i1	Rgcc
Tgfb1i1	Tpt1
Tle2	Arx
Tle2	Hes1
Tle2	Nkx2-2
Tle2	Nkx6-1
Tle3	Nanog
Tle3	Nkx2-2
Tlx3	Prrxl1
Tlx3	Ret
Tob1	Ccnd1
Trps1	Bglap
Trps1	Dspp
Trps1	Runx2
Trrap	Mitf
Tshz3	Myog
Ttf1	Sftpc
Ttf2	Tg
Twist1	Brd4
Twist1	Cdh1
Twist1	Cdkn1a
Twist1	Ckm
Twist1	Col2a1
Twist1	Dkk1
Twist1	Fgf10
Twist1	Fgf2
Twist1	Fgfr2
Twist1	Hoxa9
Twist1	Il12rb2
Twist1	Mme
Twist1	Pdgfra
Twist1	Postn
Twist1	Shh
Twist1	Sox10
Twist1	Sox9
Twist1	Tbx20
Twist1	Tek
Twist1	Zyx
Twist2	Add1
Twist2	Cdkn1a
Twist2	Ckm
Twist2	Dkk1
Twist2	Msx1
Utf1	Tcf3
Vax2	Pax6
Vsx2	Mitf
Vsx2	Nes
Vsx2	Vsx1
Wnt1	Ccnd1
Wnt1	Ccnd3
Wnt1	Cdkn1b
Wnt1	Coro1a
Wnt5a	Ptx3
Wnt5a	Ret
Yy1	Amelx
Yy1	Cdh1
Yy1	Col1a1
Yy1	Cpox
Yy1	Egf
Yy1	H2-Ea-ps
Yy1	Hspa5
Yy1	Lama1
Yy1	Msx2
Yy1	Nkx2-5
Yy1	Otx2
Yy1	Pax2
Yy1	Peg3
Yy1	Rb1
Yy1	Rgs16
Yy1	Tcf4
Yy1	Top3a
Yy1	Trf
Zbtb16	Cdkn1a
Zbtb16	Ddit4
Zbtb20	Sox9
Zbtb33	Ctnnb1
Zbtb33	Mmp7
Zbtb33	Rapsn
Zbtb33	Wnt11
Zbtb33	Zfp131
Zbtb38	Myog
Zeb2	Cdh1
Zeb2	Ocln
Zfp281	Nanog
Zfp42	Tsix
Zfp423	Smad1
Zfp423	Smad4
Zfp64	Hes1
Zfp64	Hey1
Zfpm2	Gata4
Zfpm2	Lhx9
Zfpm2	Sox9
Zic1	Abhd14a
Zic1	Atoh1
Zic2	Afp
Zic2	Epha4
Zic2	Myf5
Zic2	Robo3
Zic2	Slc6a4
Zic3	Nanog
Zscan10	Nanog
Zscan10	Pou5f1
